ASIN,Title,Price_INR,MRP_INR,Rating,Total_Reviews,Seller,Product_URL
B017NHYGWU,Kiwi Paste Shoe Polish - Black 15g,54,360,4.1,0,RK World InfoCom Private Limited,https://www.amazon.in/sspa/click?ie=UTF8&spc=MTo4MjQwNzAzNTM3OTMyNzQ3OjE3ODUzNDYzMzQ6c3BfbXRmOjMwMTIxMDU4NzI2ODYzMjo6MDo6&url=%2FKiwi-Paste-15-g-Black%2Fdp%2FB017NHYGWU%2Fref%3Dsr_1_1_sspa%3Fkeywords%3DRKWI%26qid%3D1785346334%26sr%3D8-1-spons%26aref%3DlBSkRWKEPx%26sp_csd%3Dd2lkZ2V0TmFtZT1zcF9tdGY%26psc%3D1&aref=lBSkRWKEPx&sp_cr=ZAZ
B0D4226W5P,HighSpark 925 Silver Stylish Love Knot Heart Pendant Necklace For Women | 92.5 Sterling Silver & Stunning Shine | Lovely Gift,2789,7550,4.0,0,RK World InfoCom Private Limited,https://www.amazon.in/sspa/click?ie=UTF8&spc=MTo4MjQwNzAzNTM3OTMyNzQ3OjE3ODUzNDYzMzQ6c3BfbXRmOjMwMDkzNTc1Nzg2MjczMjo6MDo6&url=%2FHighSpark-Solitaire-Necklace-Brilliance-Sparkling%2Fdp%2FB0D4226W5P%2Fref%3Dsr_1_2_sspa%3Fkeywords%3DRKWI%26qid%3D1785346334%26sr%3D8-2-spons%26aref%3DCmlU45X1mV%26sp_csd%3Dd2lkZ2V0TmFtZT1zcF9tdGY%26psc%3D1&aref=CmlU45X1mV&sp_cr=ZAZ
B0H8DL8YDL,Premium Ribbed Ceramic Jar Soy Wax Candle with Lid | 45-50 Hours Burn Time | Wooden Wick Scented Aromatherapy Candle | Smokeless Home Décor Gift Candle (Lavender),325,999,,0,RK World InfoCom Private Limited,https://www.amazon.in/sspa/click?ie=UTF8&spc=MTo4MjQwNzAzNTM3OTMyNzQ3OjE3ODUzNDYzMzQ6c3BfbXRmOjMwMTIwNDgwNDI5OTAzMjo6MDo6&url=%2FCeramic-Jar-Aromatherapy-Smokeless-Lavender%2Fdp%2FB0H8DL8YDL%2Fref%3Dsr_1_3_sspa%3Fkeywords%3DRKWI%26qid%3D1785346334%26sr%3D8-3-spons%26aref%3DU6Mb9hO4Iu%26sp_csd%3Dd2lkZ2V0TmFtZT1zcF9tdGY%26psc%3D1&aref=U6Mb9hO4Iu&sp_cr=ZAZ
B097GWV2Y2,HighSpark 925 Silver Solitaire Heart Pendant with Chain For Women | 92.5 Sterling Silver & Diamond like Brilliance Sparkling Zirconia for that Stunning Shine | Lovely Gift,1997,5787,4.1,0,RK World InfoCom Private Limited,https://www.amazon.in/sspa/click?ie=UTF8&spc=MTo4MjQwNzAzNTM3OTMyNzQ3OjE3ODUzNDYzMzQ6c3BfbXRmOjMwMTA4MjIxNDI5OTMzMjo6MDo6&url=%2FHighSpark-Solitaire-Necklace-Brilliance-Swarovski%2Fdp%2FB097GWV2Y2%2Fref%3Dsr_1_4_sspa%3Fkeywords%3DRKWI%26qid%3D1785346334%26sr%3D8-4-spons%26aref%3DwcHuqSRSNm%26sp_csd%3Dd2lkZ2V0TmFtZT1zcF9tdGY%26psc%3D1&aref=wcHuqSRSNm&sp_cr=ZAZ
B0BFHWCZ5X,HighSpark Deer Heart Pendant Chain Necklace | 92.5 Sterling Silver & Diamond like Brilliance Sparkling Zirconia for that Stunning Shine | Lovely Gift,1999,3497,3.9,0,RK World InfoCom Private Limited,https://www.amazon.in/sspa/click?ie=UTF8&spc=MTo4MjQwNzAzNTM3OTMyNzQ3OjE3ODUzNDYzMzQ6c3BfbXRmOjMwMTA4MjExNjQ4MTQzMjo6MDo6&url=%2FHighSpark-Necklace-Sterling-Brilliance-Sparkling%2Fdp%2FB0BFHWCZ5X%2Fref%3Dsr_1_5_sspa%3Fkeywords%3DRKWI%26qid%3D1785346334%26sr%3D8-5-spons%26aref%3DWYwARBgyc6%26sp_csd%3Dd2lkZ2V0TmFtZT1zcF9tdGY%26psc%3D1&aref=WYwARBgyc6&sp_cr=ZAZ
B0CCPNHMC8,R/w Testes Siccati 3X (20g),247,1235,4.3,0,RK World InfoCom Private Limited,https://www.amazon.in/sspa/click?ie=UTF8&spc=MTo4MjQwNzAzNTM3OTMyNzQ3OjE3ODUzNDYzMzQ6c3BfbXRmOjMwMDAyOTQxODU1MDMzMjo6MDo6&url=%2FDr-Reckeweg-Testes-Siccati-20g%2Fdp%2FB0CCPNHMC8%2Fref%3Dsr_1_6_sspa%3Fkeywords%3DRKWI%26qid%3D1785346334%26sr%3D8-6-spons%26aref%3Dvp9gNLcYsQ%26sp_csd%3Dd2lkZ2V0TmFtZT1zcF9tdGY%26psc%3D1&aref=vp9gNLcYsQ&sp_cr=ZAZ
B0F3XWM9K1,Peora Silver Plated Red Crystal Studded Heart Shape Rose Style Pendant Chain Necklace Fashion Jewellery Gift for Women Girls,391,1995,5.0,0,RK World InfoCom Private Limited,https://www.amazon.in/sspa/click?ie=UTF8&spc=MTo3Mjk0ODEzMjUzODUzNzY5OjE3ODUzNDYzNTE6c3BfYXRmX25leHQ6MzAxMTc3OTE4NDE3NTMyOjowOjo&url=%2FPeora-Crystal-Studded-Necklace-Jewellery%2Fdp%2FB0F3XWM9K1%2Fref%3Dsr_1_67_sspa%3Fkeywords%3DRKWI%26qid%3D1785346351%26sr%3D8-67-spons%26aref%3Dd44LdMh3hP%26sp_csd%3Dd2lkZ2V0TmFtZT1zcF9hdGZfbmV4dA%26psc%3D1&aref=d44LdMh3hP&sp_cr=ZAZ
B07RR3B9F7,Peora Traditional Crystal Necklace & Jewellery Set Gift for Women,499,2345,4.2,0,RK World InfoCom Private Limited,https://www.amazon.in/sspa/click?ie=UTF8&spc=MTo3NjYxOTk1ODkzMzg2MjQ5OjE3ODUzNDYzNzc6c3BfYXRmX25leHQ6MzAxMTY4NzQ1NjMyNDMyOjowOjo&url=%2FPeora-Traditional-Jewellery-Crystal-Necklace%2Fdp%2FB07RR3B9F7%2Fref%3Dsr_1_163_sspa%3Fkeywords%3DRKWI%26qid%3D1785346377%26sr%3D8-163-spons%26aref%3DvEildZZZve%26sp_csd%3Dd2lkZ2V0TmFtZT1zcF9hdGZfbmV4dA%26psc%3D1&aref=vEildZZZve&sp_cr=ZAZ
B0DTKMRK8V,"Safety Nitrile Coated, Anti-Cut Gloves for Industrial, Mechanical, Agricultural, Gardening and Multi-puropse Uses… (Pack of 5 Pairs, Orange (Double-Coated))",379,37.90,3.6,0,RK World InfoCom Private Limited,https://www.amazon.in/sspa/click?ie=UTF8&spc=MTo1Mzc0MDM1NDQ1NTMyMjMzOjE3ODUzNDY0MjA6c3BfYXRmOjMwMDgzMjExMTIxMDEzMjo6MDo6&url=%2FRK-TRENDS-Agricultural-Multi-puropse-Double-Coated%2Fdp%2FB0DTKMRK8V%2Fref%3Dsr_1_1_sspa%3Fdib%3DeyJ2IjoiMSJ9.zHAZuoM7Kr4uP3CV3j1bF-n1h1OCLrDakBP6eGO7u-2EId088rp2Z_hHpyZUz4Ll3AlnDzbQ_5379v4kPUnTC4FgiSpPm7uXCbUw2U2wZB2ZGzugT22_wNMHJJ6EVfHFEcDFt8Gr5LhubI7gqUGN4Ybsz9HeMFRd4FNToIwjBiirhuUps1x2qWX0CIJICLyu.ktk0le19Iew2RL5ngEGhK3SPjtUl9-bV6ko6eqCZN74%26dib_tag%3Dse%26keywords%3DRK%2BWorld%2BInfoCom%26qid%3D1785346420%26sr%3D8-1-spons%26aref%3DjTDOPHwc7B%26sp_csd%3Dd2lkZ2V0TmFtZT1zcF9hdGY%26psc%3D1&aref=jTDOPHwc7B&sp_cr=ZAZ
B0BQN2RMJF,"GOBOULT Z40 True Wireless in Ear Earbuds with 60H Playtime, Zen™ ENC Mic, Low Latency Gaming, Type-C Fast Charging, Made in India, 10mm Rich Bass Drivers, IPX5, Ear Buds TWS (Blue)",1099,4999,3.9,0,RK World InfoCom Private Limited,https://www.amazon.in/sspa/click?ie=UTF8&spc=MTo1Mzc0MDM1NDQ1NTMyMjMzOjE3ODUzNDY0MjA6c3BfYXRmOjMwMDE1OTU5MTAzNDgzMjo6MDo6&url=%2FBoult-Audio-Wireless-Playtime-Bluetooth%2Fdp%2FB0BQN2RMJF%2Fref%3Dsr_1_2_sspa%3Fdib%3DeyJ2IjoiMSJ9.zHAZuoM7Kr4uP3CV3j1bF-n1h1OCLrDakBP6eGO7u-2EId088rp2Z_hHpyZUz4Ll3AlnDzbQ_5379v4kPUnTC4FgiSpPm7uXCbUw2U2wZB2ZGzugT22_wNMHJJ6EVfHFEcDFt8Gr5LhubI7gqUGN4Ybsz9HeMFRd4FNToIwjBiirhuUps1x2qWX0CIJICLyu.ktk0le19Iew2RL5ngEGhK3SPjtUl9-bV6ko6eqCZN74%26dib_tag%3Dse%26keywords%3DRK%2BWorld%2BInfoCom%26qid%3D1785346420%26sr%3D8-2-spons%26aref%3DeNBPzJfd7W%26sp_csd%3Dd2lkZ2V0TmFtZT1zcF9hdGY%26psc%3D1&aref=eNBPzJfd7W&sp_cr=ZAZ
B0G1KR24NV,"Rotating Floor Mop with Microfiber Refill, Easy Grip Handle, Blue and White, Multi-Surface Magic Cleaning Stick",220,499,,220220499499499,RK World InfoCom Private Limited,https://www.amazon.in/Rotating-Microfiber-Refill-Multi-Surface-Cleaning/dp/B0G1KR24NV/ref=sr_1_3?dib=eyJ2IjoiMSJ9.zHAZuoM7Kr4uP3CV3j1bF-n1h1OCLrDakBP6eGO7u-2EId088rp2Z_hHpyZUz4Ll3AlnDzbQ_5379v4kPUnTC4FgiSpPm7uXCbUw2U2wZB2ZGzugT22_wNMHJJ6EVfHFEcDFt8Gr5LhubI7gqUGN4Ybsz9HeMFRd4FNToIwjBiirhuUps1x2qWX0CIJICLyu.ktk0le19Iew2RL5ngEGhK3SPjtUl9-bV6ko6eqCZN74&dib_tag=se&keywords=RK+World+InfoCom&qid=1785346420&sr=8-3
B0H51GPPYS,Sink Water Splash Guard Silicone Anti Splash Baffle Waterproof Kitchen Faucet Splash Protector for Home Kitchen Bathroom Countertop Protection,160,600,,160160600600600,RK World InfoCom Private Limited,https://www.amazon.in/Silicone-Waterproof-Protector-Countertop-Protection/dp/B0H51GPPYS/ref=sr_1_4?dib=eyJ2IjoiMSJ9.zHAZuoM7Kr4uP3CV3j1bF-n1h1OCLrDakBP6eGO7u-2EId088rp2Z_hHpyZUz4Ll3AlnDzbQ_5379v4kPUnTC4FgiSpPm7uXCbUw2U2wZB2ZGzugT22_wNMHJJ6EVfHFEcDFt8Gr5LhubI7gqUGN4Ybsz9HeMFRd4FNToIwjBiirhuUps1x2qWX0CIJICLyu.ktk0le19Iew2RL5ngEGhK3SPjtUl9-bV6ko6eqCZN74&dib_tag=se&keywords=RK+World+InfoCom&qid=1785346420&sr=8-4
B0H51F7S9J,"Silicone Sink Side Splash Guard, Water Splash Protector Baffle for Kitchen Countertop and Bathroom Basin, 48 cm, Green",170,500,,170170500500500,RK World InfoCom Private Limited,https://www.amazon.in/Silicone-Protector-Kitchen-Countertop-Bathroom/dp/B0H51F7S9J/ref=sr_1_5?dib=eyJ2IjoiMSJ9.zHAZuoM7Kr4uP3CV3j1bF-n1h1OCLrDakBP6eGO7u-2EId088rp2Z_hHpyZUz4Ll3AlnDzbQ_5379v4kPUnTC4FgiSpPm7uXCbUw2U2wZB2ZGzugT22_wNMHJJ6EVfHFEcDFt8Gr5LhubI7gqUGN4Ybsz9HeMFRd4FNToIwjBiirhuUps1x2qWX0CIJICLyu.ktk0le19Iew2RL5ngEGhK3SPjtUl9-bV6ko6eqCZN74&dib_tag=se&keywords=RK+World+InfoCom&qid=1785346420&sr=8-5
B0H51KHNJN,Kitchen Sink Splash Protector Silicone Anti Splash Guard Water Barrier for Faucet Area Countertop Protection Easy Cleaning Design,199,600,,199199600600600,RK World InfoCom Private Limited,https://www.amazon.in/Protector-Silicone-Countertop-Protection-Cleaning/dp/B0H51KHNJN/ref=sr_1_6?dib=eyJ2IjoiMSJ9.zHAZuoM7Kr4uP3CV3j1bF-n1h1OCLrDakBP6eGO7u-2EId088rp2Z_hHpyZUz4Ll3AlnDzbQ_5379v4kPUnTC4FgiSpPm7uXCbUw2U2wZB2ZGzugT22_wNMHJJ6EVfHFEcDFt8Gr5LhubI7gqUGN4Ybsz9HeMFRd4FNToIwjBiirhuUps1x2qWX0CIJICLyu.ktk0le19Iew2RL5ngEGhK3SPjtUl9-bV6ko6eqCZN74&dib_tag=se&keywords=RK+World+InfoCom&qid=1785346420&sr=8-6
B0G1KM5W5N,"Spin Mop Universal Replacement Rod, Blue and White, Telescopic Handle with Lock System, Compatible with Standard Mop Heads",220,440,,220220440440440,RK World InfoCom Private Limited,https://www.amazon.in/Universal-Replacement-Telescopic-Compatible-Standard/dp/B0G1KM5W5N/ref=sr_1_7?dib=eyJ2IjoiMSJ9.zHAZuoM7Kr4uP3CV3j1bF-n1h1OCLrDakBP6eGO7u-2EId088rp2Z_hHpyZUz4Ll3AlnDzbQ_5379v4kPUnTC4FgiSpPm7uXCbUw2U2wZB2ZGzugT22_wNMHJJ6EVfHFEcDFt8Gr5LhubI7gqUGN4Ybsz9HeMFRd4FNToIwjBiirhuUps1x2qWX0CIJICLyu.ktk0le19Iew2RL5ngEGhK3SPjtUl9-bV6ko6eqCZN74&dib_tag=se&keywords=RK+World+InfoCom&qid=1785346420&sr=8-7
B0D9TWX7SL,Set of 1 Red & Golden Om Symbol and Lord Ganesha Designer Religious Rakhi with Roli Chawal Pack and Happy Rakhi,146,199,,146146199199199,RK World InfoCom Private Limited,https://www.amazon.in/Golden-Symbol-Ganesha-Designer-Religious/dp/B0D9TWX7SL/ref=sr_1_8?dib=eyJ2IjoiMSJ9.zHAZuoM7Kr4uP3CV3j1bF-n1h1OCLrDakBP6eGO7u-2EId088rp2Z_hHpyZUz4Ll3AlnDzbQ_5379v4kPUnTC4FgiSpPm7uXCbUw2U2wZB2ZGzugT22_wNMHJJ6EVfHFEcDFt8Gr5LhubI7gqUGN4Ybsz9HeMFRd4FNToIwjBiirhuUps1x2qWX0CIJICLyu.ktk0le19Iew2RL5ngEGhK3SPjtUl9-bV6ko6eqCZN74&dib_tag=se&keywords=RK+World+InfoCom&qid=1785346420&sr=8-8
B0H51HMLL9,Kitchen Sink Water Splash Guard Silicone Anti Splash Baffle Waterproof Faucet Splash Protector for Kitchen Counter Wash Basin Bathroom Sink Easy Installation Durable Design,150,15000,,1501501500015000100600600600,RK World InfoCom Private Limited,https://www.amazon.in/Silicone-Waterproof-Protector-Bathroom-Installation/dp/B0H51HMLL9/ref=sr_1_9?dib=eyJ2IjoiMSJ9.zHAZuoM7Kr4uP3CV3j1bF-n1h1OCLrDakBP6eGO7u-2EId088rp2Z_hHpyZUz4Ll3AlnDzbQ_5379v4kPUnTC4FgiSpPm7uXCbUw2U2wZB2ZGzugT22_wNMHJJ6EVfHFEcDFt8Gr5LhubI7gqUGN4Ybsz9HeMFRd4FNToIwjBiirhuUps1x2qWX0CIJICLyu.ktk0le19Iew2RL5ngEGhK3SPjtUl9-bV6ko6eqCZN74&dib_tag=se&keywords=RK+World+InfoCom&qid=1785346420&sr=8-9
B0G1KT6T6S,"Kharata Plastic Floor Cleaning Broom, Pink, Hard Bristle Jhadu for Home and Bathroom Cleaning",150,299,,150150299299299,RK World InfoCom Private Limited,https://www.amazon.in/Kharata-Plastic-Cleaning-Bristle-Bathroom/dp/B0G1KT6T6S/ref=sr_1_10?dib=eyJ2IjoiMSJ9.zHAZuoM7Kr4uP3CV3j1bF-n1h1OCLrDakBP6eGO7u-2EId088rp2Z_hHpyZUz4Ll3AlnDzbQ_5379v4kPUnTC4FgiSpPm7uXCbUw2U2wZB2ZGzugT22_wNMHJJ6EVfHFEcDFt8Gr5LhubI7gqUGN4Ybsz9HeMFRd4FNToIwjBiirhuUps1x2qWX0CIJICLyu.ktk0le19Iew2RL5ngEGhK3SPjtUl9-bV6ko6eqCZN74&dib_tag=se&keywords=RK+World+InfoCom&qid=1785346420&sr=8-10
B0H51D3TPW,Silicone Splash Guard for Kitchen Sink Faucet Water Splash Protector Anti Splash Baffle Waterproof Barrier for Countertop and Wash Basin,160,600,,160160600600600,RK World InfoCom Private Limited,https://www.amazon.in/Silicone-Kitchen-Protector-Waterproof-Countertop/dp/B0H51D3TPW/ref=sr_1_11?dib=eyJ2IjoiMSJ9.zHAZuoM7Kr4uP3CV3j1bF-n1h1OCLrDakBP6eGO7u-2EId088rp2Z_hHpyZUz4Ll3AlnDzbQ_5379v4kPUnTC4FgiSpPm7uXCbUw2U2wZB2ZGzugT22_wNMHJJ6EVfHFEcDFt8Gr5LhubI7gqUGN4Ybsz9HeMFRd4FNToIwjBiirhuUps1x2qWX0CIJICLyu.ktk0le19Iew2RL5ngEGhK3SPjtUl9-bV6ko6eqCZN74&dib_tag=se&keywords=RK+World+InfoCom&qid=1785346420&sr=8-11
B0G1KNSVDM,"Microfiber Twist Mop with Squeeze Handle for Floor Cleaning, Durable Dust Cleaner for Hardwood and Tile, Blue and White",220,399,3.0,2,RK World InfoCom Private Limited,https://www.amazon.in/Microfiber-Squeeze-Cleaning-Durable-Hardwood/dp/B0G1KNSVDM/ref=sr_1_12?dib=eyJ2IjoiMSJ9.zHAZuoM7Kr4uP3CV3j1bF-n1h1OCLrDakBP6eGO7u-2EId088rp2Z_hHpyZUz4Ll3AlnDzbQ_5379v4kPUnTC4FgiSpPm7uXCbUw2U2wZB2ZGzugT22_wNMHJJ6EVfHFEcDFt8Gr5LhubI7gqUGN4Ybsz9HeMFRd4FNToIwjBiirhuUps1x2qWX0CIJICLyu.ktk0le19Iew2RL5ngEGhK3SPjtUl9-bV6ko6eqCZN74&dib_tag=se&keywords=RK+World+InfoCom&qid=1785346420&sr=8-12
B0H51PZNZJ,Silicone Sink Splash Guard in Kitchen Sink Water Splash Guard with Strong Suction Cups Waterproof Countertop & Stove Protector Flexible Anti Splash Baffle for Kitchen & Bathroom,199,699,,199199699699699,RK World InfoCom Private Limited,https://www.amazon.in/Silicone-Waterproof-Countertop-Protector-Flexible/dp/B0H51PZNZJ/ref=sr_1_13?dib=eyJ2IjoiMSJ9.zHAZuoM7Kr4uP3CV3j1bF-n1h1OCLrDakBP6eGO7u-2EId088rp2Z_hHpyZUz4Ll3AlnDzbQ_5379v4kPUnTC4FgiSpPm7uXCbUw2U2wZB2ZGzugT22_wNMHJJ6EVfHFEcDFt8Gr5LhubI7gqUGN4Ybsz9HeMFRd4FNToIwjBiirhuUps1x2qWX0CIJICLyu.ktk0le19Iew2RL5ngEGhK3SPjtUl9-bV6ko6eqCZN74&dib_tag=se&keywords=RK+World+InfoCom&qid=1785346420&sr=8-13
B0H51718XD,Silicone Water Splash Guard for Kitchen Sink Anti Splash Baffle Waterproof Faucet Protector for Home Kitchen Counter and Bathroom,155,15500,,1551551550015500100499499499,RK World InfoCom Private Limited,https://www.amazon.in/Silicone-Kitchen-Waterproof-Protector-Bathroom/dp/B0H51718XD/ref=sr_1_14?dib=eyJ2IjoiMSJ9.zHAZuoM7Kr4uP3CV3j1bF-n1h1OCLrDakBP6eGO7u-2EId088rp2Z_hHpyZUz4Ll3AlnDzbQ_5379v4kPUnTC4FgiSpPm7uXCbUw2U2wZB2ZGzugT22_wNMHJJ6EVfHFEcDFt8Gr5LhubI7gqUGN4Ybsz9HeMFRd4FNToIwjBiirhuUps1x2qWX0CIJICLyu.ktk0le19Iew2RL5ngEGhK3SPjtUl9-bV6ko6eqCZN74&dib_tag=se&keywords=RK+World+InfoCom&qid=1785346420&sr=8-14
B0CHFP47WB,"Nylon Safety Gloves 12 Pairs-Heavy-Duty For Construction, Mechanics, Gardening, Plumbing&Automotive Work-Durable&Comfortable",399,16.63,3.8,0,RK World InfoCom Private Limited,https://www.amazon.in/sspa/click?ie=UTF8&spc=MTo3NjI2MTAwNzcwMzY0NDYyOjE3ODUzNDY0MjU6c3BfYXRmX25leHQ6MzAwNDY1NDY2NzgzMDMyOjowOjo&url=%2FTRENDS-Pairs-Heavy-Duty-Construction-Work-Durable-Comfortable%2Fdp%2FB0CHFP47WB%2Fref%3Dsr_1_19_sspa%3Fkeywords%3DRK%2BWorld%2BInfoCom%26qid%3D1785346425%26sr%3D8-19-spons%26aref%3DdLIzhnN1RS%26sp_csd%3Dd2lkZ2V0TmFtZT1zcF9hdGZfbmV4dA%26psc%3D1&aref=dLIzhnN1RS&sp_cr=ZAZ
B0DQ8Z4WTK,"Nylon Heavy Duty Coated Work Gloves For Industrial | Gardening | Agricultural |Cleaning. (Black (PU Coated), Pack of 5 Pairs)",313,499,3.2,0,RK World InfoCom Private Limited,https://www.amazon.in/sspa/click?ie=UTF8&spc=MTo3NjI2MTAwNzcwMzY0NDYyOjE3ODUzNDY0MjU6c3BfbXRmOjMwMDQ2NTQ2Njc4MzYzMjo6MDo6&url=%2FRK-TRENDS-Coated-Gloves-Agricultural%2Fdp%2FB0DQ8Z4WTK%2Fref%3Dsr_1_20_sspa%3Fkeywords%3DRK%2BWorld%2BInfoCom%26qid%3D1785346425%26sr%3D8-20-spons%26aref%3DnJL7bTHT8d%26sp_csd%3Dd2lkZ2V0TmFtZT1zcF9tdGY%26psc%3D1&aref=nJL7bTHT8d&sp_cr=ZAZ
B0DQTW5TKF,"RK ROYAL KLUDGE RK M3 Wireless Gaming Mouse, 47g Lightweight Computer Mouse with PAW3950 Optical Sensor, 8K Polling 42000 DPI, Triple Modes PC Game Mice with 5 Programmable Buttons for Win/Mac, Black | 42,000 DPI, 5 Programmable Buttons, Bluetooth/2.4G/Wired, 200h Battery, PAW 3950 Dual 8Khz Polling Sentor for PC/WIN/Mac",6699,,4.3,0,RK World InfoCom Private Limited,https://www.amazon.in/sspa/click?ie=UTF8&spc=MTo3NjI2MTAwNzcwMzY0NDYyOjE3ODUzNDY0MjU6c3BfbXRmOjMwMTAyMjg1MzY0NDEzMjo6MDo6&url=%2FRK-ROYAL-KLUDGE-M3-Wireless%2Fdp%2FB0DQTW5TKF%2Fref%3Dsr_1_21_sspa%3Fkeywords%3DRK%2BWorld%2BInfoCom%26qid%3D1785346425%26sr%3D8-21-spons%26aref%3DBW0pmjLdzn%26sp_csd%3Dd2lkZ2V0TmFtZT1zcF9tdGY%26psc%3D1&aref=BW0pmjLdzn&sp_cr=ZAZ
B0G3GZQFRC,"RK ROYAL KLUDGE R75 Wireless Mechanical Keyboard, 75% Percent Custom Gaming Keyboard Gasket Mount RGB Backlit with Knob & PBT Keycaps, BT5.1/2.4GHz/USB-C, Hot Swappable Cream Switch",7899,10500,5.0,0,RK World InfoCom Private Limited,https://www.amazon.in/sspa/click?ie=UTF8&spc=MTo4MTc3MzM4NTEyNTg5NjY0OjE3ODUzNDY0NTU6c3BfYXRmX25leHQ6MzAxMDIyODMxNTU0MTMyOjowOjo&url=%2FRK-ROYAL-KLUDGE-Mechanical-Swappable%2Fdp%2FB0G3GZQFRC%2Fref%3Dsr_1_114_sspa%3Fkeywords%3DRK%2BWorld%2BInfoCom%26qid%3D1785346455%26sr%3D8-114-spons%26aref%3DlFghZYFFlx%26sp_csd%3Dd2lkZ2V0TmFtZT1zcF9hdGZfbmV4dA%26psc%3D1&aref=lFghZYFFlx&sp_cr=ZAZ
B0D4F7TC4T,"RK Trends Heavy Duty Work Gloves, Nitrile Coated, Multipurpose,White/Grey (Grey-White, Pack of 30 Pairs)",808,13.47,4.0,0,RK World InfoCom Private Limited,https://www.amazon.in/sspa/click?ie=UTF8&spc=MTo0Nzc2NjEzNzA3OTk0OTIwOjE3ODUzNDY0ODc6c3BfYXRmX25leHQ6MzAwNDY1NDc1ODAzMTMyOjowOjo&url=%2FTrends-Gloves-Nitrile-Multipurpose-Grey-White%2Fdp%2FB0D4F7TC4T%2Fref%3Dsr_1_227_sspa%3Fkeywords%3DRK%2BWorld%2BInfoCom%26qid%3D1785346487%26sr%3D8-227-spons%26aref%3DFUpajON3mG%26sp_csd%3Dd2lkZ2V0TmFtZT1zcF9hdGZfbmV4dA%26psc%3D1&aref=FUpajON3mG&sp_cr=ZAZ
B0CKBZ3127,"Pack of 48 Pairs, Grey-White Nitrile Coated Safety Hand Gloves for Industrial, Gardening & Mechanical Work | Anti-Slip, Oil Resistant, Breathable | Reusable Work Gloves for Men & Women",1390,14.48,3.8,0,RK World InfoCom Private Limited,https://www.amazon.in/sspa/click?ie=UTF8&spc=MTo1ODU2NzU5MjUxNTk0MTY0OjE3ODUzNDY0OTE6c3BfYXRmX25leHQ6MzAwNDY1NDc1ODAzODMyOjowOjo&url=%2FRK-TRENDS-Safety-Gloves-Industrial%2Fdp%2FB0CKBZ3127%2Fref%3Dsr_1_243_sspa%3Fkeywords%3DRK%2BWorld%2BInfoCom%26qid%3D1785346491%26sr%3D8-243-spons%26aref%3D0TmLfjlXhM%26sp_csd%3Dd2lkZ2V0TmFtZT1zcF9hdGZfbmV4dA%26psc%3D1&aref=0TmLfjlXhM&sp_cr=ZAZ
B0DSFWYQZW,CEZO,6499,8999,4.3,0,RK World InfoCom Private Limited,https://www.amazon.in/sspa/click?ie=UTF8&spc=MTo0OTcxNDEzODQ0MTI4NTc0OjE3ODUzNDY1MTE6c3BfYXRmOjMwMDQ2MjMxNTE5OTMzMjo6MDo6&url=%2FCEZO-Professional-Microphone-X3-Podcasting%2Fdp%2FB0DSFWYQZW%2Fref%3Dsr_1_1_sspa%3Fdib%3DeyJ2IjoiMSJ9.SnXbEeniMJ32Jkq-bZqHCxmfv3wT8oHhq90Cx9NovsRFfe4Vfa9LG3fdEkB-gPPsx8WmXfkxrxKvR-fgoJjbF8Tf2iFd5Td4Sz3Gs6yToerOnc51IGcIqC-fT0thvo4sOhK6-L4vPOv7uO02EnF3ESeEeWpO8ns_yhkPyAMUsosarjzPz9XasY4t3Huop8aR72pA17zaX-g7w25Br_VG6r4_SIUnsR8_aHUeJ0ze83w.5gmGE44U9ZfKsYWpfDqRvwNp7G4YOXwGzwsqt5OQSYg%26dib_tag%3Dse%26keywords%3DRKWI%2Belectronics%26qid%3D1785346511%26sr%3D8-1-spons%26aref%3DliRWdOpsEg%26sp_csd%3Dd2lkZ2V0TmFtZT1zcF9hdGY%26psc%3D1&aref=liRWdOpsEg&sp_cr=ZAZ
B0FPFP49QR,Basic Electrical And Electronics Engineering,,,,0,RK World InfoCom Private Limited,https://www.amazon.in/Basic-Electrical-And-Electronics-Engineering/dp/B0FPFP49QR/ref=sr_1_2?dib=eyJ2IjoiMSJ9.SnXbEeniMJ32Jkq-bZqHCxmfv3wT8oHhq90Cx9NovsRFfe4Vfa9LG3fdEkB-gPPsx8WmXfkxrxKvR-fgoJjbF8Tf2iFd5Td4Sz3Gs6yToerOnc51IGcIqC-fT0thvo4sOhK6-L4vPOv7uO02EnF3ESeEeWpO8ns_yhkPyAMUsosarjzPz9XasY4t3Huop8aR72pA17zaX-g7w25Br_VG6r4_SIUnsR8_aHUeJ0ze83w.5gmGE44U9ZfKsYWpfDqRvwNp7G4YOXwGzwsqt5OQSYg&dib_tag=se&keywords=RKWI+electronics&qid=1785346511&sr=8-2
8184247761,Electronics Simplified: A Practical Approach,220,275,1.0,1,RK World InfoCom Private Limited,https://www.amazon.in/Electronics-Simplified-Abhishek-Hardik-Nagrecha/dp/8184247761/ref=sr_1_3?dib=eyJ2IjoiMSJ9.SnXbEeniMJ32Jkq-bZqHCxmfv3wT8oHhq90Cx9NovsRFfe4Vfa9LG3fdEkB-gPPsx8WmXfkxrxKvR-fgoJjbF8Tf2iFd5Td4Sz3Gs6yToerOnc51IGcIqC-fT0thvo4sOhK6-L4vPOv7uO02EnF3ESeEeWpO8ns_yhkPyAMUsosarjzPz9XasY4t3Huop8aR72pA17zaX-g7w25Br_VG6r4_SIUnsR8_aHUeJ0ze83w.5gmGE44U9ZfKsYWpfDqRvwNp7G4YOXwGzwsqt5OQSYg&dib_tag=se&keywords=RKWI+electronics&qid=1785346511&sr=8-3
B09WNDYKQ6,Basic Electrical and Electronics Engineering for Anna University R21 CBCS (SEM II/CSE/IT/Mech. - BE3251),495,,4.7,0,RK World InfoCom Private Limited,https://www.amazon.in/Basic-Electrical-Electronics-Engineering-University-ebook/dp/B09WNDYKQ6/ref=sr_1_4?dib=eyJ2IjoiMSJ9.SnXbEeniMJ32Jkq-bZqHCxmfv3wT8oHhq90Cx9NovsRFfe4Vfa9LG3fdEkB-gPPsx8WmXfkxrxKvR-fgoJjbF8Tf2iFd5Td4Sz3Gs6yToerOnc51IGcIqC-fT0thvo4sOhK6-L4vPOv7uO02EnF3ESeEeWpO8ns_yhkPyAMUsosarjzPz9XasY4t3Huop8aR72pA17zaX-g7w25Br_VG6r4_SIUnsR8_aHUeJ0ze83w.5gmGE44U9ZfKsYWpfDqRvwNp7G4YOXwGzwsqt5OQSYg&dib_tag=se&keywords=RKWI+electronics&qid=1785346511&sr=8-4
B07QDS2DR5,"Basic Electrical, Electronics & Instrumentation Engg. for Anna University R17 CBCS (II-MECH -BE8253)",247,,4.0,0,RK World InfoCom Private Limited,https://www.amazon.in/Basic-Electrical-Electronics-Instrumentation-Engg-ebook/dp/B07QDS2DR5/ref=sr_1_5?dib=eyJ2IjoiMSJ9.SnXbEeniMJ32Jkq-bZqHCxmfv3wT8oHhq90Cx9NovsRFfe4Vfa9LG3fdEkB-gPPsx8WmXfkxrxKvR-fgoJjbF8Tf2iFd5Td4Sz3Gs6yToerOnc51IGcIqC-fT0thvo4sOhK6-L4vPOv7uO02EnF3ESeEeWpO8ns_yhkPyAMUsosarjzPz9XasY4t3Huop8aR72pA17zaX-g7w25Br_VG6r4_SIUnsR8_aHUeJ0ze83w.5gmGE44U9ZfKsYWpfDqRvwNp7G4YOXwGzwsqt5OQSYg&dib_tag=se&keywords=RKWI+electronics&qid=1785346511&sr=8-5
B07QJ5FCJJ,Electronic Circuits II for Anna University R17 CBCS (IV- ECE -EC8452) [eBook],394,,4.3,0,RK World InfoCom Private Limited,https://www.amazon.in/Electronic-Circuits-II-P-Godse-ebook/dp/B07QJ5FCJJ/ref=sr_1_6?dib=eyJ2IjoiMSJ9.SnXbEeniMJ32Jkq-bZqHCxmfv3wT8oHhq90Cx9NovsRFfe4Vfa9LG3fdEkB-gPPsx8WmXfkxrxKvR-fgoJjbF8Tf2iFd5Td4Sz3Gs6yToerOnc51IGcIqC-fT0thvo4sOhK6-L4vPOv7uO02EnF3ESeEeWpO8ns_yhkPyAMUsosarjzPz9XasY4t3Huop8aR72pA17zaX-g7w25Br_VG6r4_SIUnsR8_aHUeJ0ze83w.5gmGE44U9ZfKsYWpfDqRvwNp7G4YOXwGzwsqt5OQSYg&dib_tag=se&keywords=RKWI+electronics&qid=1785346511&sr=8-6
B0GP1VCB8B,"Analog Electronics for GATE 2026–27: Complete Theory, Circuits, and Quick Revision Guide for ECE: Complete Theory, Circuits, and Quick Revision Guide for ECE",349,,,0,RK World InfoCom Private Limited,https://www.amazon.in/Analog-Electronics-GATE-2026-27-Complete-ebook/dp/B0GP1VCB8B/ref=sr_1_7?dib=eyJ2IjoiMSJ9.SnXbEeniMJ32Jkq-bZqHCxmfv3wT8oHhq90Cx9NovsRFfe4Vfa9LG3fdEkB-gPPsx8WmXfkxrxKvR-fgoJjbF8Tf2iFd5Td4Sz3Gs6yToerOnc51IGcIqC-fT0thvo4sOhK6-L4vPOv7uO02EnF3ESeEeWpO8ns_yhkPyAMUsosarjzPz9XasY4t3Huop8aR72pA17zaX-g7w25Br_VG6r4_SIUnsR8_aHUeJ0ze83w.5gmGE44U9ZfKsYWpfDqRvwNp7G4YOXwGzwsqt5OQSYg&dib_tag=se&keywords=RKWI+electronics&qid=1785346511&sr=8-7
B08B1RMV1D,POWER ELECTRONICS (Subject Code : ECE 504),117,,3.0,0,RK World InfoCom Private Limited,https://www.amazon.in/POWER-ELECTRONICS-Subject-Code-ECE-ebook/dp/B08B1RMV1D/ref=sr_1_8?dib=eyJ2IjoiMSJ9.SnXbEeniMJ32Jkq-bZqHCxmfv3wT8oHhq90Cx9NovsRFfe4Vfa9LG3fdEkB-gPPsx8WmXfkxrxKvR-fgoJjbF8Tf2iFd5Td4Sz3Gs6yToerOnc51IGcIqC-fT0thvo4sOhK6-L4vPOv7uO02EnF3ESeEeWpO8ns_yhkPyAMUsosarjzPz9XasY4t3Huop8aR72pA17zaX-g7w25Br_VG6r4_SIUnsR8_aHUeJ0ze83w.5gmGE44U9ZfKsYWpfDqRvwNp7G4YOXwGzwsqt5OQSYg&dib_tag=se&keywords=RKWI+electronics&qid=1785346511&sr=8-8
B087X835HR,Basic Electronics,0,,5.0,0,RK World InfoCom Private Limited,https://www.amazon.in/Basic-Electronics-Er-Swapnil-Kaware-ebook/dp/B087X835HR/ref=sr_1_9?dib=eyJ2IjoiMSJ9.SnXbEeniMJ32Jkq-bZqHCxmfv3wT8oHhq90Cx9NovsRFfe4Vfa9LG3fdEkB-gPPsx8WmXfkxrxKvR-fgoJjbF8Tf2iFd5Td4Sz3Gs6yToerOnc51IGcIqC-fT0thvo4sOhK6-L4vPOv7uO02EnF3ESeEeWpO8ns_yhkPyAMUsosarjzPz9XasY4t3Huop8aR72pA17zaX-g7w25Br_VG6r4_SIUnsR8_aHUeJ0ze83w.5gmGE44U9ZfKsYWpfDqRvwNp7G4YOXwGzwsqt5OQSYg&dib_tag=se&keywords=RKWI+electronics&qid=1785346511&sr=8-9
B00BG70R22,"Power Electronics: Devices, Circuits, And Industrial Applications",738,810,3.0,1,RK World InfoCom Private Limited,https://www.amazon.in/Power-Electronics-Circuits-Industrial-Applications/dp/B00BG70R22/ref=sr_1_10?dib=eyJ2IjoiMSJ9.SnXbEeniMJ32Jkq-bZqHCxmfv3wT8oHhq90Cx9NovsRFfe4Vfa9LG3fdEkB-gPPsx8WmXfkxrxKvR-fgoJjbF8Tf2iFd5Td4Sz3Gs6yToerOnc51IGcIqC-fT0thvo4sOhK6-L4vPOv7uO02EnF3ESeEeWpO8ns_yhkPyAMUsosarjzPz9XasY4t3Huop8aR72pA17zaX-g7w25Br_VG6r4_SIUnsR8_aHUeJ0ze83w.5gmGE44U9ZfKsYWpfDqRvwNp7G4YOXwGzwsqt5OQSYg&dib_tag=se&keywords=RKWI+electronics&qid=1785346511&sr=8-10
B0BGM4PP2D,"Power Electronics:Devices, Circuits and Industrial Applications",755,1100,4.0,9,RK World InfoCom Private Limited,https://www.amazon.in/Power-Electronics-Circuits-Industrial-Applications-ebook/dp/B0BGM4PP2D/ref=sr_1_11?dib=eyJ2IjoiMSJ9.SnXbEeniMJ32Jkq-bZqHCxmfv3wT8oHhq90Cx9NovsRFfe4Vfa9LG3fdEkB-gPPsx8WmXfkxrxKvR-fgoJjbF8Tf2iFd5Td4Sz3Gs6yToerOnc51IGcIqC-fT0thvo4sOhK6-L4vPOv7uO02EnF3ESeEeWpO8ns_yhkPyAMUsosarjzPz9XasY4t3Huop8aR72pA17zaX-g7w25Br_VG6r4_SIUnsR8_aHUeJ0ze83w.5gmGE44U9ZfKsYWpfDqRvwNp7G4YOXwGzwsqt5OQSYg&dib_tag=se&keywords=RKWI+electronics&qid=1785346511&sr=8-11
B07FSKY7SC,BASICS OF ANALOG ELECTRONICS: Analog-electronics for Nascent Junior Undergrads,0,,5.0,0,RK World InfoCom Private Limited,https://www.amazon.in/BASICS-ANALOG-ELECTRONICS-Analog-electronics-Undergrads-ebook/dp/B07FSKY7SC/ref=sr_1_12?dib=eyJ2IjoiMSJ9.SnXbEeniMJ32Jkq-bZqHCxmfv3wT8oHhq90Cx9NovsRFfe4Vfa9LG3fdEkB-gPPsx8WmXfkxrxKvR-fgoJjbF8Tf2iFd5Td4Sz3Gs6yToerOnc51IGcIqC-fT0thvo4sOhK6-L4vPOv7uO02EnF3ESeEeWpO8ns_yhkPyAMUsosarjzPz9XasY4t3Huop8aR72pA17zaX-g7w25Br_VG6r4_SIUnsR8_aHUeJ0ze83w.5gmGE44U9ZfKsYWpfDqRvwNp7G4YOXwGzwsqt5OQSYg&dib_tag=se&keywords=RKWI+electronics&qid=1785346511&sr=8-12
B0BDMCH3RD,Basic Electrical And Electronics Engineering: RGPV - 1st Year (Common),0,,,0,RK World InfoCom Private Limited,https://www.amazon.in/Basic-Electrical-Electronics-Engineering-Common-ebook/dp/B0BDMCH3RD/ref=sr_1_13?dib=eyJ2IjoiMSJ9.SnXbEeniMJ32Jkq-bZqHCxmfv3wT8oHhq90Cx9NovsRFfe4Vfa9LG3fdEkB-gPPsx8WmXfkxrxKvR-fgoJjbF8Tf2iFd5Td4Sz3Gs6yToerOnc51IGcIqC-fT0thvo4sOhK6-L4vPOv7uO02EnF3ESeEeWpO8ns_yhkPyAMUsosarjzPz9XasY4t3Huop8aR72pA17zaX-g7w25Br_VG6r4_SIUnsR8_aHUeJ0ze83w.5gmGE44U9ZfKsYWpfDqRvwNp7G4YOXwGzwsqt5OQSYg&dib_tag=se&keywords=RKWI+electronics&qid=1785346511&sr=8-13
B083KP99HW,Basic Electronics-1 (Hindi Edition),360,,,0,RK World InfoCom Private Limited,https://www.amazon.in/Basic-Electronics-1-Hindi-Anurag-Saxena-ebook/dp/B083KP99HW/ref=sr_1_14?dib=eyJ2IjoiMSJ9.SnXbEeniMJ32Jkq-bZqHCxmfv3wT8oHhq90Cx9NovsRFfe4Vfa9LG3fdEkB-gPPsx8WmXfkxrxKvR-fgoJjbF8Tf2iFd5Td4Sz3Gs6yToerOnc51IGcIqC-fT0thvo4sOhK6-L4vPOv7uO02EnF3ESeEeWpO8ns_yhkPyAMUsosarjzPz9XasY4t3Huop8aR72pA17zaX-g7w25Br_VG6r4_SIUnsR8_aHUeJ0ze83w.5gmGE44U9ZfKsYWpfDqRvwNp7G4YOXwGzwsqt5OQSYg&dib_tag=se&keywords=RKWI+electronics&qid=1785346511&sr=8-14
B01K139BT6,Electronic and Radio Engineering (Electrical & Electronic Engineering) by F.E. Terman (1955-12-01),,,4.9,13,RK World InfoCom Private Limited,https://www.amazon.in/Electronic-Engineering-Electrical-Terman-1955-12-01/dp/B01K139BT6/ref=sr_1_15?dib=eyJ2IjoiMSJ9.SnXbEeniMJ32Jkq-bZqHCxmfv3wT8oHhq90Cx9NovsRFfe4Vfa9LG3fdEkB-gPPsx8WmXfkxrxKvR-fgoJjbF8Tf2iFd5Td4Sz3Gs6yToerOnc51IGcIqC-fT0thvo4sOhK6-L4vPOv7uO02EnF3ESeEeWpO8ns_yhkPyAMUsosarjzPz9XasY4t3Huop8aR72pA17zaX-g7w25Br_VG6r4_SIUnsR8_aHUeJ0ze83w.5gmGE44U9ZfKsYWpfDqRvwNp7G4YOXwGzwsqt5OQSYg&dib_tag=se&keywords=RKWI+electronics&qid=1785346511&sr=8-15
B0921Y4YVT,OBJECTIVE BOOK FOR ELECTRICAL & ELECTRONICS ENGINEERING,,,4.4,107,RK World InfoCom Private Limited,https://www.amazon.in/OBJECTIVE-BOOK-ELECTRICAL-ELECTRONICS-ENGINEERING/dp/B0921Y4YVT/ref=sr_1_16?dib=eyJ2IjoiMSJ9.SnXbEeniMJ32Jkq-bZqHCxmfv3wT8oHhq90Cx9NovsRFfe4Vfa9LG3fdEkB-gPPsx8WmXfkxrxKvR-fgoJjbF8Tf2iFd5Td4Sz3Gs6yToerOnc51IGcIqC-fT0thvo4sOhK6-L4vPOv7uO02EnF3ESeEeWpO8ns_yhkPyAMUsosarjzPz9XasY4t3Huop8aR72pA17zaX-g7w25Br_VG6r4_SIUnsR8_aHUeJ0ze83w.5gmGE44U9ZfKsYWpfDqRvwNp7G4YOXwGzwsqt5OQSYg&dib_tag=se&keywords=RKWI+electronics&qid=1785346511&sr=8-16
8900121413,ECET Electrical And Electronics Engineering 2017 by SIA Expert,,,4.4,3,RK World InfoCom Private Limited,https://www.amazon.in/ECET-Electrical-Electronics-Engineering-Expert/dp/8900121413/ref=sr_1_17?dib=eyJ2IjoiMSJ9.SnXbEeniMJ32Jkq-bZqHCxmfv3wT8oHhq90Cx9NovsRFfe4Vfa9LG3fdEkB-gPPsx8WmXfkxrxKvR-fgoJjbF8Tf2iFd5Td4Sz3Gs6yToerOnc51IGcIqC-fT0thvo4sOhK6-L4vPOv7uO02EnF3ESeEeWpO8ns_yhkPyAMUsosarjzPz9XasY4t3Huop8aR72pA17zaX-g7w25Br_VG6r4_SIUnsR8_aHUeJ0ze83w.5gmGE44U9ZfKsYWpfDqRvwNp7G4YOXwGzwsqt5OQSYg&dib_tag=se&keywords=RKWI+electronics&qid=1785346511&sr=8-17
B0FJ8S53GW,Audio Array,5399,539900,3.3,0,RK World InfoCom Private Limited,https://www.amazon.in/sspa/click?ie=UTF8&spc=MTo0NjU1MzEyMzk1NzQ3Njc5OjE3ODUzNDY1MTY6c3BfYXRmX25leHQ6MzAxMDkyMzA1NTk2MTMyOjowOjo&url=%2FAudio-Array-Streaming-Bundle-Kit%2Fdp%2FB0FJ8S53GW%2Fref%3Dsr_1_18_sspa%3Fdib%3DeyJ2IjoiMSJ9.tVHaCqIcLGTVwfVmOjaed07yNJaaF9hE-phkAMjeu1xjPeNuugeDfikIR2r2RIZUdWLuxZr5-Xi2cv23rG60WFbaMhxIl_14AT96hrmbL9M.84P-xR5Mt0szytilgH82tx8sh8L1xn5jlhopndVcumo%26dib_tag%3Dse%26keywords%3DRKWI%2Belectronics%26qid%3D1785346516%26sr%3D8-18-spons%26aref%3DDEMyYS4mBe%26sp_csd%3Dd2lkZ2V0TmFtZT1zcF9hdGZfbmV4dA%26psc%3D1&aref=DEMyYS4mBe&sp_cr=ZAZ
B0DMKG3Z2F,ULTRAPROLINK,6299,6999,3.1,0,RK World InfoCom Private Limited,https://www.amazon.in/sspa/click?ie=UTF8&spc=MTo0NjU1MzEyMzk1NzQ3Njc5OjE3ODUzNDY1MTY6c3BfYXRmX25leHQ6MzAwNDI0MjA4NDY3ODMyOjowOjo&url=%2FUltraProlink-Bluetooth-Recording-Broadcast-UM1002D%2Fdp%2FB0DMKG3Z2F%2Fref%3Dsr_1_19_sspa%3Fdib%3DeyJ2IjoiMSJ9.tVHaCqIcLGTVwfVmOjaed07yNJaaF9hE-phkAMjeu1xjPeNuugeDfikIR2r2RIZUdWLuxZr5-Xi2cv23rG60WFbaMhxIl_14AT96hrmbL9M.84P-xR5Mt0szytilgH82tx8sh8L1xn5jlhopndVcumo%26dib_tag%3Dse%26keywords%3DRKWI%2Belectronics%26qid%3D1785346516%26sr%3D8-19-spons%26aref%3DjrVXG5Cnfq%26sp_csd%3Dd2lkZ2V0TmFtZT1zcF9hdGZfbmV4dA%26psc%3D1&aref=jrVXG5Cnfq&sp_cr=ZAZ
0675212596,Fundamentals of Electronic Devices,,,5.0,0,RK World InfoCom Private Limited,https://www.amazon.in/Fundamentals-Electronic-Devices-Ronald-Tocci/dp/0675212596/ref=sr_1_20?dib=eyJ2IjoiMSJ9.tVHaCqIcLGTVwfVmOjaed07yNJaaF9hE-phkAMjeu1xjPeNuugeDfikIR2r2RIZUdWLuxZr5-Xi2cv23rG60WFbaMhxIl_14AT96hrmbL9M.84P-xR5Mt0szytilgH82tx8sh8L1xn5jlhopndVcumo&dib_tag=se&keywords=RKWI+electronics&qid=1785346516&sr=8-20
B08GG5T1ZV,Electronics Devices and Circuits For BATU E&TC Sem 3,,,5.0,1,RK World InfoCom Private Limited,https://www.amazon.in/Electronics-Devices-Circuits-BATU-Sem/dp/B08GG5T1ZV/ref=sr_1_21?dib=eyJ2IjoiMSJ9.tVHaCqIcLGTVwfVmOjaed07yNJaaF9hE-phkAMjeu1xjPeNuugeDfikIR2r2RIZUdWLuxZr5-Xi2cv23rG60WFbaMhxIl_14AT96hrmbL9M.84P-xR5Mt0szytilgH82tx8sh8L1xn5jlhopndVcumo&dib_tag=se&keywords=RKWI+electronics&qid=1785346516&sr=8-21
B07B7D9GB8,Gate Electronics and Communication Analog Circuit by R.K. Kanodia,,,,0,RK World InfoCom Private Limited,https://www.amazon.in/Electronics-Communication-Analog-Circuit-Kanodia/dp/B07B7D9GB8/ref=sr_1_22?dib=eyJ2IjoiMSJ9.tVHaCqIcLGTVwfVmOjaed07yNJaaF9hE-phkAMjeu1xjPeNuugeDfikIR2r2RIZUdWLuxZr5-Xi2cv23rG60WFbaMhxIl_14AT96hrmbL9M.84P-xR5Mt0szytilgH82tx8sh8L1xn5jlhopndVcumo&dib_tag=se&keywords=RKWI+electronics&qid=1785346516&sr=8-22
0074622765,"Basic Electrical, Electronics and Computer Engineering",,,4.0,1,RK World InfoCom Private Limited,https://www.amazon.in/Basic-Electrical-Electronics-Computer-Engineering/dp/0074622765/ref=sr_1_23?dib=eyJ2IjoiMSJ9.tVHaCqIcLGTVwfVmOjaed07yNJaaF9hE-phkAMjeu1xjPeNuugeDfikIR2r2RIZUdWLuxZr5-Xi2cv23rG60WFbaMhxIl_14AT96hrmbL9M.84P-xR5Mt0szytilgH82tx8sh8L1xn5jlhopndVcumo&dib_tag=se&keywords=RKWI+electronics&qid=1785346516&sr=8-23
8187134488,Electronics ( Classical & Modern ),,,3.0,2,RK World InfoCom Private Limited,https://www.amazon.in/Electronics-Classical-Modern-Kar-R/dp/8187134488/ref=sr_1_24?dib=eyJ2IjoiMSJ9.tVHaCqIcLGTVwfVmOjaed07yNJaaF9hE-phkAMjeu1xjPeNuugeDfikIR2r2RIZUdWLuxZr5-Xi2cv23rG60WFbaMhxIl_14AT96hrmbL9M.84P-xR5Mt0szytilgH82tx8sh8L1xn5jlhopndVcumo&dib_tag=se&keywords=RKWI+electronics&qid=1785346516&sr=8-24
B07HN7B5WD,POWER ELECTRONICS,117,,3.4,0,RK World InfoCom Private Limited,https://www.amazon.in/POWER-ELECTRONICS-K-P-AKOLE-ebook/dp/B07HN7B5WD/ref=sr_1_25?dib=eyJ2IjoiMSJ9.tVHaCqIcLGTVwfVmOjaed07yNJaaF9hE-phkAMjeu1xjPeNuugeDfikIR2r2RIZUdWLuxZr5-Xi2cv23rG60WFbaMhxIl_14AT96hrmbL9M.84P-xR5Mt0szytilgH82tx8sh8L1xn5jlhopndVcumo&dib_tag=se&keywords=RKWI+electronics&qid=1785346516&sr=8-25
B098TZGPNT,ECET | Electrical and Electronic Engineering Objective Type With Detailed Synopsis (2022),,,3.7,3,RK World InfoCom Private Limited,https://www.amazon.in/Electrical-Electronic-Engineering-Objective-Detailed/dp/B098TZGPNT/ref=sr_1_26?dib=eyJ2IjoiMSJ9.tVHaCqIcLGTVwfVmOjaed07yNJaaF9hE-phkAMjeu1xjPeNuugeDfikIR2r2RIZUdWLuxZr5-Xi2cv23rG60WFbaMhxIl_14AT96hrmbL9M.84P-xR5Mt0szytilgH82tx8sh8L1xn5jlhopndVcumo&dib_tag=se&keywords=RKWI+electronics&qid=1785346516&sr=8-26
B0CM6WH4ZT,Audio Array,1399,3999,3.7,0,RK World InfoCom Private Limited,https://www.amazon.in/sspa/click?ie=UTF8&spc=MTo0OTQ5MTk4MjgzMTA1NjY2OjE3ODUzNDY1MjE6c3BfYXRmX25leHQ6MzAxMDkyNTU2NDI1NjMyOjowOjo&url=%2FAudio-Array-AI-12-Broadcasting-Streaming%2Fdp%2FB0CM6WH4ZT%2Fref%3Dsr_1_34_sspa%3Fkeywords%3DRKWI%2Belectronics%26qid%3D1785346520%26sr%3D8-34-spons%26aref%3DzMW1YwwMhD%26sp_csd%3Dd2lkZ2V0TmFtZT1zcF9hdGZfbmV4dA%26psc%3D1&aref=zMW1YwwMhD&sp_cr=ZAZ
B0FMRB168K,Orei,3799,379900,4.6,0,RK World InfoCom Private Limited,https://www.amazon.in/sspa/click?ie=UTF8&spc=MTo0ODM3MTQ1Mzk1MzMzNjQwOjE3ODUzNDY1NDM6c3BfYXRmX25leHQ6MzAxMjIwNzMzNzc2NTMyOjowOjo&url=%2FOREI-3x1-HDMI-Switch-120Hz%2Fdp%2FB0FMRB168K%2Fref%3Dsr_1_115_sspa%3Fkeywords%3DRKWI%2Belectronics%26qid%3D1785346543%26sr%3D8-115-spons%26aref%3DD2AQ5Zq3DH%26sp_csd%3Dd2lkZ2V0TmFtZT1zcF9hdGZfbmV4dA%26psc%3D1&aref=D2AQ5Zq3DH&sp_cr=ZAZ
B0H44NLF68,"AMIAKSHA G200 Magnetic Bluetooth 5.4 Speaker Compatible with MagSafe, Dynamic RGB Lights, HD Stereo Sound, 7H Playtime, Game Mode, Portable Mini",499,1299,,0,RK World InfoCom Private Limited,https://www.amazon.in/sspa/click?ie=UTF8&spc=MTo4OTUxMTk4ODc3NDY0NDgwOjE3ODUzNDY1NjQ6c3BfYXRmX25leHQ6MzAxMTM3ODM0ODU2NjMyOjowOjo&url=%2FAMIAKSHA-G200-Magnetic-Bluetooth-Compatible%2Fdp%2FB0H44NLF68%2Fref%3Dsr_1_193_sspa%3Fkeywords%3DRKWI%2Belectronics%26qid%3D1785346564%26sr%3D8-193-spons%26aref%3DXq5phcHUwz%26sp_csd%3Dd2lkZ2V0TmFtZT1zcF9hdGZfbmV4dA%26psc%3D1&aref=Xq5phcHUwz&sp_cr=ZAZ
B0FMRS4K5V,VRJTEC,474,1499,3.0,0,RK World InfoCom Private Limited,https://www.amazon.in/sspa/click?ie=UTF8&spc=MTo4OTUxMTk4ODc3NDY0NDgwOjE3ODUzNDY1NjQ6c3BfYXRmX25leHQ6MzAwNzAwMDEzOTk2OTMyOjowOjo&url=%2FVRJTEC-K8-Wireless-Collar-Mic%2Fdp%2FB0FMRS4K5V%2Fref%3Dsr_1_194_sspa%3Fkeywords%3DRKWI%2Belectronics%26qid%3D1785346564%26sr%3D8-194-spons%26aref%3D6eKMuoVh6b%26sp_csd%3Dd2lkZ2V0TmFtZT1zcF9hdGZfbmV4dA%26psc%3D1&aref=6eKMuoVh6b&sp_cr=ZAZ
B0FQ2NZR56,"TECHBLAZE BM-800 Professional Condenser Microphone Kit with USB Sound Card Adjustable Microphone Boom Arm, Pop Filter, Mic Cover, Shock Mount | Mic for Singing, Recording, Podcast, Studio",1689,168900,,0,RK World InfoCom Private Limited,https://www.amazon.in/sspa/click?ie=UTF8&spc=MTo4OTUxMTk4ODc3NDY0NDgwOjE3ODUzNDY1NjQ6c3BfYXRmX25leHQ6MzAwNzU1Njc5MTk1NzMyOjowOjo&url=%2FTECHBLAZE-Professional-Condenser-Microphone-Adjustable%2Fdp%2FB0FQ2NZR56%2Fref%3Dsr_1_195_sspa%3Fkeywords%3DRKWI%2Belectronics%26qid%3D1785346564%26sr%3D8-195-spons%26aref%3DBTLhGnXTB1%26sp_csd%3Dd2lkZ2V0TmFtZT1zcF9hdGZfbmV4dA%26psc%3D1&aref=BTLhGnXTB1&sp_cr=ZAZ
B0FKZ85799,SpinBot,1299,2999,4.2,0,RK World InfoCom Private Limited,https://www.amazon.in/sspa/click?ie=UTF8&spc=MTozOTUyNzUwNDQ2NDQ5OTM2OjE3ODUzNDY1ODQ6c3BfYXRmX25leHQ6MzAwODMwNDkyMTY2MTMyOjowOjo&url=%2FSpinBot-Rage-MK61-Mechanical-Keyboard%2Fdp%2FB0FKZ85799%2Fref%3Dsr_1_258_sspa%3Fkeywords%3DRKWI%2Belectronics%26qid%3D1785346583%26sr%3D8-258-spons%26aref%3DNjy6xxl09H%26sp_csd%3Dd2lkZ2V0TmFtZT1zcF9hdGZfbmV4dA%26psc%3D1&aref=Njy6xxl09H&sp_cr=ZAZ
B0CG2KD52M,"MegaStro® Aluminum 360 Rotatable Phone/Tablet Stand (Under 10inch) - MVPmini | Adjustable, Sturdy, and Versatile | Universal Compatibility | Hands-Free Viewing (Metallic Silver)",549,1249,4.4,0,RK World InfoCom Private Limited,https://www.amazon.in/sspa/click?ie=UTF8&spc=MTo3NDc4NzAzODEzMTk1NjQ0OjE3ODUzNDY2MDE6c3BfYXRmOjMwMDI5MzYwNTQ3NDUzMjo6MDo6&url=%2FMegaStro%25C2%25AE-Aluminum-Rotatable-Tablet-10inch%2Fdp%2FB0CG2KD52M%2Fref%3Dsr_1_1_sspa%3Fdib%3DeyJ2IjoiMSJ9.uczXr_4s4ZBnVjrplNEUop162BO5EyTJduUtLkYJAh6UoLngG9CcXt51svUo6ZmTBNNOrj7jOmZyegINLiPY0VTc5-s8jRbOjXFVYmihpT95n_NMH4WktOfvQsVuiva74eud7MBVDJ7w3iAf_L6ZVoH75zenUTHDYUOtaIS_FtZS3jSCcbfcF6mOK5ki9rI3.68AZ6hQ3WFt8O4JrJVKVKqgGygPCK8BXBT2sXiystn0%26dib_tag%3Dse%26keywords%3DRKWI%2Bmobile%2Baccessories%26qid%3D1785346601%26sr%3D8-1-spons%26aref%3DYvw6vxgu4s%26sp_csd%3Dd2lkZ2V0TmFtZT1zcF9hdGY%26psc%3D1&aref=Yvw6vxgu4s&sp_cr=ZAZ
B0GHN3WQ41,"AGARO Revolving Mobile Stand – 360° Rotating & Adjustable Phone Holder with Adjustable Height & Angle, Foldable, Sturdy Metal Body, Anti-Slip Base, Universal Stand for Smartphones & Tablets",199,495,4.2,0,RK World InfoCom Private Limited,https://www.amazon.in/sspa/click?ie=UTF8&spc=MTo3NDc4NzAzODEzMTk1NjQ0OjE3ODUzNDY2MDE6c3BfYXRmOjMwMTA4NjA5NTU0OTYzMjo6MDo6&url=%2FAGARO-Revolving-Mobile-Stand-Smartphones%2Fdp%2FB0GHN3WQ41%2Fref%3Dsr_1_2_sspa%3Fdib%3DeyJ2IjoiMSJ9.uczXr_4s4ZBnVjrplNEUop162BO5EyTJduUtLkYJAh6UoLngG9CcXt51svUo6ZmTBNNOrj7jOmZyegINLiPY0VTc5-s8jRbOjXFVYmihpT95n_NMH4WktOfvQsVuiva74eud7MBVDJ7w3iAf_L6ZVoH75zenUTHDYUOtaIS_FtZS3jSCcbfcF6mOK5ki9rI3.68AZ6hQ3WFt8O4JrJVKVKqgGygPCK8BXBT2sXiystn0%26dib_tag%3Dse%26keywords%3DRKWI%2Bmobile%2Baccessories%26qid%3D1785346601%26sr%3D8-2-spons%26aref%3DKA1C9TO9tt%26sp_csd%3Dd2lkZ2V0TmFtZT1zcF9hdGY%26psc%3D1&aref=KA1C9TO9tt&sp_cr=ZAZ
B0FLF67DZ7,"REDWIND Suction Phone Case, Phone Suction Sticker, Silicone Strong Grip Holder for Hands-Free iPhone & Android Mobile, Video Phone Accessory Compatible Mirror, Shower (Transparent- Pack of 1_Suction)",119,999,3.8,34,RK World InfoCom Private Limited,https://www.amazon.in/REDWIND-Case-Hands-Free-Compatible-Transparent/dp/B0FLF67DZ7/ref=sr_1_3?dib=eyJ2IjoiMSJ9.uczXr_4s4ZBnVjrplNEUop162BO5EyTJduUtLkYJAh6UoLngG9CcXt51svUo6ZmTBNNOrj7jOmZyegINLiPY0VTc5-s8jRbOjXFVYmihpT95n_NMH4WktOfvQsVuiva74eud7MBVDJ7w3iAf_L6ZVoH75zenUTHDYUOtaIS_FtZS3jSCcbfcF6mOK5ki9rI3.68AZ6hQ3WFt8O4JrJVKVKqgGygPCK8BXBT2sXiystn0&dib_tag=se&keywords=RKWI+mobile+accessories&qid=1785346601&sr=8-3
B0GZ3WCW84,"Car Mobile Holder for Mirror, Rearview Mirror Phone Holder with 360° Rotation & Adjustable Arm, Universal Mobile Holder for Car, Secure Car Mobile Phone Holder",299,999,,299299999999999,RK World InfoCom Private Limited,https://www.amazon.in/YAWINIO-Rearview-Rotation-Adjustable-Universal/dp/B0GZ3WCW84/ref=sr_1_4?dib=eyJ2IjoiMSJ9.uczXr_4s4ZBnVjrplNEUop162BO5EyTJduUtLkYJAh6UoLngG9CcXt51svUo6ZmTBNNOrj7jOmZyegINLiPY0VTc5-s8jRbOjXFVYmihpT95n_NMH4WktOfvQsVuiva74eud7MBVDJ7w3iAf_L6ZVoH75zenUTHDYUOtaIS_FtZS3jSCcbfcF6mOK5ki9rI3.68AZ6hQ3WFt8O4JrJVKVKqgGygPCK8BXBT2sXiystn0&dib_tag=se&keywords=RKWI+mobile+accessories&qid=1785346601&sr=8-4
B0F893DZ55,Like Star® Double Sided for Phone | Silicone Suction Adhesive for Phone Cover | Stick Ease Multi-Purpose Hands-Free Suction Phone Accessory | Strong Grip Holder for Mirror & Shower (Pack of 4),274,68.50,2.1,0,RK World InfoCom Private Limited,https://www.amazon.in/sspa/click?ie=UTF8&spc=MTo3NDc4NzAzODEzMTk1NjQ0OjE3ODUzNDY2MDE6c3BfbXRmOjMwMDg5Mzc0MTU3NDgzMjo6MDo6&url=%2FLike-Double-Sided-Silicone-Multi-Purpose%2Fdp%2FB0F893DZ55%2Fref%3Dsr_1_5_sspa%3Fdib%3DeyJ2IjoiMSJ9.uczXr_4s4ZBnVjrplNEUop162BO5EyTJduUtLkYJAh6UoLngG9CcXt51svUo6ZmTBNNOrj7jOmZyegINLiPY0VTc5-s8jRbOjXFVYmihpT95n_NMH4WktOfvQsVuiva74eud7MBVDJ7w3iAf_L6ZVoH75zenUTHDYUOtaIS_FtZS3jSCcbfcF6mOK5ki9rI3.68AZ6hQ3WFt8O4JrJVKVKqgGygPCK8BXBT2sXiystn0%26dib_tag%3Dse%26keywords%3DRKWI%2Bmobile%2Baccessories%26qid%3D1785346601%26sr%3D8-5-spons%26aref%3Dp19sUOKSIy%26sp_csd%3Dd2lkZ2V0TmFtZT1zcF9tdGY%26psc%3D1&aref=p19sUOKSIy&sp_cr=ZAZ
B0HB9VF24W,"Mobile Stand for Table | Metal Anti-Slip Phone Holder for Study, Online Classes, Office & Home | Universal Desktop Mobile Stand for Students",160,16000,,0,RK World InfoCom Private Limited,https://www.amazon.in/sspa/click?ie=UTF8&spc=MTo3NDc4NzAzODEzMTk1NjQ0OjE3ODUzNDY2MDE6c3BfbXRmOjMwMTIyNTMxNDAzMDQzMjo6MDo6&url=%2FWELDRIVE-Foldable-Anti-Slip-Universal-Students%2Fdp%2FB0HB9VF24W%2Fref%3Dsr_1_6_sspa%3Fdib%3DeyJ2IjoiMSJ9.uczXr_4s4ZBnVjrplNEUop162BO5EyTJduUtLkYJAh6UoLngG9CcXt51svUo6ZmTBNNOrj7jOmZyegINLiPY0VTc5-s8jRbOjXFVYmihpT95n_NMH4WktOfvQsVuiva74eud7MBVDJ7w3iAf_L6ZVoH75zenUTHDYUOtaIS_FtZS3jSCcbfcF6mOK5ki9rI3.68AZ6hQ3WFt8O4JrJVKVKqgGygPCK8BXBT2sXiystn0%26dib_tag%3Dse%26keywords%3DRKWI%2Bmobile%2Baccessories%26qid%3D1785346601%26sr%3D8-6-spons%26aref%3D1ypiOC68JK%26sp_csd%3Dd2lkZ2V0TmFtZT1zcF9tdGY%26psc%3D1&aref=1ypiOC68JK&sp_cr=ZAZ
B0FLF5YGYB,"REDWIND Suction Phone Case, Phone Suction Sticker, Silicone Strong Grip Holder for Hands-Free iPhone & Android Mobile, Video Phone Accessory Compatible Mirror, Shower (Lake Blue- Pack of 1_Suction)",119,999,3.8,34,RK World InfoCom Private Limited,https://www.amazon.in/REDWIND-Case-Hands-Free-Accessory-Compatible/dp/B0FLF5YGYB/ref=sr_1_7?dib=eyJ2IjoiMSJ9.uczXr_4s4ZBnVjrplNEUop162BO5EyTJduUtLkYJAh6UoLngG9CcXt51svUo6ZmTBNNOrj7jOmZyegINLiPY0VTc5-s8jRbOjXFVYmihpT95n_NMH4WktOfvQsVuiva74eud7MBVDJ7w3iAf_L6ZVoH75zenUTHDYUOtaIS_FtZS3jSCcbfcF6mOK5ki9rI3.68AZ6hQ3WFt8O4JrJVKVKqgGygPCK8BXBT2sXiystn0&dib_tag=se&keywords=RKWI+mobile+accessories&qid=1785346601&sr=8-7
B07VY8BCMX,Careflection 6-in-1 Multi Combo Spiral Cable Protectors + Earphones Winder + Sticker + Cable Clips + Earphone Jack Clip Batman,322,107.35,3.9,524,RK World InfoCom Private Limited,https://www.amazon.in/Careflection-Protectors-Earphones-Sticker-Earphone/dp/B07VY8BCMX/ref=sr_1_8?dib=eyJ2IjoiMSJ9.uczXr_4s4ZBnVjrplNEUop162BO5EyTJduUtLkYJAh6UoLngG9CcXt51svUo6ZmTBNNOrj7jOmZyegINLiPY0VTc5-s8jRbOjXFVYmihpT95n_NMH4WktOfvQsVuiva74eud7MBVDJ7w3iAf_L6ZVoH75zenUTHDYUOtaIS_FtZS3jSCcbfcF6mOK5ki9rI3.68AZ6hQ3WFt8O4JrJVKVKqgGygPCK8BXBT2sXiystn0&dib_tag=se&keywords=RKWI+mobile+accessories&qid=1785346601&sr=8-8
B09ZPL5VYM,"Ambrane Multipurpose Tabletop Mobile Stand | Adjustable Angle & Height| Universal Holder for iPhone, Samsung, OnePlus & All Smartphones | Portable, Anti-Skid | for Home, Office, Bed & Gifting (Black)",199,499,4.2,0,RK World InfoCom Private Limited,https://www.amazon.in/sspa/click?ie=UTF8&spc=MTo3NDc4NzAzODEzMTk1NjQ0OjE3ODUzNDY2MDE6c3BfbXRmOjIwMTA2ODA0MjQxNzk4OjowOjo&url=%2FAmbrane-Adjustment-Compatibility-Multipurpose-Anti-Skid%2Fdp%2FB09ZPL5VYM%2Fref%3Dsr_1_9_sspa%3Fdib%3DeyJ2IjoiMSJ9.uczXr_4s4ZBnVjrplNEUop162BO5EyTJduUtLkYJAh6UoLngG9CcXt51svUo6ZmTBNNOrj7jOmZyegINLiPY0VTc5-s8jRbOjXFVYmihpT95n_NMH4WktOfvQsVuiva74eud7MBVDJ7w3iAf_L6ZVoH75zenUTHDYUOtaIS_FtZS3jSCcbfcF6mOK5ki9rI3.68AZ6hQ3WFt8O4JrJVKVKqgGygPCK8BXBT2sXiystn0%26dib_tag%3Dse%26keywords%3DRKWI%2Bmobile%2Baccessories%26qid%3D1785346601%26sr%3D8-9-spons%26aref%3DHwJ8cgP6G2%26sp_csd%3Dd2lkZ2V0TmFtZT1zcF9tdGY%26psc%3D1&aref=HwJ8cgP6G2&sp_cr=ZAZ
B0GW7TKJ41,"TVS Premium Mobile Holder | 360° Rotation, One-Click Lock, Anti-Shake & Firm Grip | Universal Handlebar Mount for GPS & Navigation",1799,1999,5.0,0,RK World InfoCom Private Limited,https://www.amazon.in/sspa/click?ie=UTF8&spc=MTo3NDc4NzAzODEzMTk1NjQ0OjE3ODUzNDY2MDE6c3BfbXRmOjMwMTA0ODE4NDc1NTEzMjo6MDo6&url=%2FTVS-One-Click-Anti-Shake-Universal-Navigation%2Fdp%2FB0GW7TKJ41%2Fref%3Dsr_1_10_sspa%3Fdib%3DeyJ2IjoiMSJ9.uczXr_4s4ZBnVjrplNEUop162BO5EyTJduUtLkYJAh6UoLngG9CcXt51svUo6ZmTBNNOrj7jOmZyegINLiPY0VTc5-s8jRbOjXFVYmihpT95n_NMH4WktOfvQsVuiva74eud7MBVDJ7w3iAf_L6ZVoH75zenUTHDYUOtaIS_FtZS3jSCcbfcF6mOK5ki9rI3.68AZ6hQ3WFt8O4JrJVKVKqgGygPCK8BXBT2sXiystn0%26dib_tag%3Dse%26keywords%3DRKWI%2Bmobile%2Baccessories%26qid%3D1785346601%26sr%3D8-10-spons%26aref%3DppxxbqPFDn%26sp_csd%3Dd2lkZ2V0TmFtZT1zcF9tdGY%26psc%3D1&aref=ppxxbqPFDn&sp_cr=ZAZ
B081GSDBB5,RKM-Universal Aluminium Alloy Magnetic Plate Mobile Phone Holder/Mount for Dashboard with Multi use Key Stand for All Smart Phones [Black],239,23.90,,23923923902390100999999999,RK World InfoCom Private Limited,https://www.amazon.in/RKM-Universal-Aluminium-Magnetic-Mobile-Dashboard/dp/B081GSDBB5/ref=sr_1_11?dib=eyJ2IjoiMSJ9.uczXr_4s4ZBnVjrplNEUop162BO5EyTJduUtLkYJAh6UoLngG9CcXt51svUo6ZmTBNNOrj7jOmZyegINLiPY0VTc5-s8jRbOjXFVYmihpT95n_NMH4WktOfvQsVuiva74eud7MBVDJ7w3iAf_L6ZVoH75zenUTHDYUOtaIS_FtZS3jSCcbfcF6mOK5ki9rI3.68AZ6hQ3WFt8O4JrJVKVKqgGygPCK8BXBT2sXiystn0&dib_tag=se&keywords=RKWI+mobile+accessories&qid=1785346601&sr=8-11
B0FKN1BWMY,"REDWIND Suction Phone Case, Phone Suction Sticker, Silicone Strong Grip Holder for Hands-Free iPhone & Android Mobile, Video Phone Accessory Compatible Mirror, Shower (Black+Dark Grey- Pack of 2)",149,999,3.8,34,RK World InfoCom Private Limited,https://www.amazon.in/REDWIND-Case-Hands-Free-Accessory-Compatible/dp/B0FKN1BWMY/ref=sr_1_12?dib=eyJ2IjoiMSJ9.uczXr_4s4ZBnVjrplNEUop162BO5EyTJduUtLkYJAh6UoLngG9CcXt51svUo6ZmTBNNOrj7jOmZyegINLiPY0VTc5-s8jRbOjXFVYmihpT95n_NMH4WktOfvQsVuiva74eud7MBVDJ7w3iAf_L6ZVoH75zenUTHDYUOtaIS_FtZS3jSCcbfcF6mOK5ki9rI3.68AZ6hQ3WFt8O4JrJVKVKqgGygPCK8BXBT2sXiystn0&dib_tag=se&keywords=RKWI+mobile+accessories&qid=1785346601&sr=8-12
B07Q2DPMZL,"FASTX� Strong White Bluetooth Pop up Version Compatible i-OS 13 & Later, Audio AUX Converter Cable 8pin Light_ing to 3.5mm Headphone/Earphone Jack for iph i-Phone X 10 XS max 8 (Multicoloured)",145,899,4.2,18,RK World InfoCom Private Limited,https://www.amazon.in/Bluetooth-Compatible-Converter-Light_ing-Multicoloured/dp/B07Q2DPMZL/ref=sr_1_13?dib=eyJ2IjoiMSJ9.uczXr_4s4ZBnVjrplNEUop162BO5EyTJduUtLkYJAh6UoLngG9CcXt51svUo6ZmTBNNOrj7jOmZyegINLiPY0VTc5-s8jRbOjXFVYmihpT95n_NMH4WktOfvQsVuiva74eud7MBVDJ7w3iAf_L6ZVoH75zenUTHDYUOtaIS_FtZS3jSCcbfcF6mOK5ki9rI3.68AZ6hQ3WFt8O4JrJVKVKqgGygPCK8BXBT2sXiystn0&dib_tag=se&keywords=RKWI+mobile+accessories&qid=1785346601&sr=8-13
B085X1HPH3,RKM YTOR Metal Lazy Clip Multi Angle Clamp Flexible Foldable Mobile Stand Holder for Table Online Classes Office Desktop for All Smartphones (Black),294,799,3.7,45,RK World InfoCom Private Limited,https://www.amazon.in/Flexible-Foldable-Classes-Desktop-Smartphones/dp/B085X1HPH3/ref=sr_1_14?dib=eyJ2IjoiMSJ9.uczXr_4s4ZBnVjrplNEUop162BO5EyTJduUtLkYJAh6UoLngG9CcXt51svUo6ZmTBNNOrj7jOmZyegINLiPY0VTc5-s8jRbOjXFVYmihpT95n_NMH4WktOfvQsVuiva74eud7MBVDJ7w3iAf_L6ZVoH75zenUTHDYUOtaIS_FtZS3jSCcbfcF6mOK5ki9rI3.68AZ6hQ3WFt8O4JrJVKVKqgGygPCK8BXBT2sXiystn0&dib_tag=se&keywords=RKWI+mobile+accessories&qid=1785346601&sr=8-14
B0G1T9T7BW,"Silicone Suction Phone Case Sticker | Hands-Free Mobile Accessory Holder Grip | Mirror, Shower, Car & Kitchen Video Phone Accessory | Universal Stick-On Back Cover (Black)",179,1998,,179179199819981998,RK World InfoCom Private Limited,https://www.amazon.in/CRIQNORTURE-Silicone-Hands-Free-Accessory-Universal/dp/B0G1T9T7BW/ref=sr_1_15?dib=eyJ2IjoiMSJ9.uczXr_4s4ZBnVjrplNEUop162BO5EyTJduUtLkYJAh6UoLngG9CcXt51svUo6ZmTBNNOrj7jOmZyegINLiPY0VTc5-s8jRbOjXFVYmihpT95n_NMH4WktOfvQsVuiva74eud7MBVDJ7w3iAf_L6ZVoH75zenUTHDYUOtaIS_FtZS3jSCcbfcF6mOK5ki9rI3.68AZ6hQ3WFt8O4JrJVKVKqgGygPCK8BXBT2sXiystn0&dib_tag=se&keywords=RKWI+mobile+accessories&qid=1785346601&sr=8-15
B0FC27CF6N,"Vacuum Magnetic Phone Holder, Adjustable Vacuum Suction Phone Holders for Your Car, Multifunctional Magnetic Cell Phone Holder for Car, Car Phone Holder Mount for Dashboard All Phones",446,1599,3.1,28,RK World InfoCom Private Limited,https://www.amazon.in/Rkssws-Magnetic-Adjustable-Multifunctional-Dashboard/dp/B0FC27CF6N/ref=sr_1_16?dib=eyJ2IjoiMSJ9.uczXr_4s4ZBnVjrplNEUop162BO5EyTJduUtLkYJAh6UoLngG9CcXt51svUo6ZmTBNNOrj7jOmZyegINLiPY0VTc5-s8jRbOjXFVYmihpT95n_NMH4WktOfvQsVuiva74eud7MBVDJ7w3iAf_L6ZVoH75zenUTHDYUOtaIS_FtZS3jSCcbfcF6mOK5ki9rI3.68AZ6hQ3WFt8O4JrJVKVKqgGygPCK8BXBT2sXiystn0&dib_tag=se&keywords=RKWI+mobile+accessories&qid=1785346601&sr=8-16
B0BYWYNX1J,3 Pcs Car Phone Holder Adjustable Car Cradles Universal Mobile Phone Mount for Car Steering Wheel,1990,66333.33,3.1,67,RK World InfoCom Private Limited,https://www.amazon.in/QYNuLi-Adjustable-Cradles-Universal-Steering/dp/B0BYWYNX1J/ref=sr_1_17?dib=eyJ2IjoiMSJ9.uczXr_4s4ZBnVjrplNEUop162BO5EyTJduUtLkYJAh6UoLngG9CcXt51svUo6ZmTBNNOrj7jOmZyegINLiPY0VTc5-s8jRbOjXFVYmihpT95n_NMH4WktOfvQsVuiva74eud7MBVDJ7w3iAf_L6ZVoH75zenUTHDYUOtaIS_FtZS3jSCcbfcF6mOK5ki9rI3.68AZ6hQ3WFt8O4JrJVKVKqgGygPCK8BXBT2sXiystn0&dib_tag=se&keywords=RKWI+mobile+accessories&qid=1785346601&sr=8-17
B0BL1FHK4X,3 Pcs Universal Mobile Phone Mount - Adjustable Car Cradles for Steering Wheel,4108,136933.33,3.4,39,RK World InfoCom Private Limited,https://www.amazon.in/QYNuLi-Universal-Mobile-Phone-Mount/dp/B0BL1FHK4X/ref=sr_1_18?dib=eyJ2IjoiMSJ9.uczXr_4s4ZBnVjrplNEUop162BO5EyTJduUtLkYJAh6UoLngG9CcXt51svUo6ZmTBNNOrj7jOmZyegINLiPY0VTc5-s8jRbOjXFVYmihpT95n_NMH4WktOfvQsVuiva74eud7MBVDJ7w3iAf_L6ZVoH75zenUTHDYUOtaIS_FtZS3jSCcbfcF6mOK5ki9rI3.68AZ6hQ3WFt8O4JrJVKVKqgGygPCK8BXBT2sXiystn0&dib_tag=se&keywords=RKWI+mobile+accessories&qid=1785346601&sr=8-18
B0FDJNBV2R,"Batwing Car Phone Holder Accessories for Men Gift, Phone Mount for Air Vent, Unique Cell Phone Accessories",3284,,4.3,72,RK World InfoCom Private Limited,https://www.amazon.in/Dwinslight-Batwing-Car-Holder-Accessories/dp/B0FDJNBV2R/ref=sr_1_19?dib=eyJ2IjoiMSJ9.uczXr_4s4ZBnVjrplNEUop162BO5EyTJduUtLkYJAh6UoLngG9CcXt51svUo6ZmTBNNOrj7jOmZyegINLiPY0VTc5-s8jRbOjXFVYmihpT95n_NMH4WktOfvQsVuiva74eud7MBVDJ7w3iAf_L6ZVoH75zenUTHDYUOtaIS_FtZS3jSCcbfcF6mOK5ki9rI3.68AZ6hQ3WFt8O4JrJVKVKqgGygPCK8BXBT2sXiystn0&dib_tag=se&keywords=RKWI+mobile+accessories&qid=1785346601&sr=8-19
B0GX9R3PPC,"ZORBES® Adjustable Phone/Tablet Holder 7-13'' Phone Mount for Car Cup Holder, Flexible Arm 360 Degree Rotatable View Non Wobbing Cup Holder Mount Phone Holder Hands-Free Driving Use",999,1580,3.6,0,RK World InfoCom Private Limited,https://www.amazon.in/sspa/click?ie=UTF8&spc=MTo3NDI2OTE5NzA2MjgxMDM3OjE3ODUzNDY2MDY6c3BfYXRmX25leHQ6MzAxMTA3MjIyOTA0NjMyOjowOjo&url=%2FZORBES%25C2%25AE-Adjustable-Flexible-Rotatable-Hands-Free%2Fdp%2FB0GX9R3PPC%2Fref%3Dsr_1_17_sspa%3Fkeywords%3DRKWI%2Bmobile%2Baccessories%26qid%3D1785346606%26sr%3D8-17-spons%26aref%3DLhMYu8yFqR%26sp_csd%3Dd2lkZ2V0TmFtZT1zcF9hdGZfbmV4dA%26psc%3D1&aref=LhMYu8yFqR&sp_cr=ZAZ
B0GXWCJX3V,STELLAR DRIVE Car Mobile Holder | Strong Suction Dashboard Windshield Phone Mount with Telescopic Arm & 360° Rotation | Universal Car Phone Holder for 4.7–7 Inch Smartphones | XH-05-Road Grip,699,999,5.0,0,RK World InfoCom Private Limited,https://www.amazon.in/sspa/click?ie=UTF8&spc=MTo3NDI2OTE5NzA2MjgxMDM3OjE3ODUzNDY2MDY6c3BfYXRmX25leHQ6MzAxMjAyNjM3MjY2MzMyOjowOjo&url=%2FSTELLAR-DRIVE-Smartphones-XH-05-Road-Grip%2Fdp%2FB0GXWCJX3V%2Fref%3Dsr_1_19_sspa%3Fkeywords%3DRKWI%2Bmobile%2Baccessories%26qid%3D1785346606%26sr%3D8-19-spons%26aref%3DhZUpztXiAz%26sp_csd%3Dd2lkZ2V0TmFtZT1zcF9hdGZfbmV4dA%26psc%3D1&aref=hZUpztXiAz&sp_cr=ZAZ
B0H2TNPVVD,"ZORBES® Car Tablet & Phone Mount Holder for 5-15 Inch Device 360° Rotating Suction Cup Phone Mount with Flexible Gooseneck Arm, Strong Vacuum Suction Cup for Dashboard/Windshield Mount",799,1263,,0,RK World InfoCom Private Limited,https://www.amazon.in/sspa/click?ie=UTF8&spc=MTo0ODc1NjQ5Mzc4ODUzNDc3OjE3ODUzNDY2MTA6c3BfYXRmX25leHQ6MzAxMTY0MDU5NTk2ODMyOjowOjo&url=%2FRotating-Flexible-Gooseneck-Dashboard-Windshield%2Fdp%2FB0H2TNPVVD%2Fref%3Dsr_1_33_sspa%3Fkeywords%3DRKWI%2Bmobile%2Baccessories%26qid%3D1785346610%26sr%3D8-33-spons%26aref%3Dy0fSTYqTW9%26sp_csd%3Dd2lkZ2V0TmFtZT1zcF9hdGZfbmV4dA%26psc%3D1&aref=y0fSTYqTW9&sp_cr=ZAZ
B0DGQJ9GRY,"Giftana Personalized Mobile Stand Holder with Name, Customized Mobile Holder for Desk,Office, Customised Mobile Stand for Table, Personalised Secret Santa Corporate Gift for Employee (Black,Golden)",549,999,5.0,0,RK World InfoCom Private Limited,https://www.amazon.in/sspa/click?ie=UTF8&spc=MTo0ODc1NjQ5Mzc4ODUzNDc3OjE3ODUzNDY2MTA6c3BfbXRmOjMwMTA0ODE4NDg0NjAzMjo6MDo6&url=%2FGiftana-Personalized-Customized-Customised-Personalised%2Fdp%2FB0DGQJ9GRY%2Fref%3Dsr_1_36_sspa%3Fkeywords%3DRKWI%2Bmobile%2Baccessories%26qid%3D1785346610%26sr%3D8-36-spons%26aref%3DhcrJ3WlgyN%26sp_csd%3Dd2lkZ2V0TmFtZT1zcF9tdGY%26psc%3D1&aref=hcrJ3WlgyN&sp_cr=ZAZ
B0H164H7BM,Cute Phone Charm for Smartphones with 360° Rotatable Phone Tether – Aesthetic Hanging Mobile Accessory for Girls & Teens – Multiple Designs,299,499,5.0,0,RK World InfoCom Private Limited,https://www.amazon.in/sspa/click?ie=UTF8&spc=MTo0ODc1NjQ5Mzc4ODUzNDc3OjE3ODUzNDY2MTA6c3BfbXRmOjMwMTE5NTE0MjM0OTYzMjo6MDo6&url=%2FPhone-Charm-Smartphones-Rotatable-Tether%2Fdp%2FB0H164H7BM%2Fref%3Dsr_1_37_sspa%3Fkeywords%3DRKWI%2Bmobile%2Baccessories%26qid%3D1785346610%26sr%3D8-37-spons%26aref%3DJNRyKFU1AW%26sp_csd%3Dd2lkZ2V0TmFtZT1zcF9tdGY%26psc%3D1&aref=JNRyKFU1AW&sp_cr=ZAZ
B0GDV9QQCC,Cute Handmade Beaded Flower Phone Charm with 360° Rotatable Phone Tether – Kawaii Mobile Accessory for Girls & Women,299,499,5.0,0,RK World InfoCom Private Limited,https://www.amazon.in/sspa/click?ie=UTF8&spc=MTo0ODc1NjQ5Mzc4ODUzNDc3OjE3ODUzNDY2MTA6c3BfbXRmOjMwMDk2NDg1MzQ2NTMzMjo6MDo6&url=%2FHandmade-Beaded-Flower-Accessory-Decorative%2Fdp%2FB0GDV9QQCC%2Fref%3Dsr_1_38_sspa%3Fkeywords%3DRKWI%2Bmobile%2Baccessories%26qid%3D1785346610%26sr%3D8-38-spons%26aref%3DShsQSlcsPA%26sp_csd%3Dd2lkZ2V0TmFtZT1zcF9tdGY%26psc%3D1&aref=ShsQSlcsPA&sp_cr=ZAZ
B0GYM2KKNG,Universal F6 Magnetic Mobile Phone Holder Car Dashboard Worlds Strongest and Safest Magnets for Car Bike Scooter Desk Office Home.,199,19900,,0,RK World InfoCom Private Limited,https://www.amazon.in/sspa/click?ie=UTF8&spc=MTo0ODc1NjQ5Mzc4ODUzNDc3OjE3ODUzNDY2MTA6c3BfbXRmOjMwMTE0ODA5OTMzOTczMjo6MDo6&url=%2FUniversal-Magnetic-Dashboard-Strongest-Magnets%2Fdp%2FB0GYM2KKNG%2Fref%3Dsr_1_39_sspa%3Fkeywords%3DRKWI%2Bmobile%2Baccessories%26qid%3D1785346610%26sr%3D8-39-spons%26aref%3Db77UvfE5aG%26sp_csd%3Dd2lkZ2V0TmFtZT1zcF9tdGY%26psc%3D1&aref=b77UvfE5aG&sp_cr=ZAZ
B0G6S5Q1LG,"Cute Bow Design Phone Charm with 360° Rotatable Phone Tether, Decorative Mobile Accessory with Heart and Flower Beads, Keychain Attachment",246,499,3.0,0,RK World InfoCom Private Limited,https://www.amazon.in/sspa/click?ie=UTF8&spc=MTo0ODc1NjQ5Mzc4ODUzNDc3OjE3ODUzNDY2MTA6c3BfbXRmOjMwMDk2NDgwMjgwODUzMjo6MDo6&url=%2FDesign-Decorative-Accessory-Keychain-Attachment%2Fdp%2FB0G6S5Q1LG%2Fref%3Dsr_1_40_sspa%3Fkeywords%3DRKWI%2Bmobile%2Baccessories%26qid%3D1785346610%26sr%3D8-40-spons%26aref%3DT6Y4jBx2Bk%26sp_csd%3Dd2lkZ2V0TmFtZT1zcF9tdGY%26psc%3D1&aref=T6Y4jBx2Bk&sp_cr=ZAZ
B0H164Q61P,Cute Phone Charm for Smartphones with 360° Rotatable Phone Tether – Aesthetic Hanging Mobile Accessory for Girls & Teens – Multiple Designs,299,499,5.0,0,RK World InfoCom Private Limited,https://www.amazon.in/sspa/click?ie=UTF8&spc=MToxNTg3NTQwMTQwOTY3NzgzOjE3ODUzNDY2MTU6c3BfbXRmOjMwMTE5NTE0MjM0OTczMjo6MDo6&url=%2FPhone-Charm-Smartphones-Rotatable-Tether%2Fdp%2FB0H164Q61P%2Fref%3Dsr_1_54_sspa%3Fkeywords%3DRKWI%2Bmobile%2Baccessories%26qid%3D1785346614%26sr%3D8-54-spons%26aref%3DshFPyTJPrO%26sp_csd%3Dd2lkZ2V0TmFtZT1zcF9tdGY%26psc%3D1&aref=shFPyTJPrO&sp_cr=ZAZ
B0GG5PRTN9,Cute Phone Charm for Smartphones with 360° Rotatable Phone Tether – Aesthetic Hanging Mobile Accessory for Girls & Teens – Multiple Designs,246,499,5.0,0,RK World InfoCom Private Limited,https://www.amazon.in/sspa/click?ie=UTF8&spc=MTo0Njg0NDE4Nzc3NzIyODIxOjE3ODUzNDY2NTc6c3BfYXRmX25leHQ6MzAwOTY0ODAyODA4NDMyOjowOjo&url=%2FCute-Phone-Charm-Smartphones-Aesthetic%2Fdp%2FB0GG5PRTN9%2Fref%3Dsr_1_195_sspa%3Fkeywords%3DRKWI%2Bmobile%2Baccessories%26qid%3D1785346656%26sr%3D8-195-spons%26aref%3DxDT20J2ru4%26sp_csd%3Dd2lkZ2V0TmFtZT1zcF9hdGZfbmV4dA%26psc%3D1&aref=xDT20J2ru4&sp_cr=ZAZ
B0FL7QGK24,"Calion 7.5kW Portable EV Charger | 32A, 1 Phase, 5m TPU Cable | IP65 | Carry Bag+Holder Clips+CEE Socket | Ultra Light | LED Indicator | 10+ Advanced Safety Features | 5Yr Warranty",22999,2299900,5.0,0,RK World InfoCom Private Limited,https://www.amazon.in/sspa/click?ie=UTF8&spc=MTo3MjAzMzQ0NTc2MzQ1NTM1OjE3ODUzNDY2OTQ6c3BfYXRmOjMwMDczNDYwNzgxOTMzMjo6MDo6&url=%2FPortable-Charger-Indicator-Advanced-Features%2Fdp%2FB0FL7QGK24%2Fref%3Dsr_1_1_sspa%3Fdib%3DeyJ2IjoiMSJ9.fHn1GhlOBiYBzMtp4uEnWlErscA9pJ6sTS_haxR29rdfrZJLu1Ik5QLfjH5AKsmhHnIuQlx5BOvUueZY1lpu-0X3UTL7TMQuzkuvMSMhOATl7U1mtBr4ZxvR9suqjHKIXeJVhnrAXGfi0I1tSoLGTQ.KAoWQMnduX49NL0KZi_UMZFlfamLO_0jNG9hgXt9PbY%26dib_tag%3Dse%26keywords%3DRKWI%2Bcharger%26qid%3D1785346693%26sr%3D8-1-spons%26aref%3Dmecnp0B8sf%26sp_csd%3Dd2lkZ2V0TmFtZT1zcF9hdGY%26psc%3D1&aref=mecnp0B8sf&sp_cr=ZAZ
B0F62WHB8S,"BAVE 100W SuperVOOC Fast Charger with USB-A to Type-C Cable | Compatible with OnePlus, Oppo, Realme, Honor, Redmi, Xiaomi, Poco & USB-C Devices | Supports Dash, Dart, Warp, VOOC & SuperVOOC Charging",645,1599,4.0,0,RK World InfoCom Private Limited,https://www.amazon.in/sspa/click?ie=UTF8&spc=MTo3MjAzMzQ0NTc2MzQ1NTM1OjE3ODUzNDY2OTQ6c3BfYXRmOjMwMDU3NDIyNjQxNDUzMjo6MDo6&url=%2FBAVE-Supervooc-Ultra-Fast-Charging-Supports%2Fdp%2FB0F62WHB8S%2Fref%3Dsr_1_2_sspa%3Fdib%3DeyJ2IjoiMSJ9.fHn1GhlOBiYBzMtp4uEnWlErscA9pJ6sTS_haxR29rdfrZJLu1Ik5QLfjH5AKsmhHnIuQlx5BOvUueZY1lpu-0X3UTL7TMQuzkuvMSMhOATl7U1mtBr4ZxvR9suqjHKIXeJVhnrAXGfi0I1tSoLGTQ.KAoWQMnduX49NL0KZi_UMZFlfamLO_0jNG9hgXt9PbY%26dib_tag%3Dse%26keywords%3DRKWI%2Bcharger%26qid%3D1785346693%26sr%3D8-2-spons%26aref%3DsoD1nrs7C5%26sp_csd%3Dd2lkZ2V0TmFtZT1zcF9hdGY%26psc%3D1&aref=soD1nrs7C5&sp_cr=ZAZ
B0DRFT38ZG,DECODIY Multiple 5 in 1 Universal Multi Pin Charger with Cable (6 Month Warranty) (1),299,999,2.7,6,RK World InfoCom Private Limited,https://www.amazon.in/DECODIY-Multiple-Universal-Charger-Warranty/dp/B0DRFT38ZG/ref=sr_1_3?dib=eyJ2IjoiMSJ9.fHn1GhlOBiYBzMtp4uEnWlErscA9pJ6sTS_haxR29rdfrZJLu1Ik5QLfjH5AKsmhHnIuQlx5BOvUueZY1lpu-0X3UTL7TMQuzkuvMSMhOATl7U1mtBr4ZxvR9suqjHKIXeJVhnrAXGfi0I1tSoLGTQ.KAoWQMnduX49NL0KZi_UMZFlfamLO_0jNG9hgXt9PbY&dib_tag=se&keywords=RKWI+charger&qid=1785346693&sr=8-3
B093YZKRBY,"Fast Charger for Mi Xiaomi Redmi 5 Pro/6 Pro/Redmi 5, Redmi 4, Note 5, Redmi 7, Redmi 6 Compatible Like Standard Travel Adapter with Fast Charging Data Cable (2.4 Ampere, Black)",309,799,3.6,162,RK World InfoCom Private Limited,https://www.amazon.in/bArrett-Fast-Adapter-Charger-Charging/dp/B093YZKRBY/ref=sr_1_4?dib=eyJ2IjoiMSJ9.fHn1GhlOBiYBzMtp4uEnWlErscA9pJ6sTS_haxR29rdfrZJLu1Ik5QLfjH5AKsmhHnIuQlx5BOvUueZY1lpu-0X3UTL7TMQuzkuvMSMhOATl7U1mtBr4ZxvR9suqjHKIXeJVhnrAXGfi0I1tSoLGTQ.KAoWQMnduX49NL0KZi_UMZFlfamLO_0jNG9hgXt9PbY&dib_tag=se&keywords=RKWI+charger&qid=1785346693&sr=8-4
B0FNLRXG48,"30W Fast Charger | USB C PD Wall Adapter + QC 3.0 USB A | Adjustable Night Light with Dual Port Charging | Compatible with iPhone 17,16/15/14/13,Samsung Galaxy S26/S25/S24/S23,OnePlus, MI & Android",616,1499,4.3,0,RK World InfoCom Private Limited,https://www.amazon.in/sspa/click?ie=UTF8&spc=MTo3MjAzMzQ0NTc2MzQ1NTM1OjE3ODUzNDY2OTQ6c3BfbXRmOjMwMDcxMDMxMTU2NzYzMjo6MDo6&url=%2FCharger-Adapter-Adjustable-Charging-Compatible%2Fdp%2FB0FNLRXG48%2Fref%3Dsr_1_5_sspa%3Fdib%3DeyJ2IjoiMSJ9.fHn1GhlOBiYBzMtp4uEnWlErscA9pJ6sTS_haxR29rdfrZJLu1Ik5QLfjH5AKsmhHnIuQlx5BOvUueZY1lpu-0X3UTL7TMQuzkuvMSMhOATl7U1mtBr4ZxvR9suqjHKIXeJVhnrAXGfi0I1tSoLGTQ.KAoWQMnduX49NL0KZi_UMZFlfamLO_0jNG9hgXt9PbY%26dib_tag%3Dse%26keywords%3DRKWI%2Bcharger%26qid%3D1785346693%26sr%3D8-5-spons%26aref%3DcWY2VE8xuQ%26sp_csd%3Dd2lkZ2V0TmFtZT1zcF9tdGY%26psc%3D1&aref=cWY2VE8xuQ&sp_cr=ZAZ
B0FHDJ1N9W,"80W SUPERVOOC Fast Charger with Type-C Cable | 80W USB Charger for OnePlus, Realme, Oppo, Redmi, Xiaomi, Poco, iQOO, Samsung & More | Supports Dart, Dash, Warp, Vooc, SuperVooc, QC 3.0 Charge (Combo)",599,1999,3.4,0,RK World InfoCom Private Limited,https://www.amazon.in/sspa/click?ie=UTF8&spc=MTo3MjAzMzQ0NTc2MzQ1NTM1OjE3ODUzNDY2OTQ6c3BfbXRmOjMwMDkwNjEzNzI0MDIzMjo6MDo6&url=%2FSUPERVOOC-Charger-OnePlus-Supports-SuperVooc%2Fdp%2FB0FHDJ1N9W%2Fref%3Dsr_1_6_sspa%3Fdib%3DeyJ2IjoiMSJ9.fHn1GhlOBiYBzMtp4uEnWlErscA9pJ6sTS_haxR29rdfrZJLu1Ik5QLfjH5AKsmhHnIuQlx5BOvUueZY1lpu-0X3UTL7TMQuzkuvMSMhOATl7U1mtBr4ZxvR9suqjHKIXeJVhnrAXGfi0I1tSoLGTQ.KAoWQMnduX49NL0KZi_UMZFlfamLO_0jNG9hgXt9PbY%26dib_tag%3Dse%26keywords%3DRKWI%2Bcharger%26qid%3D1785346693%26sr%3D8-6-spons%26aref%3D2YnZ1Zepaj%26sp_csd%3Dd2lkZ2V0TmFtZT1zcF9tdGY%26psc%3D1&aref=2YnZ1Zepaj&sp_cr=ZAZ
B00TGUX8T0,Portronics POR 343 UFO USB Home Charger 6 Ports 8A Charging Station for Smartphones and Tablets - White,599,1299,4.0,73,RK World InfoCom Private Limited,https://www.amazon.in/Portronics-POR-343-Charging-Station/dp/B00TGUX8T0/ref=sr_1_7?dib=eyJ2IjoiMSJ9.fHn1GhlOBiYBzMtp4uEnWlErscA9pJ6sTS_haxR29rdfrZJLu1Ik5QLfjH5AKsmhHnIuQlx5BOvUueZY1lpu-0X3UTL7TMQuzkuvMSMhOATl7U1mtBr4ZxvR9suqjHKIXeJVhnrAXGfi0I1tSoLGTQ.KAoWQMnduX49NL0KZi_UMZFlfamLO_0jNG9hgXt9PbY&dib_tag=se&keywords=RKWI+charger&qid=1785346693&sr=8-7
B08QFXPGJD,"RD Accesssories Compatible Single USB Charger,White",250,399,5.0,1,RK World InfoCom Private Limited,https://www.amazon.in/Accesssories-Compatible-Single-Charger-White/dp/B08QFXPGJD/ref=sr_1_8?dib=eyJ2IjoiMSJ9.fHn1GhlOBiYBzMtp4uEnWlErscA9pJ6sTS_haxR29rdfrZJLu1Ik5QLfjH5AKsmhHnIuQlx5BOvUueZY1lpu-0X3UTL7TMQuzkuvMSMhOATl7U1mtBr4ZxvR9suqjHKIXeJVhnrAXGfi0I1tSoLGTQ.KAoWQMnduX49NL0KZi_UMZFlfamLO_0jNG9hgXt9PbY&dib_tag=se&keywords=RKWI+charger&qid=1785346693&sr=8-8
B0H457NJKP,"Fast Charger 85W SuperVOOC Charger with Type-C Cable | Ultra-Fast Charging, Supports Warp, Dart, Dash & SuperDart, Charger + Cable Combo",699,899,,0,RK World InfoCom Private Limited,https://www.amazon.in/sspa/click?ie=UTF8&spc=MTo3MjAzMzQ0NTc2MzQ1NTM1OjE3ODUzNDY2OTQ6c3BfbXRmOjMwMTIxOTk1MTc2MDAzMjo6MDo6&url=%2FCharger-85W-SuperVOOC-Type-C-Cable%2Fdp%2FB0H457NJKP%2Fref%3Dsr_1_9_sspa%3Fdib%3DeyJ2IjoiMSJ9.fHn1GhlOBiYBzMtp4uEnWlErscA9pJ6sTS_haxR29rdfrZJLu1Ik5QLfjH5AKsmhHnIuQlx5BOvUueZY1lpu-0X3UTL7TMQuzkuvMSMhOATl7U1mtBr4ZxvR9suqjHKIXeJVhnrAXGfi0I1tSoLGTQ.KAoWQMnduX49NL0KZi_UMZFlfamLO_0jNG9hgXt9PbY%26dib_tag%3Dse%26keywords%3DRKWI%2Bcharger%26qid%3D1785346693%26sr%3D8-9-spons%26aref%3DTsT8M4EUnx%26sp_csd%3Dd2lkZ2V0TmFtZT1zcF9tdGY%26psc%3D1&aref=TsT8M4EUnx&sp_cr=ZAZ
B0H41HFSRL,Original 25 Watt Charger for Samsung Galaxy S23 Ultra/S23 /S23+| Note 20/S21/S21+/S20 Ultra/S20/S20+/S20 Ultra/S20 FE 5G/S22/S22+/S22 Ultra| Note 10/10+ 5G/- White BVC556T,999,2499,,0,RK World InfoCom Private Limited,https://www.amazon.in/sspa/click?ie=UTF8&spc=MTo3MjAzMzQ0NTc2MzQ1NTM1OjE3ODUzNDY2OTQ6c3BfbXRmOjMwMTE4NzUzODExMDkzMjo6MDo6&url=%2FOriginal-Charger-Samsung-Galaxy-BVC556T%2Fdp%2FB0H41HFSRL%2Fref%3Dsr_1_10_sspa%3Fdib%3DeyJ2IjoiMSJ9.fHn1GhlOBiYBzMtp4uEnWlErscA9pJ6sTS_haxR29rdfrZJLu1Ik5QLfjH5AKsmhHnIuQlx5BOvUueZY1lpu-0X3UTL7TMQuzkuvMSMhOATl7U1mtBr4ZxvR9suqjHKIXeJVhnrAXGfi0I1tSoLGTQ.KAoWQMnduX49NL0KZi_UMZFlfamLO_0jNG9hgXt9PbY%26dib_tag%3Dse%26keywords%3DRKWI%2Bcharger%26qid%3D1785346693%26sr%3D8-10-spons%26aref%3DIxM42kBoy1%26sp_csd%3Dd2lkZ2V0TmFtZT1zcF9tdGY%26psc%3D1&aref=IxM42kBoy1&sp_cr=ZAZ
B0DY4ZRVGS,5 in 1 Universal Multi Pin Charger with Cable,229,22900,2.6,3,RK World InfoCom Private Limited,https://www.amazon.in/RF-REDFOXX-Universal-Multi-Charger/dp/B0DY4ZRVGS/ref=sr_1_11?dib=eyJ2IjoiMSJ9.fHn1GhlOBiYBzMtp4uEnWlErscA9pJ6sTS_haxR29rdfrZJLu1Ik5QLfjH5AKsmhHnIuQlx5BOvUueZY1lpu-0X3UTL7TMQuzkuvMSMhOATl7U1mtBr4ZxvR9suqjHKIXeJVhnrAXGfi0I1tSoLGTQ.KAoWQMnduX49NL0KZi_UMZFlfamLO_0jNG9hgXt9PbY&dib_tag=se&keywords=RKWI+charger&qid=1785346693&sr=8-11
B0G82BD9NS,romitaz Parent Charger new02 (rom-01),1999,2999,,19991999299929992999,RK World InfoCom Private Limited,https://www.amazon.in/romitaz-Parent-Charger-new02-rom-01/dp/B0G82BD9NS/ref=sr_1_12?dib=eyJ2IjoiMSJ9.fHn1GhlOBiYBzMtp4uEnWlErscA9pJ6sTS_haxR29rdfrZJLu1Ik5QLfjH5AKsmhHnIuQlx5BOvUueZY1lpu-0X3UTL7TMQuzkuvMSMhOATl7U1mtBr4ZxvR9suqjHKIXeJVhnrAXGfi0I1tSoLGTQ.KAoWQMnduX49NL0KZi_UMZFlfamLO_0jNG9hgXt9PbY&dib_tag=se&keywords=RKWI+charger&qid=1785346693&sr=8-12
B0F1XSBN9Q,"littlelucky 2 Pack Magnetic Replacement Charger Cable 6MM Calibre USB-A & USB-C to Magnetic Cord DC for Rose Tool, 2.62FT Cable, 5V/1A Charger for Wand Massagers and Electronics",1764,,4.2,227,RK World InfoCom Private Limited,https://www.amazon.in/littlelucky-Magnetic-Replacement-Massagers-Electronics/dp/B0F1XSBN9Q/ref=sr_1_13?dib=eyJ2IjoiMSJ9.fHn1GhlOBiYBzMtp4uEnWlErscA9pJ6sTS_haxR29rdfrZJLu1Ik5QLfjH5AKsmhHnIuQlx5BOvUueZY1lpu-0X3UTL7TMQuzkuvMSMhOATl7U1mtBr4ZxvR9suqjHKIXeJVhnrAXGfi0I1tSoLGTQ.KAoWQMnduX49NL0KZi_UMZFlfamLO_0jNG9hgXt9PbY&dib_tag=se&keywords=RKWI+charger&qid=1785346693&sr=8-13
B01KS77FNO,Kastar Rechargeable USB Charger for KLIC-5001-2 KLIC-5001 K5001,5218,7390,4.5,16,RK World InfoCom Private Limited,https://www.amazon.in/Kastar-Rechargeable-Charger-KLIC-5001-2-KLIC-5001/dp/B01KS77FNO/ref=sr_1_14?dib=eyJ2IjoiMSJ9.fHn1GhlOBiYBzMtp4uEnWlErscA9pJ6sTS_haxR29rdfrZJLu1Ik5QLfjH5AKsmhHnIuQlx5BOvUueZY1lpu-0X3UTL7TMQuzkuvMSMhOATl7U1mtBr4ZxvR9suqjHKIXeJVhnrAXGfi0I1tSoLGTQ.KAoWQMnduX49NL0KZi_UMZFlfamLO_0jNG9hgXt9PbY&dib_tag=se&keywords=RKWI+charger&qid=1785346693&sr=8-14
B0FFSMYC1C,"Universal Replacement Rose Charger,Standing Magnetic Adapter USB Charger Cable for Rose Wand (2)",4344,9306,3.9,60,RK World InfoCom Private Limited,https://www.amazon.in/BaiWeiDun-Universal-Replacement-Standing-Magnetic/dp/B0FFSMYC1C/ref=sr_1_15?dib=eyJ2IjoiMSJ9.fHn1GhlOBiYBzMtp4uEnWlErscA9pJ6sTS_haxR29rdfrZJLu1Ik5QLfjH5AKsmhHnIuQlx5BOvUueZY1lpu-0X3UTL7TMQuzkuvMSMhOATl7U1mtBr4ZxvR9suqjHKIXeJVhnrAXGfi0I1tSoLGTQ.KAoWQMnduX49NL0KZi_UMZFlfamLO_0jNG9hgXt9PbY&dib_tag=se&keywords=RKWI+charger&qid=1785346693&sr=8-15
B0GYY1B8TZ,"UltraProlink Boost 45W GaN Charger, Dual USB-C Ports, Multi-Protocol Fast Charger with 1m Type-C Cable, AVS, PD 3.1 PPS, SFC 2.0, SuperVOOC Support for iPhone,Samsung,Pixel,OnePlus,Oppo, UM1342, White",1599,2999,,0,RK World InfoCom Private Limited,https://www.amazon.in/sspa/click?ie=UTF8&spc=MTo3NzkzNTAwMjE0OTg4NTU3OjE3ODUzNDY2OTg6c3BfYXRmX25leHQ6MzAxMTUzMjM0Njk5OTMyOjowOjo&url=%2FUltraProlink-Charger-Multi-Protocol-SuperVOOC-UM1342%2Fdp%2FB0GYY1B8TZ%2Fref%3Dsr_1_18_sspa%3Fkeywords%3DRKWI%2Bcharger%26qid%3D1785346697%26sr%3D8-18-spons%26aref%3Dwh4lIsQVH5%26sp_csd%3Dd2lkZ2V0TmFtZT1zcF9hdGZfbmV4dA%26psc%3D1&aref=wh4lIsQVH5&sp_cr=ZAZ
B0DFMGB3KH,"22kW EV Charger, 32A, 3 Phase, 5m TPU Cable, Large Touch Screen, Adjustable Amps, Wi-FI, BT, RFID,Emergency Switch, OTA Update, IP65, Built-in RCD, 5 Years Warranty*",34999,55000,5.0,0,RK World InfoCom Private Limited,https://www.amazon.in/sspa/click?ie=UTF8&spc=MTo3NzkzNTAwMjE0OTg4NTU3OjE3ODUzNDY2OTg6c3BfYXRmX25leHQ6MzAwMzE3Mjc0NjUwMDMyOjowOjo&url=%2FStromPuls-Charger-Ajdustable-Blutooth-Certified%2Fdp%2FB0DFMGB3KH%2Fref%3Dsr_1_19_sspa%3Fkeywords%3DRKWI%2Bcharger%26qid%3D1785346697%26sr%3D8-19-spons%26aref%3D1aEGWvOA36%26sp_csd%3Dd2lkZ2V0TmFtZT1zcF9hdGZfbmV4dA%26psc%3D1&aref=1aEGWvOA36&sp_cr=ZAZ
B0GC7X7PM6,"Noise GaN Charger 100W + 4-in-1 100W Braided Cable (1M) : 4 Ports (3 USB-C Type, 1 USB-A), Super Fast Charging, Supports All iPhones, Android (Black)",4399,6298,3.9,0,RK World InfoCom Private Limited,https://www.amazon.in/sspa/click?ie=UTF8&spc=MTo3NzkzNTAwMjE0OTg4NTU3OjE3ODUzNDY2OTg6c3BfbXRmOjMwMDkwNjE2MDA1NDUzMjo6MDo6&url=%2FNoise-Charger-100W-Braided-Cable%2Fdp%2FB0GC7X7PM6%2Fref%3Dsr_1_20_sspa%3Fkeywords%3DRKWI%2Bcharger%26qid%3D1785346697%26sr%3D8-20-spons%26aref%3D49TfUmjODS%26sp_csd%3Dd2lkZ2V0TmFtZT1zcF9tdGY%26psc%3D1&aref=49TfUmjODS&sp_cr=ZAZ
B0GVBMYJV7,"80W Flash Charge Adapter & Cable Compatible with iq00 Neo 10R, Z9 Series & Neo 9 Series | Fast Charging | Durable Design",998,2999,,0,RK World InfoCom Private Limited,https://www.amazon.in/sspa/click?ie=UTF8&spc=MTo3NzkzNTAwMjE0OTg4NTU3OjE3ODUzNDY2OTg6c3BfbXRmOjMwMTA4MDE3NjMzMTUzMjo6MDo6&url=%2FCharge-Adapter-Compatible-Charging-Durable%2Fdp%2FB0GVBMYJV7%2Fref%3Dsr_1_21_sspa%3Fkeywords%3DRKWI%2Bcharger%26qid%3D1785346697%26sr%3D8-21-spons%26aref%3DMs5wQ7RZkR%26sp_csd%3Dd2lkZ2V0TmFtZT1zcF9tdGY%26psc%3D1&aref=Ms5wQ7RZkR&sp_cr=ZAZ
B0FM9XHH8P,"OrignaI 80W Charger Compatible with vi-vo V30, vi.vo V29, V30 Pro, vi.vo X80 5G, viv.o X80 Pro, Adapter and Cable",1299,129900,,0,RK World InfoCom Private Limited,https://www.amazon.in/sspa/click?ie=UTF8&spc=MTo3NzkzNTAwMjE0OTg4NTU3OjE3ODUzNDY2OTg6c3BfbXRmOjMwMTA4MDE3NjMzMjczMjo6MDo6&url=%2FOrignaI-Charger-Compatible-vi-vo-Adapter%2Fdp%2FB0FM9XHH8P%2Fref%3Dsr_1_22_sspa%3Fkeywords%3DRKWI%2Bcharger%26qid%3D1785346697%26sr%3D8-22-spons%26aref%3Dbj2WbPS4Vs%26sp_csd%3Dd2lkZ2V0TmFtZT1zcF9tdGY%26psc%3D1&aref=bj2WbPS4Vs&sp_cr=ZAZ
B0FY3299B2,"Ambrane 45W Fast Type C Charger Adapter for Mobiles & Type C Laptops, Small Size, GaN Charger, PD Technology, for iPhone, Samsung, MacBook, Android Mobiles, C Type Laptops, iPad (Charge i45, Black)",1099,1999,4.0,0,RK World InfoCom Private Limited,https://www.amazon.in/sspa/click?ie=UTF8&spc=MTo3NzkzNTAwMjE0OTg4NTU3OjE3ODUzNDY2OTg6c3BfbXRmOjMwMTAwNzQwMDUyODkzMjo6MDo6&url=%2FAmbrane-Charger-Adapter-Mobiles-Technology%2Fdp%2FB0FY3299B2%2Fref%3Dsr_1_23_sspa%3Fkeywords%3DRKWI%2Bcharger%26qid%3D1785346697%26sr%3D8-23-spons%26aref%3D80CckeyvRx%26sp_csd%3Dd2lkZ2V0TmFtZT1zcF9tdGY%26psc%3D1&aref=80CckeyvRx&sp_cr=ZAZ
B0GZFN8WMB,"80W Quick Charge Adapter Compatible for vivo Y18, Y28s, V30e & iQ00 Z9x | Ultra-Fast Charging Solution | Compact & Travel-Friendly",990,2999,,0,RK World InfoCom Private Limited,https://www.amazon.in/sspa/click?ie=UTF8&spc=MTo3NzkzNTAwMjE0OTg4NTU3OjE3ODUzNDY2OTg6c3BfbXRmOjMwMTA4MDE3NjMzMjEzMjo6MDo6&url=%2FCompatible-Ultra-Fast-Charging-Solution-Travel-Friendly%2Fdp%2FB0GZFN8WMB%2Fref%3Dsr_1_24_sspa%3Fkeywords%3DRKWI%2Bcharger%26qid%3D1785346697%26sr%3D8-24-spons%26aref%3DEkiPuizp8Q%26sp_csd%3Dd2lkZ2V0TmFtZT1zcF9tdGY%26psc%3D1&aref=EkiPuizp8Q&sp_cr=ZAZ
B0DSC4GX9Z,"Ambrane 45W Fast Type C Charger Adapter for Mobiles & Type C Laptops, Small Size, GaN Charger, PD Technology, for iPhone, Samsung, MacBook, Android Mobiles, Type C Laptops, iPad (Charge i45, White)",1099,1999,4.2,0,RK World InfoCom Private Limited,https://www.amazon.in/sspa/click?ie=UTF8&spc=MTo3NzkzNTAwMjE0OTg4NTU3OjE3ODUzNDY2OTg6c3BfbXRmOjMwMDQ3ODY4OTk1OTczMjo6MDo6&url=%2FAmbrane-Charger-Technology-Charge-i45%2Fdp%2FB0DSC4GX9Z%2Fref%3Dsr_1_25_sspa%3Fkeywords%3DRKWI%2Bcharger%26qid%3D1785346697%26sr%3D8-25-spons%26aref%3DPPVmnT1tP8%26sp_csd%3Dd2lkZ2V0TmFtZT1zcF9tdGY%26psc%3D1&aref=PPVmnT1tP8&sp_cr=ZAZ
B0GYSFXX6T,"Noise Newly Launched GaN Charger 65W + Type-C to Type-C 65W Braided Cable (1M) Combo: 3 Ports (2 USB-C Type, 1 USB-A), Super Fast Charging Adapter with PD, Supports All iPhones, Android (Black)",2499,4498,4.4,0,RK World InfoCom Private Limited,https://www.amazon.in/sspa/click?ie=UTF8&spc=MToxNzY4MzI2MTAzMzYyNTUwOjE3ODUzNDY3MDI6c3BfYXRmX25leHQ6MzAxMTE3MzQ0NzA0NzMyOjowOjo&url=%2FNoise-Launched-Charger-Type-C-Braided%2Fdp%2FB0GYSFXX6T%2Fref%3Dsr_1_35_sspa%3Fkeywords%3DRKWI%2Bcharger%26qid%3D1785346702%26sr%3D8-35-spons%26aref%3D3dHXEAmrJ1%26sp_csd%3Dd2lkZ2V0TmFtZT1zcF9hdGZfbmV4dA%26psc%3D1&aref=3dHXEAmrJ1&sp_cr=ZAZ
B0BTXW72WK,"RØDE XLR-3 Premium XLR Cable (3m, Orange)",4619,461900,4.7,0,RK World InfoCom Private Limited,https://www.amazon.in/sspa/click?ie=UTF8&spc=MTozODQwMjgzMjc1ODQxNjI6MTc4NTM0NjcyMjpzcF9hdGY6MzAwMzUxNTk5OTg0MDMyOjowOjo&url=%2FR%25C3%2598DE-XLR-3-Premium-Cable-Orange%2Fdp%2FB0BTXW72WK%2Fref%3Dsr_1_1_sspa%3Fdib%3DeyJ2IjoiMSJ9.k5_6IryHaLHKbqwRygvMjiCtYavbW9541y8u1ifBmjDhEwh_8993L2wSmh9qpV_PiHDDVg-0TjT6oFaT-BI2oAhhEET2wpH3v0MQeie1-C0fYhrDLiqmGoMuXVGKIfC-87B8u8li7kiMiqVHUlebERWGsFiQzNLFsnt1lEvkFALjaSTF_nJUGC8yPzhk_rJ4lnvL4nPB9o0jFJSIxVkR6XLLYjEMx7qCTpekiLZlcTs.Ke_F1fbxYWuI78tMkLYD5DjgPs-CyMmxu-Q28PvD5KE%26dib_tag%3Dse%26keywords%3DRKWI%2Bcable%26qid%3D1785346722%26sr%3D8-1-spons%26aref%3DK5ZD72fHVH%26sp_csd%3Dd2lkZ2V0TmFtZT1zcF9hdGY%26psc%3D1&aref=K5ZD72fHVH&sp_cr=ZAZ
B0FL2QFPMX,"Cat 5e Ethernet Cable 1.5 Meter White– High Speed 1Gbps UTP RJ45 LAN Network Internet Cable, Patch Cord for WiFi Router, Modem, Internet, Home & Office Use - White",219,349,4.2,0,RK World InfoCom Private Limited,https://www.amazon.in/sspa/click?ie=UTF8&spc=MTozODQwMjgzMjc1ODQxNjI6MTc4NTM0NjcyMjpzcF9hdGY6MzAwODYyNDE3NjMzNzMyOjowOjo&url=%2FMUCHOCONNECT-Ethernet-Cable-Network-Internet%2Fdp%2FB0FL2QFPMX%2Fref%3Dsr_1_2_sspa%3Fdib%3DeyJ2IjoiMSJ9.k5_6IryHaLHKbqwRygvMjiCtYavbW9541y8u1ifBmjDhEwh_8993L2wSmh9qpV_PiHDDVg-0TjT6oFaT-BI2oAhhEET2wpH3v0MQeie1-C0fYhrDLiqmGoMuXVGKIfC-87B8u8li7kiMiqVHUlebERWGsFiQzNLFsnt1lEvkFALjaSTF_nJUGC8yPzhk_rJ4lnvL4nPB9o0jFJSIxVkR6XLLYjEMx7qCTpekiLZlcTs.Ke_F1fbxYWuI78tMkLYD5DjgPs-CyMmxu-Q28PvD5KE%26dib_tag%3Dse%26keywords%3DRKWI%2Bcable%26qid%3D1785346722%26sr%3D8-2-spons%26aref%3DoOdRfBFgyK%26sp_csd%3Dd2lkZ2V0TmFtZT1zcF9hdGY%26psc%3D1&aref=oOdRfBFgyK&sp_cr=ZAZ
B0C53MJWTF,"FEDUS Cat6 Ethernet Cable, 1 Meter L-Shape High Speed 550Mhz 10 Gigabit Speed Utp Lan Cable, Network Cable Cord Gigabit Category 6 Wires For Laptop, Personal Computer, Router, Modem, Television(White)",289,999,4.1,100,RK World InfoCom Private Limited,https://www.amazon.in/FEDUS-Ethernet-Category-Personal-Television/dp/B0C53MJWTF/ref=sr_1_3?dib=eyJ2IjoiMSJ9.k5_6IryHaLHKbqwRygvMjiCtYavbW9541y8u1ifBmjDhEwh_8993L2wSmh9qpV_PiHDDVg-0TjT6oFaT-BI2oAhhEET2wpH3v0MQeie1-C0fYhrDLiqmGoMuXVGKIfC-87B8u8li7kiMiqVHUlebERWGsFiQzNLFsnt1lEvkFALjaSTF_nJUGC8yPzhk_rJ4lnvL4nPB9o0jFJSIxVkR6XLLYjEMx7qCTpekiLZlcTs.Ke_F1fbxYWuI78tMkLYD5DjgPs-CyMmxu-Q28PvD5KE&dib_tag=se&keywords=RKWI+cable&qid=1785346722&sr=8-3
B089DN9QX7,"RIVER FOX RJ45 CAT 5e Internet Network LAN Patch Cable (1.5 Meter Pack of 5, Black)",349,499,4.0,174,RK World InfoCom Private Limited,https://www.amazon.in/RIVER-FOX-Internet-Network-Patch/dp/B089DN9QX7/ref=sr_1_4?dib=eyJ2IjoiMSJ9.k5_6IryHaLHKbqwRygvMjiCtYavbW9541y8u1ifBmjDhEwh_8993L2wSmh9qpV_PiHDDVg-0TjT6oFaT-BI2oAhhEET2wpH3v0MQeie1-C0fYhrDLiqmGoMuXVGKIfC-87B8u8li7kiMiqVHUlebERWGsFiQzNLFsnt1lEvkFALjaSTF_nJUGC8yPzhk_rJ4lnvL4nPB9o0jFJSIxVkR6XLLYjEMx7qCTpekiLZlcTs.Ke_F1fbxYWuI78tMkLYD5DjgPs-CyMmxu-Q28PvD5KE&dib_tag=se&keywords=RKWI+cable&qid=1785346722&sr=8-4
B08XQYN3MK,River Fox TELEPHONE CABLE,315,499,3.8,8,RK World InfoCom Private Limited,https://www.amazon.in/River-Telephone-Modem-Connecting-Cable/dp/B08XQYN3MK/ref=sr_1_5?dib=eyJ2IjoiMSJ9.k5_6IryHaLHKbqwRygvMjiCtYavbW9541y8u1ifBmjDhEwh_8993L2wSmh9qpV_PiHDDVg-0TjT6oFaT-BI2oAhhEET2wpH3v0MQeie1-C0fYhrDLiqmGoMuXVGKIfC-87B8u8li7kiMiqVHUlebERWGsFiQzNLFsnt1lEvkFALjaSTF_nJUGC8yPzhk_rJ4lnvL4nPB9o0jFJSIxVkR6XLLYjEMx7qCTpekiLZlcTs.Ke_F1fbxYWuI78tMkLYD5DjgPs-CyMmxu-Q28PvD5KE&dib_tag=se&keywords=RKWI+cable&qid=1785346722&sr=8-5
B0854BLLL3,Labs 5 Meter 10 Core Rainbow Color Flat Ribbon Wire Cable,234,46.80,3.4,31,RK World InfoCom Private Limited,https://www.amazon.in/RASHRI-One-All-Rainbow-Ribbon/dp/B0854BLLL3/ref=sr_1_6?dib=eyJ2IjoiMSJ9.k5_6IryHaLHKbqwRygvMjiCtYavbW9541y8u1ifBmjDhEwh_8993L2wSmh9qpV_PiHDDVg-0TjT6oFaT-BI2oAhhEET2wpH3v0MQeie1-C0fYhrDLiqmGoMuXVGKIfC-87B8u8li7kiMiqVHUlebERWGsFiQzNLFsnt1lEvkFALjaSTF_nJUGC8yPzhk_rJ4lnvL4nPB9o0jFJSIxVkR6XLLYjEMx7qCTpekiLZlcTs.Ke_F1fbxYWuI78tMkLYD5DjgPs-CyMmxu-Q28PvD5KE&dib_tag=se&keywords=RKWI+cable&qid=1785346722&sr=8-6
B0854L1GNR,Labs 10 Meter 10 Core Rainbow Color Flat Ribbon Wire Cable (10 Meters) (10 Meters),334,399,3.4,31,RK World InfoCom Private Limited,https://www.amazon.in/RASHRI-One-All-Rainbow-Ribbon/dp/B0854L1GNR/ref=sr_1_7?dib=eyJ2IjoiMSJ9.k5_6IryHaLHKbqwRygvMjiCtYavbW9541y8u1ifBmjDhEwh_8993L2wSmh9qpV_PiHDDVg-0TjT6oFaT-BI2oAhhEET2wpH3v0MQeie1-C0fYhrDLiqmGoMuXVGKIfC-87B8u8li7kiMiqVHUlebERWGsFiQzNLFsnt1lEvkFALjaSTF_nJUGC8yPzhk_rJ4lnvL4nPB9o0jFJSIxVkR6XLLYjEMx7qCTpekiLZlcTs.Ke_F1fbxYWuI78tMkLYD5DjgPs-CyMmxu-Q28PvD5KE&dib_tag=se&keywords=RKWI+cable&qid=1785346722&sr=8-7
B08DM26TY5,"FEDUS Cat6 Ethernet Cable, Pack of 5, 1.5 M High Speed 550MHZ 10 Gigabit Speed UTP LAN Cable, Network Cable Internet Cable RJ45 Cable LAN Wire, Patch Computer Cord Gigabit Category 6 Wires for Modem",799,999,4.0,3,RK World InfoCom Private Limited,https://www.amazon.in/Ethernet-Internet-Network-Computer-Category/dp/B08DM26TY5/ref=sr_1_8?dib=eyJ2IjoiMSJ9.k5_6IryHaLHKbqwRygvMjiCtYavbW9541y8u1ifBmjDhEwh_8993L2wSmh9qpV_PiHDDVg-0TjT6oFaT-BI2oAhhEET2wpH3v0MQeie1-C0fYhrDLiqmGoMuXVGKIfC-87B8u8li7kiMiqVHUlebERWGsFiQzNLFsnt1lEvkFALjaSTF_nJUGC8yPzhk_rJ4lnvL4nPB9o0jFJSIxVkR6XLLYjEMx7qCTpekiLZlcTs.Ke_F1fbxYWuI78tMkLYD5DjgPs-CyMmxu-Q28PvD5KE&dib_tag=se&keywords=RKWI+cable&qid=1785346722&sr=8-8
B07RL2GH3L,"RIVER FOX RJ45 CAT 5e Internet Network LAN Patch Cable (1 Meter Pack of 1, Black)",199,399,4.0,174,RK World InfoCom Private Limited,https://www.amazon.in/RIVER-FOX-Internet-Network-Patch/dp/B07RL2GH3L/ref=sr_1_9?dib=eyJ2IjoiMSJ9.k5_6IryHaLHKbqwRygvMjiCtYavbW9541y8u1ifBmjDhEwh_8993L2wSmh9qpV_PiHDDVg-0TjT6oFaT-BI2oAhhEET2wpH3v0MQeie1-C0fYhrDLiqmGoMuXVGKIfC-87B8u8li7kiMiqVHUlebERWGsFiQzNLFsnt1lEvkFALjaSTF_nJUGC8yPzhk_rJ4lnvL4nPB9o0jFJSIxVkR6XLLYjEMx7qCTpekiLZlcTs.Ke_F1fbxYWuI78tMkLYD5DjgPs-CyMmxu-Q28PvD5KE&dib_tag=se&keywords=RKWI+cable&qid=1785346722&sr=8-9
B0BRM56LN6,"6 Inch Short RJ12 Straight Wired Cable 6P6C Male to Male Flat Telephone Cord,Compatible with Data and Voice(Black,10Pack)",2672,,3.7,20,RK World InfoCom Private Limited,https://www.amazon.in/RIIEYOCA-Straight-Telephone-Compatible-10Pack/dp/B0BRM56LN6/ref=sr_1_10?dib=eyJ2IjoiMSJ9.k5_6IryHaLHKbqwRygvMjiCtYavbW9541y8u1ifBmjDhEwh_8993L2wSmh9qpV_PiHDDVg-0TjT6oFaT-BI2oAhhEET2wpH3v0MQeie1-C0fYhrDLiqmGoMuXVGKIfC-87B8u8li7kiMiqVHUlebERWGsFiQzNLFsnt1lEvkFALjaSTF_nJUGC8yPzhk_rJ4lnvL4nPB9o0jFJSIxVkR6XLLYjEMx7qCTpekiLZlcTs.Ke_F1fbxYWuI78tMkLYD5DjgPs-CyMmxu-Q28PvD5KE&dib_tag=se&keywords=RKWI+cable&qid=1785346722&sr=8-10
B07RL2K171,"RIVER FOX RJ45 CAT 5e Internet Network LAN Patch Cable (1 Meter Pack of 10, Black)",599,,4.0,174,RK World InfoCom Private Limited,https://www.amazon.in/RIVER-FOX-Internet-Network-Patch/dp/B07RL2K171/ref=sr_1_11?dib=eyJ2IjoiMSJ9.k5_6IryHaLHKbqwRygvMjiCtYavbW9541y8u1ifBmjDhEwh_8993L2wSmh9qpV_PiHDDVg-0TjT6oFaT-BI2oAhhEET2wpH3v0MQeie1-C0fYhrDLiqmGoMuXVGKIfC-87B8u8li7kiMiqVHUlebERWGsFiQzNLFsnt1lEvkFALjaSTF_nJUGC8yPzhk_rJ4lnvL4nPB9o0jFJSIxVkR6XLLYjEMx7qCTpekiLZlcTs.Ke_F1fbxYWuI78tMkLYD5DjgPs-CyMmxu-Q28PvD5KE&dib_tag=se&keywords=RKWI+cable&qid=1785346722&sr=8-11
B07TQJ539C,RIVER FOX CAT 5e LAN Cable 1.5 Meter RJ45 Ethernet Cable for Internet Networking Computer Laptop Router Modem Switch Gigabit Speed Data Transfer Pack of 3,249,83,3.6,22,RK World InfoCom Private Limited,https://www.amazon.in/RIVER-FOX-Internet-Networking-Computer/dp/B07TQJ539C/ref=sr_1_12?dib=eyJ2IjoiMSJ9.k5_6IryHaLHKbqwRygvMjiCtYavbW9541y8u1ifBmjDhEwh_8993L2wSmh9qpV_PiHDDVg-0TjT6oFaT-BI2oAhhEET2wpH3v0MQeie1-C0fYhrDLiqmGoMuXVGKIfC-87B8u8li7kiMiqVHUlebERWGsFiQzNLFsnt1lEvkFALjaSTF_nJUGC8yPzhk_rJ4lnvL4nPB9o0jFJSIxVkR6XLLYjEMx7qCTpekiLZlcTs.Ke_F1fbxYWuI78tMkLYD5DjgPs-CyMmxu-Q28PvD5KE&dib_tag=se&keywords=RKWI+cable&qid=1785346722&sr=8-12
B07TQGSHXH,RIVER FOX CAT 5e LAN Cable 1.5 Meter RJ45 Ethernet Cable for Internet Networking Computer Laptop Router Modem Switch Gigabit Speed Data Transfer Pack of 1,195,899,3.6,22,RK World InfoCom Private Limited,https://www.amazon.in/RIVER-FOX-Internet-Networking-Computer/dp/B07TQGSHXH/ref=sr_1_13?dib=eyJ2IjoiMSJ9.k5_6IryHaLHKbqwRygvMjiCtYavbW9541y8u1ifBmjDhEwh_8993L2wSmh9qpV_PiHDDVg-0TjT6oFaT-BI2oAhhEET2wpH3v0MQeie1-C0fYhrDLiqmGoMuXVGKIfC-87B8u8li7kiMiqVHUlebERWGsFiQzNLFsnt1lEvkFALjaSTF_nJUGC8yPzhk_rJ4lnvL4nPB9o0jFJSIxVkR6XLLYjEMx7qCTpekiLZlcTs.Ke_F1fbxYWuI78tMkLYD5DjgPs-CyMmxu-Q28PvD5KE&dib_tag=se&keywords=RKWI+cable&qid=1785346722&sr=8-13
B0859XSYTC,10 Core Rainbow Color Flat Ribbon Wire Cable (15 Meters),434,28.93,3.0,17,RK World InfoCom Private Limited,https://www.amazon.in/RASHRI-One-All-Rainbow-Ribbon/dp/B0859XSYTC/ref=sr_1_14?dib=eyJ2IjoiMSJ9.k5_6IryHaLHKbqwRygvMjiCtYavbW9541y8u1ifBmjDhEwh_8993L2wSmh9qpV_PiHDDVg-0TjT6oFaT-BI2oAhhEET2wpH3v0MQeie1-C0fYhrDLiqmGoMuXVGKIfC-87B8u8li7kiMiqVHUlebERWGsFiQzNLFsnt1lEvkFALjaSTF_nJUGC8yPzhk_rJ4lnvL4nPB9o0jFJSIxVkR6XLLYjEMx7qCTpekiLZlcTs.Ke_F1fbxYWuI78tMkLYD5DjgPs-CyMmxu-Q28PvD5KE&dib_tag=se&keywords=RKWI+cable&qid=1785346722&sr=8-14
B0DPT7WRNR,"RK Solid Twin Core PVC Wire, 6 Sqmm, 80 m Length, Heavy Duty",1599,19.99,3.1,2,RK World InfoCom Private Limited,https://www.amazon.in/Solid-Twin-Core-Length-Heavy/dp/B0DPT7WRNR/ref=sr_1_15?dib=eyJ2IjoiMSJ9.k5_6IryHaLHKbqwRygvMjiCtYavbW9541y8u1ifBmjDhEwh_8993L2wSmh9qpV_PiHDDVg-0TjT6oFaT-BI2oAhhEET2wpH3v0MQeie1-C0fYhrDLiqmGoMuXVGKIfC-87B8u8li7kiMiqVHUlebERWGsFiQzNLFsnt1lEvkFALjaSTF_nJUGC8yPzhk_rJ4lnvL4nPB9o0jFJSIxVkR6XLLYjEMx7qCTpekiLZlcTs.Ke_F1fbxYWuI78tMkLYD5DjgPs-CyMmxu-Q28PvD5KE&dib_tag=se&keywords=RKWI+cable&qid=1785346722&sr=8-15
B07TPDF7JR,RIVER FOX 10 Pcs 1.5 Meter LAN Cable RJ45 CAT 5e for Internet Networking Computer Laptop Router Modem,475,899,3.6,22,RK World InfoCom Private Limited,https://www.amazon.in/RIVER-FOX-Internet-Networking-Computer/dp/B07TPDF7JR/ref=sr_1_16?dib=eyJ2IjoiMSJ9.k5_6IryHaLHKbqwRygvMjiCtYavbW9541y8u1ifBmjDhEwh_8993L2wSmh9qpV_PiHDDVg-0TjT6oFaT-BI2oAhhEET2wpH3v0MQeie1-C0fYhrDLiqmGoMuXVGKIfC-87B8u8li7kiMiqVHUlebERWGsFiQzNLFsnt1lEvkFALjaSTF_nJUGC8yPzhk_rJ4lnvL4nPB9o0jFJSIxVkR6XLLYjEMx7qCTpekiLZlcTs.Ke_F1fbxYWuI78tMkLYD5DjgPs-CyMmxu-Q28PvD5KE&dib_tag=se&keywords=RKWI+cable&qid=1785346722&sr=8-16
B09LH26H1B,"Cat5e Ethernet Coiled Cable Retractable Cable RJ45 Network LAN Coiled Spiral Cable for Laptops, Desktop, Routers, Set-top Boxes -Stretchable to 1.5M",1939,,3.4,61,RK World InfoCom Private Limited,https://www.amazon.in/RIIEYOCA-Ethernet-Retractable-Network-Stretchable/dp/B09LH26H1B/ref=sr_1_17?dib=eyJ2IjoiMSJ9.k5_6IryHaLHKbqwRygvMjiCtYavbW9541y8u1ifBmjDhEwh_8993L2wSmh9qpV_PiHDDVg-0TjT6oFaT-BI2oAhhEET2wpH3v0MQeie1-C0fYhrDLiqmGoMuXVGKIfC-87B8u8li7kiMiqVHUlebERWGsFiQzNLFsnt1lEvkFALjaSTF_nJUGC8yPzhk_rJ4lnvL4nPB9o0jFJSIxVkR6XLLYjEMx7qCTpekiLZlcTs.Ke_F1fbxYWuI78tMkLYD5DjgPs-CyMmxu-Q28PvD5KE&dib_tag=se&keywords=RKWI+cable&qid=1785346722&sr=8-17
B0DPCWS39G,"RK Solid Twin Core PVC Wire, 4 Sqmm, 40 m Length",1299,32.48,,1299129932483248179917991799,RK World InfoCom Private Limited,https://www.amazon.in/Solid-Twin-Core-Wire-Length/dp/B0DPCWS39G/ref=sr_1_18?dib=eyJ2IjoiMSJ9.k5_6IryHaLHKbqwRygvMjiCtYavbW9541y8u1ifBmjDhEwh_8993L2wSmh9qpV_PiHDDVg-0TjT6oFaT-BI2oAhhEET2wpH3v0MQeie1-C0fYhrDLiqmGoMuXVGKIfC-87B8u8li7kiMiqVHUlebERWGsFiQzNLFsnt1lEvkFALjaSTF_nJUGC8yPzhk_rJ4lnvL4nPB9o0jFJSIxVkR6XLLYjEMx7qCTpekiLZlcTs.Ke_F1fbxYWuI78tMkLYD5DjgPs-CyMmxu-Q28PvD5KE&dib_tag=se&keywords=RKWI+cable&qid=1785346722&sr=8-18
B0H5VL2CB8,"Verilux® 2Pcs PD 240W Type C Cable Fast Charging Nylon Braided 1M/3.28Ft | C Type Charger Cable with 480Mbps Data Synch Support E Marker Chip for iPhone 17/16/15, Galaxy S26/S25/S24, Macbook, iPad",659,948,3.8,0,RK World InfoCom Private Limited,https://www.amazon.in/sspa/click?ie=UTF8&spc=MTo2MDUwNTcxMDAyMzM5OTQ3OjE3ODUzNDY3MjY6c3BfYXRmX25leHQ6MzAxMTYzMTgwMDIzNzMyOjowOjo&url=%2FVerilux%25C2%25AE-Charging-Braided-Charger-480Mbps%2Fdp%2FB0H5VL2CB8%2Fref%3Dsr_1_17_sspa%3Fdib%3DeyJ2IjoiMSJ9.0ZpAIldd4cAkVvYQ6L1yxvIgAAku-n_y9G_gZ7QBAYhLg61CmMDvhhPBetWOZB5Q.9GXhimX1vqHYLs0SfcDF64a82XIKyxOknZTxn5BD4ns%26dib_tag%3Dse%26keywords%3DRKWI%2Bcable%26qid%3D1785346726%26sr%3D8-17-spons%26aref%3D5kxF78DpOy%26sp_csd%3Dd2lkZ2V0TmFtZT1zcF9hdGZfbmV4dA%26psc%3D1&aref=5kxF78DpOy&sp_cr=ZAZ
B0H3MSDNDM,"Verilux® 3 in 1 Retractable C Type Charger Cable with Triple Magnetic Replaceable Type C/Micro/Lighting Connector, 3FT/1M USB C Cable with Five Adjustable Telescopic Levels for iPhone 17/16/15, Galaxy",842,1263,,0,RK World InfoCom Private Limited,https://www.amazon.in/sspa/click?ie=UTF8&spc=MTo2MDUwNTcxMDAyMzM5OTQ3OjE3ODUzNDY3MjY6c3BfYXRmX25leHQ6MzAxMTc1ODQ2MDQ4OTMyOjowOjo&url=%2FRetractable-Replaceable-Connector-Adjustable-Telescopic%2Fdp%2FB0H3MSDNDM%2Fref%3Dsr_1_18_sspa%3Fdib%3DeyJ2IjoiMSJ9.0ZpAIldd4cAkVvYQ6L1yxvIgAAku-n_y9G_gZ7QBAYhLg61CmMDvhhPBetWOZB5Q.9GXhimX1vqHYLs0SfcDF64a82XIKyxOknZTxn5BD4ns%26dib_tag%3Dse%26keywords%3DRKWI%2Bcable%26qid%3D1785346726%26sr%3D8-18-spons%26aref%3Deyeh6ux5Zh%26sp_csd%3Dd2lkZ2V0TmFtZT1zcF9hdGZfbmV4dA%26psc%3D1&aref=eyeh6ux5Zh&sp_cr=ZAZ
B0FKZ6S44G,"pack of 2 USB for vivo V30e Cable Original Like Charging Quick, Dash, Warp, Dart, Flash, Super Vooc C Data Sync tangle free for Android – GH1 BLACK",425,1499,,0,RK World InfoCom Private Limited,https://www.amazon.in/sspa/click?ie=UTF8&spc=MTo2MDUwNTcxMDAyMzM5OTQ3OjE3ODUzNDY3MjY6c3BfYXRmX25leHQ6MzAwNjY1NDk5OTkyMDMyOjowOjo&url=%2Fvivo-V30e-Original-Charging-Android%2Fdp%2FB0FKZ6S44G%2Fref%3Dsr_1_19_sspa%3Fdib%3DeyJ2IjoiMSJ9.0ZpAIldd4cAkVvYQ6L1yxvIgAAku-n_y9G_gZ7QBAYhLg61CmMDvhhPBetWOZB5Q.9GXhimX1vqHYLs0SfcDF64a82XIKyxOknZTxn5BD4ns%26dib_tag%3Dse%26keywords%3DRKWI%2Bcable%26qid%3D1785346726%26sr%3D8-19-spons%26aref%3DzqWZ2rKBTl%26sp_csd%3Dd2lkZ2V0TmFtZT1zcF9hdGZfbmV4dA%26psc%3D1&aref=zqWZ2rKBTl&sp_cr=ZAZ
B08LF2SRTJ,RIVER FOX LINE CORD,297,349,3.9,34,RK World InfoCom Private Limited,https://www.amazon.in/RIVER-FOX-LINE-CORD/dp/B08LF2SRTJ/ref=sr_1_20?dib=eyJ2IjoiMSJ9.0ZpAIldd4cAkVvYQ6L1yxvIgAAku-n_y9G_gZ7QBAYhLg61CmMDvhhPBetWOZB5Q.9GXhimX1vqHYLs0SfcDF64a82XIKyxOknZTxn5BD4ns&dib_tag=se&keywords=RKWI+cable&qid=1785346726&sr=8-20
B0BR3SH6CQ,"6 Inch Short RJ12 Straight Wired Cable 6P6C Male to Male Flat Telephone Cord,Compatible with Data and Voice(Black,10Pack)",6413,13374,4.4,52,RK World InfoCom Private Limited,https://www.amazon.in/RIIEYOCA-Straight-Telephone-Compatible-10Pack/dp/B0BR3SH6CQ/ref=sr_1_21?dib=eyJ2IjoiMSJ9.0ZpAIldd4cAkVvYQ6L1yxvIgAAku-n_y9G_gZ7QBAYhLg61CmMDvhhPBetWOZB5Q.9GXhimX1vqHYLs0SfcDF64a82XIKyxOknZTxn5BD4ns&dib_tag=se&keywords=RKWI+cable&qid=1785346726&sr=8-21
B0GRRDN92G,"Drumstone (𝐋𝐢𝐦𝐢𝐭𝐞𝐝 𝐓𝐨𝐝𝐚𝐲) Reliable 16mm Aluminium Single Core Wire Cable, Insulated Wire for Complex Wiring Layout & Professional Installation - (10 Meter) 𝟏𝟓 𝐘𝐞𝐚𝐫𝐬 𝐖𝐚𝐫𝐫𝐚𝐧𝐭𝐲",999,2999,,0,RK World InfoCom Private Limited,https://www.amazon.in/sspa/click?ie=UTF8&spc=MTo2MDUwNTcxMDAyMzM5OTQ3OjE3ODUzNDY3MjY6c3BfbXRmOjMwMTIyNzcxODE4NjYzMjo6MDo6&url=%2FDrumstone-%25F0%259D%2590%258B%25F0%259D%2590%25A2%25F0%259D%2590%25A6%25F0%259D%2590%25A2%25F0%259D%2590%25AD%25F0%259D%2590%259E%25F0%259D%2590%259D-%25F0%259D%2590%2593%25F0%259D%2590%25A8%25F0%259D%2590%259D%25F0%259D%2590%259A%25F0%259D%2590%25B2-Professional-Installation%2Fdp%2FB0GRRDN92G%2Fref%3Dsr_1_22_sspa%3Fdib%3DeyJ2IjoiMSJ9.0ZpAIldd4cAkVvYQ6L1yxvIgAAku-n_y9G_gZ7QBAYhLg61CmMDvhhPBetWOZB5Q.9GXhimX1vqHYLs0SfcDF64a82XIKyxOknZTxn5BD4ns%26dib_tag%3Dse%26keywords%3DRKWI%2Bcable%26qid%3D1785346726%26sr%3D8-22-spons%26aref%3D4FPxXdYU1u%26sp_csd%3Dd2lkZ2V0TmFtZT1zcF9tdGY%26psc%3D1&aref=4FPxXdYU1u&sp_cr=ZAZ
B0C7BDKN77,"Cat6 Ethernet Patch Cable Switch On/Off RJ45 Male to Female High Speed Internet Network Cable LAN with Disconnect Switch, Black(1M/3.3Ft)",2588,,3.3,19,RK World InfoCom Private Limited,https://www.amazon.in/RIIEYOCA-Ethernet-Internet-Network-Disconnect/dp/B0C7BDKN77/ref=sr_1_23?dib=eyJ2IjoiMSJ9.0ZpAIldd4cAkVvYQ6L1yxvIgAAku-n_y9G_gZ7QBAYhLg61CmMDvhhPBetWOZB5Q.9GXhimX1vqHYLs0SfcDF64a82XIKyxOknZTxn5BD4ns&dib_tag=se&keywords=RKWI+cable&qid=1785346726&sr=8-23
B09V4MFXDF,"Cat5e Ethernet Coiled Cable - Retractable RJ45 Network LAN Cable for Laptops, Desktop, Routers, Set-top Boxes - Stretchable to 2.5M",2704,,3.8,41,RK World InfoCom Private Limited,https://www.amazon.in/RIIEYOCA-Retractable-Extension-Compatible-Computers/dp/B09V4MFXDF/ref=sr_1_24?dib=eyJ2IjoiMSJ9.0ZpAIldd4cAkVvYQ6L1yxvIgAAku-n_y9G_gZ7QBAYhLg61CmMDvhhPBetWOZB5Q.9GXhimX1vqHYLs0SfcDF64a82XIKyxOknZTxn5BD4ns&dib_tag=se&keywords=RKWI+cable&qid=1785346726&sr=8-24
B0FMKKWJCC,"80W Charging Cable for OPPO Reno8 T 5G usb Original Like Charging Quick, Dash, Warp, Dart, Flash, Super Vooc C Data Sync tangle free Android – Aj5 RED",199,1499,,0,RK World InfoCom Private Limited,https://www.amazon.in/sspa/click?ie=UTF8&spc=MToxMjM3OTM3OTg3Mjc0MzY5OjE3ODUzNDY3MzE6c3BfYXRmX25leHQ6MzAwNjYxNjI1Njk1MjMyOjowOjo&url=%2FRAGHAV-ENTERPRISES-OPPO-Reno8-5G%2Fdp%2FB0FMKKWJCC%2Fref%3Dsr_1_35_sspa%3Fkeywords%3DRKWI%2Bcable%26qid%3D1785346731%26sr%3D8-35-spons%26aref%3DcGyJKMzKnY%26sp_csd%3Dd2lkZ2V0TmFtZT1zcF9hdGZfbmV4dA%26psc%3D1&aref=cGyJKMzKnY&sp_cr=ZAZ
B0FMKLK9YF,"80W Charging Cable for vivo T3 Pro usb Original Like Charging Quick, Dash, Warp, Dart, Flash, Super Vooc C Data Sync tangle free Android – Aj5 RED",275,1499,,0,RK World InfoCom Private Limited,https://www.amazon.in/sspa/click?ie=UTF8&spc=MTozNTE4MTUyNDA0MTQ2OTI4OjE3ODUzNDY3NzA6c3BfYXRmX25leHQ6MzAwNjYxNzY5MjM5OTMyOjowOjo&url=%2FCharging-vivo-T3-Pro-Original%2Fdp%2FB0FMKLK9YF%2Fref%3Dsr_1_162_sspa%3Fkeywords%3DRKWI%2Bcable%26qid%3D1785346770%26sr%3D8-162-spons%26aref%3D2bPBckUe7C%26sp_csd%3Dd2lkZ2V0TmFtZT1zcF9hdGZfbmV4dA%26psc%3D1&aref=2bPBckUe7C&sp_cr=ZAZ
B0GLP3DWM9,2.5 SQMM | Yellow | 90 meter | PVC Insulated Industrial Multistrand CCA Copper Wire | High Purity Copper | Triple Layer Protection | FR Rated | Heavy Duty Electrical Cable | 10 Guage,900,4500,3.5,0,RK World InfoCom Private Limited,https://www.amazon.in/sspa/click?ie=UTF8&spc=MTozNTE4MTUyNDA0MTQ2OTI4OjE3ODUzNDY3NzA6c3BfYXRmX25leHQ6MzAwOTU3ODIwNDcwMzMyOjowOjo&url=%2FInsulated-Industrial-Multistrand-Protection-Electrical%2Fdp%2FB0GLP3DWM9%2Fref%3Dsr_1_163_sspa%3Fkeywords%3DRKWI%2Bcable%26qid%3D1785346770%26sr%3D8-163-spons%26aref%3DXKW3yP39VR%26sp_csd%3Dd2lkZ2V0TmFtZT1zcF9hdGZfbmV4dA%26psc%3D1&aref=XKW3yP39VR&sp_cr=ZAZ
B0FMKKVDGM,"80W Charging Cable for OPPO F29 Pro usb Original Like Charging Quick, Dash, Warp, Dart, Flash, Super Vooc C Data Sync tangle free Android – Aj5 RED",275,1499,,0,RK World InfoCom Private Limited,https://www.amazon.in/sspa/click?ie=UTF8&spc=MTo1NTk2ODE0NTk0NjEzMzc5OjE3ODUzNDY3OTE6c3BfYXRmX25leHQ6MzAwNjYxNzY5MjM1MTMyOjowOjo&url=%2FRAGHAV-ENTERPRISES-OPPO-F29-Pro%2Fdp%2FB0FMKKVDGM%2Fref%3Dsr_1_242_sspa%3Fkeywords%3DRKWI%2Bcable%26qid%3D1785346791%26sr%3D8-242-spons%26aref%3Dks8T2DumCg%26sp_csd%3Dd2lkZ2V0TmFtZT1zcF9hdGZfbmV4dA%26psc%3D1&aref=ks8T2DumCg&sp_cr=ZAZ
B0F8J3LLX7,"Type c cable for Moto G85 Charging Original Like usb Quick, Dash, Warp, Dart, Flash, Super Vooc C to USB-A Data Sync tangle free Type c (PS2-BLK)",281,1499,,0,RK World InfoCom Private Limited,https://www.amazon.in/sspa/click?ie=UTF8&spc=MTo1NTk2ODE0NTk0NjEzMzc5OjE3ODUzNDY3OTE6c3BfYXRmX25leHQ6MzAwNTYwNDk5OTExMTMyOjowOjo&url=%2FRaghav-Enterprises-Moto-G85-Charging%2Fdp%2FB0F8J3LLX7%2Fref%3Dsr_1_243_sspa%3Fkeywords%3DRKWI%2Bcable%26qid%3D1785346791%26sr%3D8-243-spons%26aref%3D5QBryNWcu2%26sp_csd%3Dd2lkZ2V0TmFtZT1zcF9hdGZfbmV4dA%26psc%3D1&aref=5QBryNWcu2&sp_cr=ZAZ
B07GXRPCLF,"JETech Case Cover for iPhone Xs Max, Anti-Yellowing, Clear | Shockproof Protection, Scratch Resistant Hard PC Back, Durable Transparent TPU Bumper",899,1099,4.6,0,RK World InfoCom Private Limited,https://www.amazon.in/sspa/click?ie=UTF8&spc=MToxOTk1NTk5ODA1NzM0NjYxOjE3ODUzNDY4MTQ6c3BfYXRmOjMwMDg3ODI3ODUwNjkzMjo6MDo6&url=%2FJETech-iPhone-6-5-Inch-Shock-Absorption-Bumper%2Fdp%2FB07GXRPCLF%2Fref%3Dsr_1_1_sspa%3Fkeywords%3DRKWI%2Bcase%26qid%3D1785346814%26sr%3D8-1-spons%26aref%3D568Ow88K1S%26sp_csd%3Dd2lkZ2V0TmFtZT1zcF9hdGY%26psc%3D1&aref=568Ow88K1S&sp_cr=ZAZ
B0FPQWRYW6,KARWAN®️ Translucent Hybrid Case with Metal Ring Phone case Cover for Vivo Y300 Pro|Compatible with N52 Strong Magnets Mag| Wireless Compatible (6.77 inch) (Blue),389,1999,4.0,0,RK World InfoCom Private Limited,https://www.amazon.in/sspa/click?ie=UTF8&spc=MToxOTg0MTk3MzgzNjAwMDgzOjE3ODUzNDY4MTk6c3BfYXRmX25leHQ6MzAxMTgxMDI0MjM2OTMyOjowOjo&url=%2FKARWAN%25C2%25AE%25EF%25B8%258F-Translucent-Compatible-Magnets-Wireless%2Fdp%2FB0FPQWRYW6%2Fref%3Dsr_1_17_sspa%3Fkeywords%3DRKWI%2Bcase%26qid%3D1785346819%26sr%3D8-17-spons%26aref%3Ds4rYjCOOBk%26sp_csd%3Dd2lkZ2V0TmFtZT1zcF9hdGZfbmV4dA%26psc%3D1&aref=s4rYjCOOBk&sp_cr=ZAZ
B0DK4XCRLC,Pikkme D10 Tough Armor Bumper Case | 360 Protection Case | Sliding Camera Shield Cover & Ring Holder Stand Back Cover for Redmi Note 13 Pro 5G / Poco X6 5G (Black),299,999,4.3,0,RK World InfoCom Private Limited,https://www.amazon.in/sspa/click?ie=UTF8&spc=MToxOTg0MTk3MzgzNjAwMDgzOjE3ODUzNDY4MTk6c3BfYXRmX25leHQ6MzAxMTY3NTE3OTQ4MjMyOjowOjo&url=%2FPikkme-Bumper-Protection-Sliding-Camera%2Fdp%2FB0DK4XCRLC%2Fref%3Dsr_1_18_sspa%3Fkeywords%3DRKWI%2Bcase%26qid%3D1785346819%26sr%3D8-18-spons%26aref%3DGztjJbOYdr%26sp_csd%3Dd2lkZ2V0TmFtZT1zcF9hdGZfbmV4dA%26psc%3D1&aref=GztjJbOYdr&sp_cr=ZAZ
B0F99LDC4M,Pikkme Back Cover for Samsung Galaxy A35 5G Mag-Safe Shockproof PC + TPU Protective Case Magnetic Support Bumper Case (Transparent Mag-Safe),299,999,4.3,0,RK World InfoCom Private Limited,https://www.amazon.in/sspa/click?ie=UTF8&spc=MToxOTg0MTk3MzgzNjAwMDgzOjE3ODUzNDY4MTk6c3BfbXRmOjMwMTE2MDcxMDcwMTgzMjo6MDo6&url=%2FPikkme-Samsung-Galaxy-A35-Mag-Safe%2Fdp%2FB0F99LDC4M%2Fref%3Dsr_1_20_sspa%3Fkeywords%3DRKWI%2Bcase%26qid%3D1785346819%26sr%3D8-20-spons%26aref%3Dpo2l8DcB8H%26sp_csd%3Dd2lkZ2V0TmFtZT1zcF9tdGY%26psc%3D1&aref=po2l8DcB8H&sp_cr=ZAZ
B0H1HTMVMY,"Case for Google Pixel 10a, Clear TPU Bumper Case with 4 Corner Airbag Drop Protection, Transparent Anti-Yellowing Slim Fit Phone Cover for Pixel 10a 5G (Crystal Clear)",299,599,3.0,0,RK World InfoCom Private Limited,https://www.amazon.in/sspa/click?ie=UTF8&spc=MToxOTg0MTk3MzgzNjAwMDgzOjE3ODUzNDY4MTk6c3BfbXRmOjMwMTE3MDQyMjY0NDgzMjo6MDo6&url=%2FGoogle-Protection-Transparent-Anti-Yellowing-Crystal%2Fdp%2FB0H1HTMVMY%2Fref%3Dsr_1_21_sspa%3Fkeywords%3DRKWI%2Bcase%26qid%3D1785346819%26sr%3D8-21-spons%26aref%3DPCsn088wAr%26sp_csd%3Dd2lkZ2V0TmFtZT1zcF9tdGY%26psc%3D1&aref=PCsn088wAr&sp_cr=ZAZ
B0G1KFQBNT,"Pikkme Back Cover for OnePlus Nord 5 5G | Full Camera Protection, Raised Edges & Super Soft-Touch Bumper Case (Brown)",299,999,4.6,0,RK World InfoCom Private Limited,https://www.amazon.in/sspa/click?ie=UTF8&spc=MToxOTg0MTk3MzgzNjAwMDgzOjE3ODUzNDY4MTk6c3BfbXRmOjMwMTE5ODU1MjMxODEzMjo6MDo6&url=%2FPikkme-OnePlus-Camera-Protection-Soft-Touch%2Fdp%2FB0G1KFQBNT%2Fref%3Dsr_1_22_sspa%3Fkeywords%3DRKWI%2Bcase%26qid%3D1785346819%26sr%3D8-22-spons%26aref%3DDHDTAiFFdI%26sp_csd%3Dd2lkZ2V0TmFtZT1zcF9tdGY%26psc%3D1&aref=DHDTAiFFdI&sp_cr=ZAZ
B0CK7YPKW3,Pikkme Nothing Phone 2 Back Cover |Electroplated Crome Metal Ring | Full Camera Protection | Raised Edges | Super Soft Side TPU | Bumper Case for Nothing Phone 2 (Black),273,27300,4.2,0,RK World InfoCom Private Limited,https://www.amazon.in/sspa/click?ie=UTF8&spc=MToxOTg0MTk3MzgzNjAwMDgzOjE3ODUzNDY4MTk6c3BfbXRmOjMwMTE2MDcxMDcwNDYzMjo6MDo6&url=%2FPikkme-Nothing-Electroplated-Camera-Protection%2Fdp%2FB0CK7YPKW3%2Fref%3Dsr_1_23_sspa%3Fkeywords%3DRKWI%2Bcase%26qid%3D1785346819%26sr%3D8-23-spons%26aref%3DEEg3SY0P9b%26sp_csd%3Dd2lkZ2V0TmFtZT1zcF9tdGY%26psc%3D1&aref=EEg3SY0P9b&sp_cr=ZAZ
B0927SRXN5,Pikkme OnePlus Nord (2020) Back Cover | D5 Tough Armor Bumper | 360 Protection Case | Ring Holder Stand Case for OnePlus Nord (2020) (Black),359,999,4.2,0,RK World InfoCom Private Limited,https://www.amazon.in/sspa/click?ie=UTF8&spc=MToxOTg0MTk3MzgzNjAwMDgzOjE3ODUzNDY4MTk6c3BfbXRmOjMwMDU2Njk3ODU4OTIzMjo6MDo6&url=%2FPikkme-Bumper-Oneplus-Holder-Kickstand%2Fdp%2FB0927SRXN5%2Fref%3Dsr_1_24_sspa%3Fkeywords%3DRKWI%2Bcase%26qid%3D1785346819%26sr%3D8-24-spons%26aref%3DUDO5PAsIsG%26sp_csd%3Dd2lkZ2V0TmFtZT1zcF9tdGY%26psc%3D1&aref=UDO5PAsIsG&sp_cr=ZAZ
B09TH3JGMY,"TPU Magit Vision Case For Iphone 13 Pro Max (6.7-Inch), Magsafe Compatible, [Non Yellowing] Hybrid Transparent Back (Clear)",799,1699,4.1,0,RK World InfoCom Private Limited,https://www.amazon.in/sspa/click?ie=UTF8&spc=MToxOTg0MTk3MzgzNjAwMDgzOjE3ODUzNDY4MTk6c3BfbXRmOjMwMDExMTEwMzA3NDkzMjo6MDo6&url=%2FCAPTESE-Magnetic-MagSafe-Compatible-Transparent%2Fdp%2FB09TH3JGMY%2Fref%3Dsr_1_25_sspa%3Fkeywords%3DRKWI%2Bcase%26qid%3D1785346819%26sr%3D8-25-spons%26aref%3DwG0QbEKTct%26sp_csd%3Dd2lkZ2V0TmFtZT1zcF9tdGY%26psc%3D1&aref=wG0QbEKTct&sp_cr=ZAZ
B0BJBD5N1F,Pikkme Back Cover | Electroplated Crome Metal Ring | Full Camera Protection | Raised Edges | Super Soft Side TPU | Bumper Case for Nothing Phone 1 (Black),283,999,4.3,0,RK World InfoCom Private Limited,https://www.amazon.in/sspa/click?ie=UTF8&spc=MTo3OTgwODAyNTgwMTk4ODQ5OjE3ODUzNDY4MjU6c3BfbXRmOjMwMTE2MDc1MDQzMjAzMjo6MDo6&url=%2FPikkme-Nothing-Electroplated-Chrome-Protection%2Fdp%2FB0BJBD5N1F%2Fref%3Dsr_1_39_sspa%3Fkeywords%3DRKWI%2Bcase%26qid%3D1785346825%26sr%3D8-39-spons%26aref%3DaGo8vnmIBZ%26sp_csd%3Dd2lkZ2V0TmFtZT1zcF9tdGY%26psc%3D1&aref=aGo8vnmIBZ&sp_cr=ZAZ
B09884KZQY,"Pikkme Thermoplastic Polyurethane, Plastic Shockproof Bumper Case Clear Transparent Case Back Cover for OnePlus Nord 2020, OnePlus Nord 2020 (Black)",149,999,4.1,0,RK World InfoCom Private Limited,https://www.amazon.in/sspa/click?ie=UTF8&spc=MTo3OTgwODAyNTgwMTk4ODQ5OjE3ODUzNDY4MjU6c3BfbXRmOjIwMTY0MTQ1OTc1Mjk4OjowOjo&url=%2FPikkme-Oneplus-Nord-Shockproof-Transparent%2Fdp%2FB09884KZQY%2Fref%3Dsr_1_41_sspa%3Fkeywords%3DRKWI%2Bcase%26qid%3D1785346825%26sr%3D8-41-spons%26aref%3DkvWahL7VJ8%26sp_csd%3Dd2lkZ2V0TmFtZT1zcF9tdGY%26psc%3D1&aref=kvWahL7VJ8&sp_cr=ZAZ
B0FPQT4DCP,KARWAN®️ Translucent Hybrid Case with Metal Ring Phone case Cover for iPhone 17 Air |Compatible with N52 Strong Magnets Mag| Wireless Compatible (6.6 inch) (Black),389,1999,,0,RK World InfoCom Private Limited,https://www.amazon.in/sspa/click?ie=UTF8&spc=MTo2NzA5NTk3Mzg5NDg2ODcwOjE3ODUzNDY4Mzk6c3BfYXRmX25leHQ6MzAxMTgxMDI0MjU3MjMyOjowOjo&url=%2FKARWAN%25C2%25AE%25EF%25B8%258F-Translucent-Compatible-Magnets-Wireless%2Fdp%2FB0FPQT4DCP%2Fref%3Dsr_1_82_sspa%3Fkeywords%3DRKWI%2Bcase%26qid%3D1785346839%26sr%3D8-82-spons%26aref%3D8Q69W2fsMC%26sp_csd%3Dd2lkZ2V0TmFtZT1zcF9hdGZfbmV4dA%26psc%3D1&aref=8Q69W2fsMC&sp_cr=ZAZ
B0GNB2CJ2Y,iPhone 16 Pro Carbon Texture Elite Case Cover | Shock Proof | Ultra Thin Backcase | Scratch Resistant | Tough Protective Back Cases | Snug Fit | Slim Backcover,349,499,4.5,0,RK World InfoCom Private Limited,https://www.amazon.in/sspa/click?ie=UTF8&spc=MTo3MjU2MjEyNTg4OTE4OTExOjE3ODUzNDY4NDM6c3BfYXRmX25leHQ6MzAxMDM5MzU1ODM2MzMyOjowOjo&url=%2FRevo-bare-Resistant-Protective-Backcover%2Fdp%2FB0GNB2CJ2Y%2Fref%3Dsr_1_99_sspa%3Fkeywords%3DRKWI%2Bcase%26qid%3D1785346843%26sr%3D8-99-spons%26aref%3DRxFuiVVfhy%26sp_csd%3Dd2lkZ2V0TmFtZT1zcF9hdGZfbmV4dA%26psc%3D1&aref=RxFuiVVfhy&sp_cr=ZAZ
B0F2FD98TF,KARWAN®️Translucent Hybrid Case with Metal Ring Phone case Cover for iPhone 15 Pro |Compatible with N52 Strong Magnets Mag| Wireless Mag-Safe Charging -(Blue),389,1999,,0,RK World InfoCom Private Limited,https://www.amazon.in/sspa/click?ie=UTF8&spc=MToyODIyMjMwOTk4Mjg2OTIyOjE3ODUzNDY4NDk6c3BfYXRmX25leHQ6MzAxMTgxMDI0MjM2NjMyOjowOjo&url=%2FKARWAN%25C2%25AE%25EF%25B8%258FTranslucent-Compatible-Wireless-Mag-Safe-Charging%2Fdp%2FB0F2FD98TF%2Fref%3Dsr_1_115_sspa%3Fkeywords%3DRKWI%2Bcase%26qid%3D1785346849%26sr%3D8-115-spons%26aref%3D9q4PBnFwwF%26sp_csd%3Dd2lkZ2V0TmFtZT1zcF9hdGZfbmV4dA%26psc%3D1&aref=9q4PBnFwwF&sp_cr=ZAZ
B0FPQSV7MM,KARWAN®️ Translucent Hybrid Case with Metal Ring Phone case Cover for iPhone 17 Air |Compatible with N52 Strong Magnets Mag| Wireless Compatible (6.6 inch) (Blue),389,1999,,0,RK World InfoCom Private Limited,https://www.amazon.in/sspa/click?ie=UTF8&spc=MTozMzI1NTkxNDUyNDAzMTY5OjE3ODUzNDY4NTg6c3BfYXRmX25leHQ6MzAxMTgxMDI0MjU3NjMyOjowOjo&url=%2FKARWAN%25C2%25AE%25EF%25B8%258F-Translucent-Compatible-Magnets-Wireless%2Fdp%2FB0FPQSV7MM%2Fref%3Dsr_1_147_sspa%3Fkeywords%3DRKWI%2Bcase%26qid%3D1785346858%26sr%3D8-147-spons%26aref%3DGKH6JfQCpT%26sp_csd%3Dd2lkZ2V0TmFtZT1zcF9hdGZfbmV4dA%26psc%3D1&aref=GKH6JfQCpT&sp_cr=ZAZ
B0BDGMNF6V,HyperX,2699,4537,4.0,0,RK World InfoCom Private Limited,https://www.amazon.in/sspa/click?ie=UTF8&spc=MTo1NTUwNDk3MDU1Njk0NTM1OjE3ODUzNDY5MTE6c3BfYXRmOjMwMDI4NjU5ODI4NDMzMjo6MDo6&url=%2FHyperX-Cloud-Stinger-Swivel-Mute%2Fdp%2FB0BDGMNF6V%2Fref%3Dsr_1_1_sspa%3Fdib%3DeyJ2IjoiMSJ9.s0IGgdjOFjJtpqF1OhYk4vQ0nvlADBLiVP9u_iENWfvyU-ona9esJLAeMSvVofEY7RsS99_87N4UHy6rkjMjUDoeKnzX0XUWQ-ZLPbKnsJgtpScZijsKBG4XdQWF1cwyTvgKgN3HreFXIqDxWYDJnj2Z4Ucd-Y-xFUFCIZOhAGlmB7ZPd3VUUwytxcE390McE9yBs0Lh5as3Ie8iPwszuG6yg8bKiFv5Ds6zFVlt8js.hZP4ZEHfasDVZjuEtB3UbzxWcfE0TmVtgHHHe6Sd7UI%26dib_tag%3Dse%26keywords%3DRKWI%2Bheadphones%26nsdOptOutParam%3Dtrue%26qid%3D1785346911%26sr%3D8-1-spons%26aref%3Dy1mRH9PZFm%26sp_csd%3Dd2lkZ2V0TmFtZT1zcF9hdGY%26psc%3D1&aref=y1mRH9PZFm&sp_cr=ZAZ
B0DTKNSF47,ACwO,2099,6999,3.8,0,RK World InfoCom Private Limited,https://www.amazon.in/sspa/click?ie=UTF8&spc=MTo1NTUwNDk3MDU1Njk0NTM1OjE3ODUzNDY5MTE6c3BfYXRmOjMwMDUzMTgxNTAwMDMzMjo6MDo6&url=%2FACwO-Earphones-Situational-Awareness-Equaliser%2Fdp%2FB0DTKNSF47%2Fref%3Dsr_1_2_sspa%3Fdib%3DeyJ2IjoiMSJ9.s0IGgdjOFjJtpqF1OhYk4vQ0nvlADBLiVP9u_iENWfvyU-ona9esJLAeMSvVofEY7RsS99_87N4UHy6rkjMjUDoeKnzX0XUWQ-ZLPbKnsJgtpScZijsKBG4XdQWF1cwyTvgKgN3HreFXIqDxWYDJnj2Z4Ucd-Y-xFUFCIZOhAGlmB7ZPd3VUUwytxcE390McE9yBs0Lh5as3Ie8iPwszuG6yg8bKiFv5Ds6zFVlt8js.hZP4ZEHfasDVZjuEtB3UbzxWcfE0TmVtgHHHe6Sd7UI%26dib_tag%3Dse%26keywords%3DRKWI%2Bheadphones%26nsdOptOutParam%3Dtrue%26qid%3D1785346911%26sr%3D8-2-spons%26aref%3DAt5n2z2SRP%26sp_csd%3Dd2lkZ2V0TmFtZT1zcF9hdGY%26psc%3D1&aref=At5n2z2SRP&sp_cr=ZAZ
B0G2SPF2W1,Kratos,299,1199,3.9,392,RK World InfoCom Private Limited,https://www.amazon.in/Kratos-Bluetooth-Headphones-Experience-Earphones/dp/B0G2SPF2W1/ref=sr_1_3?dib=eyJ2IjoiMSJ9.s0IGgdjOFjJtpqF1OhYk4vQ0nvlADBLiVP9u_iENWfvyU-ona9esJLAeMSvVofEY7RsS99_87N4UHy6rkjMjUDoeKnzX0XUWQ-ZLPbKnsJgtpScZijsKBG4XdQWF1cwyTvgKgN3HreFXIqDxWYDJnj2Z4Ucd-Y-xFUFCIZOhAGlmB7ZPd3VUUwytxcE390McE9yBs0Lh5as3Ie8iPwszuG6yg8bKiFv5Ds6zFVlt8js.hZP4ZEHfasDVZjuEtB3UbzxWcfE0TmVtgHHHe6Sd7UI&dib_tag=se&keywords=RKWI+headphones&nsdOptOutParam=true&qid=1785346911&sr=8-3
B0GKYMNSJ3,Kratos,498,2499,4.0,17,RK World InfoCom Private Limited,https://www.amazon.in/Kratos-Earphones-Exclusive-Transparent-Assistance/dp/B0GKYMNSJ3/ref=sr_1_4?dib=eyJ2IjoiMSJ9.s0IGgdjOFjJtpqF1OhYk4vQ0nvlADBLiVP9u_iENWfvyU-ona9esJLAeMSvVofEY7RsS99_87N4UHy6rkjMjUDoeKnzX0XUWQ-ZLPbKnsJgtpScZijsKBG4XdQWF1cwyTvgKgN3HreFXIqDxWYDJnj2Z4Ucd-Y-xFUFCIZOhAGlmB7ZPd3VUUwytxcE390McE9yBs0Lh5as3Ie8iPwszuG6yg8bKiFv5Ds6zFVlt8js.hZP4ZEHfasDVZjuEtB3UbzxWcfE0TmVtgHHHe6Sd7UI&dib_tag=se&keywords=RKWI+headphones&nsdOptOutParam=true&qid=1785346911&sr=8-4
B0FPMCKTX2,"EvoFox Hyperion Gaming Headphones with Mic - White, 50mm Drivers, Immersive Surround Sound, Retractable Mic, Wired (3.5mm + Type-C), Inline Controls, Durable Build with Over Ear Swappable Ear Pads",1799,2899,3.9,0,RK World InfoCom Private Limited,https://www.amazon.in/sspa/click?ie=UTF8&spc=MTo1NTUwNDk3MDU1Njk0NTM1OjE3ODUzNDY5MTE6c3BfbXRmOjMwMDg1MTU4OTA2MDYzMjo6MDo6&url=%2FEvoFox-Hyperion-Gaming-Headphones-Mic%2Fdp%2FB0FPMCKTX2%2Fref%3Dsr_1_5_sspa%3Fdib%3DeyJ2IjoiMSJ9.s0IGgdjOFjJtpqF1OhYk4vQ0nvlADBLiVP9u_iENWfvyU-ona9esJLAeMSvVofEY7RsS99_87N4UHy6rkjMjUDoeKnzX0XUWQ-ZLPbKnsJgtpScZijsKBG4XdQWF1cwyTvgKgN3HreFXIqDxWYDJnj2Z4Ucd-Y-xFUFCIZOhAGlmB7ZPd3VUUwytxcE390McE9yBs0Lh5as3Ie8iPwszuG6yg8bKiFv5Ds6zFVlt8js.hZP4ZEHfasDVZjuEtB3UbzxWcfE0TmVtgHHHe6Sd7UI%26dib_tag%3Dse%26keywords%3DRKWI%2Bheadphones%26nsdOptOutParam%3Dtrue%26qid%3D1785346911%26sr%3D8-5-spons%26aref%3D8jemS0RhbF%26sp_csd%3Dd2lkZ2V0TmFtZT1zcF9tdGY%26psc%3D1&aref=8jemS0RhbF&sp_cr=ZAZ
B0FQJJ6K26,daWg,3299,8999,3.8,0,RK World InfoCom Private Limited,https://www.amazon.in/sspa/click?ie=UTF8&spc=MTo1NTUwNDk3MDU1Njk0NTM1OjE3ODUzNDY5MTE6c3BfbXRmOjMwMDczNTI3MDYzODgzMjo6MDo6&url=%2FdaWg-G60-Lightweight-Headphones-Leatherlite%2Fdp%2FB0FQJJ6K26%2Fref%3Dsr_1_6_sspa%3Fdib%3DeyJ2IjoiMSJ9.s0IGgdjOFjJtpqF1OhYk4vQ0nvlADBLiVP9u_iENWfvyU-ona9esJLAeMSvVofEY7RsS99_87N4UHy6rkjMjUDoeKnzX0XUWQ-ZLPbKnsJgtpScZijsKBG4XdQWF1cwyTvgKgN3HreFXIqDxWYDJnj2Z4Ucd-Y-xFUFCIZOhAGlmB7ZPd3VUUwytxcE390McE9yBs0Lh5as3Ie8iPwszuG6yg8bKiFv5Ds6zFVlt8js.hZP4ZEHfasDVZjuEtB3UbzxWcfE0TmVtgHHHe6Sd7UI%26dib_tag%3Dse%26keywords%3DRKWI%2Bheadphones%26nsdOptOutParam%3Dtrue%26qid%3D1785346911%26sr%3D8-6-spons%26aref%3DhnkiT4eJep%26sp_csd%3Dd2lkZ2V0TmFtZT1zcF9tdGY%26psc%3D1&aref=hnkiT4eJep&sp_cr=ZAZ
B0FM38MRWL,boAt,1099,2999,4.1,559,RK World InfoCom Private Limited,https://www.amazon.in/Foldable-Assistant-Bluetooth-Headphones-Headphone/dp/B0FM38MRWL/ref=sr_1_7?dib=eyJ2IjoiMSJ9.s0IGgdjOFjJtpqF1OhYk4vQ0nvlADBLiVP9u_iENWfvyU-ona9esJLAeMSvVofEY7RsS99_87N4UHy6rkjMjUDoeKnzX0XUWQ-ZLPbKnsJgtpScZijsKBG4XdQWF1cwyTvgKgN3HreFXIqDxWYDJnj2Z4Ucd-Y-xFUFCIZOhAGlmB7ZPd3VUUwytxcE390McE9yBs0Lh5as3Ie8iPwszuG6yg8bKiFv5Ds6zFVlt8js.hZP4ZEHfasDVZjuEtB3UbzxWcfE0TmVtgHHHe6Sd7UI&dib_tag=se&keywords=RKWI+headphones&nsdOptOutParam=true&qid=1785346911&sr=8-7
B0GDQRJ91R,Kratos,299,1199,3.9,392,RK World InfoCom Private Limited,https://www.amazon.in/Kratos-N1-Bluetooth-Headphones-Experience/dp/B0GDQRJ91R/ref=sr_1_8?dib=eyJ2IjoiMSJ9.s0IGgdjOFjJtpqF1OhYk4vQ0nvlADBLiVP9u_iENWfvyU-ona9esJLAeMSvVofEY7RsS99_87N4UHy6rkjMjUDoeKnzX0XUWQ-ZLPbKnsJgtpScZijsKBG4XdQWF1cwyTvgKgN3HreFXIqDxWYDJnj2Z4Ucd-Y-xFUFCIZOhAGlmB7ZPd3VUUwytxcE390McE9yBs0Lh5as3Ie8iPwszuG6yg8bKiFv5Ds6zFVlt8js.hZP4ZEHfasDVZjuEtB3UbzxWcfE0TmVtgHHHe6Sd7UI&dib_tag=se&keywords=RKWI+headphones&nsdOptOutParam=true&qid=1785346911&sr=8-8
B0G4SHD925,Sony,18990,24990,4.2,0,RK World InfoCom Private Limited,https://www.amazon.in/sspa/click?ie=UTF8&spc=MTo1NTUwNDk3MDU1Njk0NTM1OjE3ODUzNDY5MTE6c3BfbXRmOjMwMTIwMjA0Njg1MzUzMjo6MDo6&url=%2FSony-Comfortable-Lightweight-Awareness-Resistant%2Fdp%2FB0G4SHD925%2Fref%3Dsr_1_9_sspa%3Fdib%3DeyJ2IjoiMSJ9.s0IGgdjOFjJtpqF1OhYk4vQ0nvlADBLiVP9u_iENWfvyU-ona9esJLAeMSvVofEY7RsS99_87N4UHy6rkjMjUDoeKnzX0XUWQ-ZLPbKnsJgtpScZijsKBG4XdQWF1cwyTvgKgN3HreFXIqDxWYDJnj2Z4Ucd-Y-xFUFCIZOhAGlmB7ZPd3VUUwytxcE390McE9yBs0Lh5as3Ie8iPwszuG6yg8bKiFv5Ds6zFVlt8js.hZP4ZEHfasDVZjuEtB3UbzxWcfE0TmVtgHHHe6Sd7UI%26dib_tag%3Dse%26keywords%3DRKWI%2Bheadphones%26nsdOptOutParam%3Dtrue%26qid%3D1785346911%26sr%3D8-9-spons%26aref%3D0zs1cRJgBX%26sp_csd%3Dd2lkZ2V0TmFtZT1zcF9tdGY%26psc%3D1&aref=0zs1cRJgBX&sp_cr=ZAZ
B0DGTSRX3R,boAt,1899,3790,4.1,0,RK World InfoCom Private Limited,https://www.amazon.in/sspa/click?ie=UTF8&spc=MTo1NTUwNDk3MDU1Njk0NTM1OjE3ODUzNDY5MTE6c3BfbXRmOjMwMDQ1MDYwODMxOTIzMjo6MDo6&url=%2FboAt-Rockerz-480-Bluetooth-Headphones%2Fdp%2FB0DGTSRX3R%2Fref%3Dsr_1_10_sspa%3Fdib%3DeyJ2IjoiMSJ9.s0IGgdjOFjJtpqF1OhYk4vQ0nvlADBLiVP9u_iENWfvyU-ona9esJLAeMSvVofEY7RsS99_87N4UHy6rkjMjUDoeKnzX0XUWQ-ZLPbKnsJgtpScZijsKBG4XdQWF1cwyTvgKgN3HreFXIqDxWYDJnj2Z4Ucd-Y-xFUFCIZOhAGlmB7ZPd3VUUwytxcE390McE9yBs0Lh5as3Ie8iPwszuG6yg8bKiFv5Ds6zFVlt8js.hZP4ZEHfasDVZjuEtB3UbzxWcfE0TmVtgHHHe6Sd7UI%26dib_tag%3Dse%26keywords%3DRKWI%2Bheadphones%26nsdOptOutParam%3Dtrue%26qid%3D1785346911%26sr%3D8-10-spons%26aref%3Dz8FvU2jIk1%26sp_csd%3Dd2lkZ2V0TmFtZT1zcF9tdGY%26psc%3D1&aref=z8FvU2jIk1&sp_cr=ZAZ
B0GDR41NTF,Kratos,299,1199,3.9,392,RK World InfoCom Private Limited,https://www.amazon.in/Kratos-N1-Bluetooth-Headphones-Experience/dp/B0GDR41NTF/ref=sr_1_11?dib=eyJ2IjoiMSJ9.s0IGgdjOFjJtpqF1OhYk4vQ0nvlADBLiVP9u_iENWfvyU-ona9esJLAeMSvVofEY7RsS99_87N4UHy6rkjMjUDoeKnzX0XUWQ-ZLPbKnsJgtpScZijsKBG4XdQWF1cwyTvgKgN3HreFXIqDxWYDJnj2Z4Ucd-Y-xFUFCIZOhAGlmB7ZPd3VUUwytxcE390McE9yBs0Lh5as3Ie8iPwszuG6yg8bKiFv5Ds6zFVlt8js.hZP4ZEHfasDVZjuEtB3UbzxWcfE0TmVtgHHHe6Sd7UI&dib_tag=se&keywords=RKWI+headphones&nsdOptOutParam=true&qid=1785346911&sr=8-11
B07L8KNP5F,ZEBRONICS,799,1199,3.8,826,RK World InfoCom Private Limited,https://www.amazon.in/ZEBRONICS-Bluetooth-Headphones-assistant-Comfortable/dp/B07L8KNP5F/ref=sr_1_12?dib=eyJ2IjoiMSJ9.s0IGgdjOFjJtpqF1OhYk4vQ0nvlADBLiVP9u_iENWfvyU-ona9esJLAeMSvVofEY7RsS99_87N4UHy6rkjMjUDoeKnzX0XUWQ-ZLPbKnsJgtpScZijsKBG4XdQWF1cwyTvgKgN3HreFXIqDxWYDJnj2Z4Ucd-Y-xFUFCIZOhAGlmB7ZPd3VUUwytxcE390McE9yBs0Lh5as3Ie8iPwszuG6yg8bKiFv5Ds6zFVlt8js.hZP4ZEHfasDVZjuEtB3UbzxWcfE0TmVtgHHHe6Sd7UI&dib_tag=se&keywords=RKWI+headphones&nsdOptOutParam=true&qid=1785346911&sr=8-12
B00KGZZ824,Sony,899,1390,4.0,677,RK World InfoCom Private Limited,https://www.amazon.in/Sony-MDR-ZX110A-Stereo-Headphones-without/dp/B00KGZZ824/ref=sr_1_13?dib=eyJ2IjoiMSJ9.s0IGgdjOFjJtpqF1OhYk4vQ0nvlADBLiVP9u_iENWfvyU-ona9esJLAeMSvVofEY7RsS99_87N4UHy6rkjMjUDoeKnzX0XUWQ-ZLPbKnsJgtpScZijsKBG4XdQWF1cwyTvgKgN3HreFXIqDxWYDJnj2Z4Ucd-Y-xFUFCIZOhAGlmB7ZPd3VUUwytxcE390McE9yBs0Lh5as3Ie8iPwszuG6yg8bKiFv5Ds6zFVlt8js.hZP4ZEHfasDVZjuEtB3UbzxWcfE0TmVtgHHHe6Sd7UI&dib_tag=se&keywords=RKWI+headphones&nsdOptOutParam=true&qid=1785346911&sr=8-13
B0FN888ZL1,"RIZZ Duo Wireless Bluetooth Headphones, 40Hr Battery, ZapCharge™ 10-Min Fast Charge, Dual Device Pairing, BT v6.0, BassXpand™ Deep Bass, AI Noise Cancellation, TruComm™ Clear Mic (Canary Ink)",699,3999,3.4,150,RK World InfoCom Private Limited,https://www.amazon.in/TRIGGR-Pairing-Premium-Playtime-Bluetooth/dp/B0FN888ZL1/ref=sr_1_14?dib=eyJ2IjoiMSJ9.s0IGgdjOFjJtpqF1OhYk4vQ0nvlADBLiVP9u_iENWfvyU-ona9esJLAeMSvVofEY7RsS99_87N4UHy6rkjMjUDoeKnzX0XUWQ-ZLPbKnsJgtpScZijsKBG4XdQWF1cwyTvgKgN3HreFXIqDxWYDJnj2Z4Ucd-Y-xFUFCIZOhAGlmB7ZPd3VUUwytxcE390McE9yBs0Lh5as3Ie8iPwszuG6yg8bKiFv5Ds6zFVlt8js.hZP4ZEHfasDVZjuEtB3UbzxWcfE0TmVtgHHHe6Sd7UI&dib_tag=se&keywords=RKWI+headphones&nsdOptOutParam=true&qid=1785346911&sr=8-14
B0859KTNZ8,Cosmic Byte,999,1499,4.0,102,RK World InfoCom Private Limited,https://www.amazon.in/Cosmic-Byte-GS430-Microphone-Black/dp/B0859KTNZ8/ref=sr_1_15?dib=eyJ2IjoiMSJ9.s0IGgdjOFjJtpqF1OhYk4vQ0nvlADBLiVP9u_iENWfvyU-ona9esJLAeMSvVofEY7RsS99_87N4UHy6rkjMjUDoeKnzX0XUWQ-ZLPbKnsJgtpScZijsKBG4XdQWF1cwyTvgKgN3HreFXIqDxWYDJnj2Z4Ucd-Y-xFUFCIZOhAGlmB7ZPd3VUUwytxcE390McE9yBs0Lh5as3Ie8iPwszuG6yg8bKiFv5Ds6zFVlt8js.hZP4ZEHfasDVZjuEtB3UbzxWcfE0TmVtgHHHe6Sd7UI&dib_tag=se&keywords=RKWI+headphones&nsdOptOutParam=true&qid=1785346911&sr=8-15
B08PT9PPZ2,SH-12 Wireless Headphones Over Ear Headphone with Mic (Black),499,1999,3.4,1,RK World InfoCom Private Limited,https://www.amazon.in/SH-12-Wireless-Universal-Bluetooth-Headphone/dp/B08PT9PPZ2/ref=sr_1_16?dib=eyJ2IjoiMSJ9.s0IGgdjOFjJtpqF1OhYk4vQ0nvlADBLiVP9u_iENWfvyU-ona9esJLAeMSvVofEY7RsS99_87N4UHy6rkjMjUDoeKnzX0XUWQ-ZLPbKnsJgtpScZijsKBG4XdQWF1cwyTvgKgN3HreFXIqDxWYDJnj2Z4Ucd-Y-xFUFCIZOhAGlmB7ZPd3VUUwytxcE390McE9yBs0Lh5as3Ie8iPwszuG6yg8bKiFv5Ds6zFVlt8js.hZP4ZEHfasDVZjuEtB3UbzxWcfE0TmVtgHHHe6Sd7UI&dib_tag=se&keywords=RKWI+headphones&nsdOptOutParam=true&qid=1785346911&sr=8-16
B0FW5J1C13,"Stylish Multi-Color Wireless Bluetooth Headset, Foldable, Lightweight for Travel/Gym/Gaming, Crystal Clear Calls",429,1200,4.0,1,RK World InfoCom Private Limited,https://www.amazon.in/Wanzhow-Multi-Color-Wireless-Bluetooth-Lightweight/dp/B0FW5J1C13/ref=sr_1_17?dib=eyJ2IjoiMSJ9.s0IGgdjOFjJtpqF1OhYk4vQ0nvlADBLiVP9u_iENWfvyU-ona9esJLAeMSvVofEY7RsS99_87N4UHy6rkjMjUDoeKnzX0XUWQ-ZLPbKnsJgtpScZijsKBG4XdQWF1cwyTvgKgN3HreFXIqDxWYDJnj2Z4Ucd-Y-xFUFCIZOhAGlmB7ZPd3VUUwytxcE390McE9yBs0Lh5as3Ie8iPwszuG6yg8bKiFv5Ds6zFVlt8js.hZP4ZEHfasDVZjuEtB3UbzxWcfE0TmVtgHHHe6Sd7UI&dib_tag=se&keywords=RKWI+headphones&nsdOptOutParam=true&qid=1785346911&sr=8-17
B0CDFQHFTM,iClever,1298,1999,4.4,3,RK World InfoCom Private Limited,https://www.amazon.in/iClever-Headphones-Stereo-Foldable-Adjustable/dp/B0CDFQHFTM/ref=sr_1_18?dib=eyJ2IjoiMSJ9.s0IGgdjOFjJtpqF1OhYk4vQ0nvlADBLiVP9u_iENWfvyU-ona9esJLAeMSvVofEY7RsS99_87N4UHy6rkjMjUDoeKnzX0XUWQ-ZLPbKnsJgtpScZijsKBG4XdQWF1cwyTvgKgN3HreFXIqDxWYDJnj2Z4Ucd-Y-xFUFCIZOhAGlmB7ZPd3VUUwytxcE390McE9yBs0Lh5as3Ie8iPwszuG6yg8bKiFv5Ds6zFVlt8js.hZP4ZEHfasDVZjuEtB3UbzxWcfE0TmVtgHHHe6Sd7UI&dib_tag=se&keywords=RKWI+headphones&nsdOptOutParam=true&qid=1785346911&sr=8-18
B08K494PX3,iClever,2698,3999,4.5,107,RK World InfoCom Private Limited,https://www.amazon.in/iClever-Bluetooth-Headphones-wireless-Cat-Hands-Free/dp/B08K494PX3/ref=sr_1_19?dib=eyJ2IjoiMSJ9.s0IGgdjOFjJtpqF1OhYk4vQ0nvlADBLiVP9u_iENWfvyU-ona9esJLAeMSvVofEY7RsS99_87N4UHy6rkjMjUDoeKnzX0XUWQ-ZLPbKnsJgtpScZijsKBG4XdQWF1cwyTvgKgN3HreFXIqDxWYDJnj2Z4Ucd-Y-xFUFCIZOhAGlmB7ZPd3VUUwytxcE390McE9yBs0Lh5as3Ie8iPwszuG6yg8bKiFv5Ds6zFVlt8js.hZP4ZEHfasDVZjuEtB3UbzxWcfE0TmVtgHHHe6Sd7UI&dib_tag=se&keywords=RKWI+headphones&nsdOptOutParam=true&qid=1785346911&sr=8-19
B0FVXJNBB1,"Bluetooth Headphones Wireless with Mic, Deep Bass Sound, FM Radio, TF Card, Foldable Headband for Mobile Phones",429,1200,3.4,3,RK World InfoCom Private Limited,https://www.amazon.in/Wanzhow-Bluetooth-Headphones-Wireless-Foldable/dp/B0FVXJNBB1/ref=sr_1_20?dib=eyJ2IjoiMSJ9.s0IGgdjOFjJtpqF1OhYk4vQ0nvlADBLiVP9u_iENWfvyU-ona9esJLAeMSvVofEY7RsS99_87N4UHy6rkjMjUDoeKnzX0XUWQ-ZLPbKnsJgtpScZijsKBG4XdQWF1cwyTvgKgN3HreFXIqDxWYDJnj2Z4Ucd-Y-xFUFCIZOhAGlmB7ZPd3VUUwytxcE390McE9yBs0Lh5as3Ie8iPwszuG6yg8bKiFv5Ds6zFVlt8js.hZP4ZEHfasDVZjuEtB3UbzxWcfE0TmVtgHHHe6Sd7UI&dib_tag=se&keywords=RKWI+headphones&nsdOptOutParam=true&qid=1785346911&sr=8-20
B0FVT1YX5C,"Wireless Bluetooth Headphones with Mic, Deep Bass, Foldable Over-Ear Headset for Mobile, Tablet & Laptop",428,1200,4.0,2,RK World InfoCom Private Limited,https://www.amazon.in/Wanzhow-Wireless-Bluetooth-Headphones-Foldable/dp/B0FVT1YX5C/ref=sr_1_21?dib=eyJ2IjoiMSJ9.s0IGgdjOFjJtpqF1OhYk4vQ0nvlADBLiVP9u_iENWfvyU-ona9esJLAeMSvVofEY7RsS99_87N4UHy6rkjMjUDoeKnzX0XUWQ-ZLPbKnsJgtpScZijsKBG4XdQWF1cwyTvgKgN3HreFXIqDxWYDJnj2Z4Ucd-Y-xFUFCIZOhAGlmB7ZPd3VUUwytxcE390McE9yBs0Lh5as3Ie8iPwszuG6yg8bKiFv5Ds6zFVlt8js.hZP4ZEHfasDVZjuEtB3UbzxWcfE0TmVtgHHHe6Sd7UI&dib_tag=se&keywords=RKWI+headphones&nsdOptOutParam=true&qid=1785346911&sr=8-21
B0BNPXPJS4,iClever,2338,3999,4.6,45,RK World InfoCom Private Limited,https://www.amazon.in/iClever-Bluetooth-Headphones-BTH18-Bluetooth5-3/dp/B0BNPXPJS4/ref=sr_1_22?dib=eyJ2IjoiMSJ9.s0IGgdjOFjJtpqF1OhYk4vQ0nvlADBLiVP9u_iENWfvyU-ona9esJLAeMSvVofEY7RsS99_87N4UHy6rkjMjUDoeKnzX0XUWQ-ZLPbKnsJgtpScZijsKBG4XdQWF1cwyTvgKgN3HreFXIqDxWYDJnj2Z4Ucd-Y-xFUFCIZOhAGlmB7ZPd3VUUwytxcE390McE9yBs0Lh5as3Ie8iPwszuG6yg8bKiFv5Ds6zFVlt8js.hZP4ZEHfasDVZjuEtB3UbzxWcfE0TmVtgHHHe6Sd7UI&dib_tag=se&keywords=RKWI+headphones&nsdOptOutParam=true&qid=1785346911&sr=8-22
B0DXQ8X9GT,HyperX,5299,6977,3.9,0,RK World InfoCom Private Limited,https://www.amazon.in/sspa/click?ie=UTF8&spc=MToxNDExMzY3MTkxNDM1ODc1OjE3ODUzNDY5MTU6c3BfYXRmX25leHQ6MzAxMTc0NzMxMTM2OTMyOjowOjo&url=%2FHyperX-Cloud-Jet-Bluetooth-USB%2Fdp%2FB0DXQ8X9GT%2Fref%3Dsr_1_18_sspa%3Fdib%3DeyJ2IjoiMSJ9.rHSD2_0YRbeEcLY_xz1WazjCfaUgHQduyZA71s0EHLDQ6mpTHwzA6AlykDIJXOgVw9rSbVBVlbFDSWH9quHKOm8tQCcKXmtlv0T4rgA7JiYd8kYIzTTuMzAh4K7EkQqCGuL6hSnYaPuBEvMQLu4dwe0mzvtK6bY-z0_1Wp53htBH-qcCT8eTmOsnAX_N_AOYw2INbx_BJTlyEXo73hs4K0XLz2xWz9qz9Q-NUGqHKR4.6sFAz9tI8Ayhq6uHxKqij58t8uAZR4aa5rqHiWl2OCA%26dib_tag%3Dse%26keywords%3DRKWI%2Bheadphones%26nsdOptOutParam%3Dtrue%26qid%3D1785346915%26sr%3D8-18-spons%26aref%3DtxgLk33j3f%26sp_csd%3Dd2lkZ2V0TmFtZT1zcF9hdGZfbmV4dA%26psc%3D1&aref=txgLk33j3f&sp_cr=ZAZ
B07JQKR35P,JBL,548,669,3.9,12,RK World InfoCom Private Limited,https://www.amazon.in/JBL-C50HI-Ear-Headphones-Blue/dp/B07JQKR35P/ref=sr_1_20?dib=eyJ2IjoiMSJ9.rHSD2_0YRbeEcLY_xz1WazjCfaUgHQduyZA71s0EHLDQ6mpTHwzA6AlykDIJXOgVw9rSbVBVlbFDSWH9quHKOm8tQCcKXmtlv0T4rgA7JiYd8kYIzTTuMzAh4K7EkQqCGuL6hSnYaPuBEvMQLu4dwe0mzvtK6bY-z0_1Wp53htBH-qcCT8eTmOsnAX_N_AOYw2INbx_BJTlyEXo73hs4K0XLz2xWz9qz9Q-NUGqHKR4.6sFAz9tI8Ayhq6uHxKqij58t8uAZR4aa5rqHiWl2OCA&dib_tag=se&keywords=RKWI+headphones&nsdOptOutParam=true&qid=1785346915&sr=8-20
B09L82JWQQ,WK LIFE BORN TO LIVE,1779,3599,3.8,46,RK World InfoCom Private Limited,https://www.amazon.in/WK-LIFE-BORN-K9-Headphones/dp/B09L82JWQQ/ref=sr_1_21?dib=eyJ2IjoiMSJ9.rHSD2_0YRbeEcLY_xz1WazjCfaUgHQduyZA71s0EHLDQ6mpTHwzA6AlykDIJXOgVw9rSbVBVlbFDSWH9quHKOm8tQCcKXmtlv0T4rgA7JiYd8kYIzTTuMzAh4K7EkQqCGuL6hSnYaPuBEvMQLu4dwe0mzvtK6bY-z0_1Wp53htBH-qcCT8eTmOsnAX_N_AOYw2INbx_BJTlyEXo73hs4K0XLz2xWz9qz9Q-NUGqHKR4.6sFAz9tI8Ayhq6uHxKqij58t8uAZR4aa5rqHiWl2OCA&dib_tag=se&keywords=RKWI+headphones&nsdOptOutParam=true&qid=1785346915&sr=8-21
B0DBHH6Y2R,iClever,2699,3999,4.2,133,RK World InfoCom Private Limited,https://www.amazon.in/iClever-BTH12-Bluetooth-Headphones-Colorful/dp/B0DBHH6Y2R/ref=sr_1_24?dib=eyJ2IjoiMSJ9.rHSD2_0YRbeEcLY_xz1WazjCfaUgHQduyZA71s0EHLDQ6mpTHwzA6AlykDIJXOgVw9rSbVBVlbFDSWH9quHKOm8tQCcKXmtlv0T4rgA7JiYd8kYIzTTuMzAh4K7EkQqCGuL6hSnYaPuBEvMQLu4dwe0mzvtK6bY-z0_1Wp53htBH-qcCT8eTmOsnAX_N_AOYw2INbx_BJTlyEXo73hs4K0XLz2xWz9qz9Q-NUGqHKR4.6sFAz9tI8Ayhq6uHxKqij58t8uAZR4aa5rqHiWl2OCA&dib_tag=se&keywords=RKWI+headphones&nsdOptOutParam=true&qid=1785346915&sr=8-24
B08KWDCP12,"KRH Store Unicorn Fur Headphones for Girls - Wired Headphones for Kids on Ear, Toddler Headphones for 3.5mm Jack(with Mic), Pink",640,1999,3.2,116,RK World InfoCom Private Limited,https://www.amazon.in/KRH-Store-Unicorn-Headphones-Girls/dp/B08KWDCP12/ref=sr_1_25?dib=eyJ2IjoiMSJ9.rHSD2_0YRbeEcLY_xz1WazjCfaUgHQduyZA71s0EHLDQ6mpTHwzA6AlykDIJXOgVw9rSbVBVlbFDSWH9quHKOm8tQCcKXmtlv0T4rgA7JiYd8kYIzTTuMzAh4K7EkQqCGuL6hSnYaPuBEvMQLu4dwe0mzvtK6bY-z0_1Wp53htBH-qcCT8eTmOsnAX_N_AOYw2INbx_BJTlyEXo73hs4K0XLz2xWz9qz9Q-NUGqHKR4.6sFAz9tI8Ayhq6uHxKqij58t8uAZR4aa5rqHiWl2OCA&dib_tag=se&keywords=RKWI+headphones&nsdOptOutParam=true&qid=1785346915&sr=8-25
B081Q85RTF,Ant Esports,849,2999,3.8,0,RK World InfoCom Private Limited,https://www.amazon.in/sspa/click?ie=UTF8&spc=MToxNDExMzY3MTkxNDM1ODc1OjE3ODUzNDY5MTU6c3BfbXRmOjMwMTIyMDgxOTQ1OTIzMjo6MDo6&url=%2FAnt-Esports-Nintendo-Computer-Black%2Fdp%2FB081Q85RTF%2Fref%3Dsr_1_26_sspa%3Fdib%3DeyJ2IjoiMSJ9.rHSD2_0YRbeEcLY_xz1WazjCfaUgHQduyZA71s0EHLDQ6mpTHwzA6AlykDIJXOgVw9rSbVBVlbFDSWH9quHKOm8tQCcKXmtlv0T4rgA7JiYd8kYIzTTuMzAh4K7EkQqCGuL6hSnYaPuBEvMQLu4dwe0mzvtK6bY-z0_1Wp53htBH-qcCT8eTmOsnAX_N_AOYw2INbx_BJTlyEXo73hs4K0XLz2xWz9qz9Q-NUGqHKR4.6sFAz9tI8Ayhq6uHxKqij58t8uAZR4aa5rqHiWl2OCA%26dib_tag%3Dse%26keywords%3DRKWI%2Bheadphones%26nsdOptOutParam%3Dtrue%26qid%3D1785346915%26sr%3D8-26-spons%26aref%3DT6XWUAkgCu%26sp_csd%3Dd2lkZ2V0TmFtZT1zcF9tdGY%26psc%3D1&aref=T6XWUAkgCu&sp_cr=ZAZ
B0DMDZ3Z4Y,GEEKRIA,1785,2142,3.9,0,RK World InfoCom Private Limited,https://www.amazon.in/sspa/click?ie=UTF8&spc=MToxNDExMzY3MTkxNDM1ODc1OjE3ODUzNDY5MTU6c3BfbXRmOjMwMTAwMjkxNTU1MjczMjo6MDo6&url=%2FGEEKRIA-Headphones-Microphone-Controller-Compatible%2Fdp%2FB0DMDZ3Z4Y%2Fref%3Dsr_1_27_sspa%3Fdib%3DeyJ2IjoiMSJ9.rHSD2_0YRbeEcLY_xz1WazjCfaUgHQduyZA71s0EHLDQ6mpTHwzA6AlykDIJXOgVw9rSbVBVlbFDSWH9quHKOm8tQCcKXmtlv0T4rgA7JiYd8kYIzTTuMzAh4K7EkQqCGuL6hSnYaPuBEvMQLu4dwe0mzvtK6bY-z0_1Wp53htBH-qcCT8eTmOsnAX_N_AOYw2INbx_BJTlyEXo73hs4K0XLz2xWz9qz9Q-NUGqHKR4.6sFAz9tI8Ayhq6uHxKqij58t8uAZR4aa5rqHiWl2OCA%26dib_tag%3Dse%26keywords%3DRKWI%2Bheadphones%26nsdOptOutParam%3Dtrue%26qid%3D1785346915%26sr%3D8-27-spons%26aref%3DVvRoy7W6II%26sp_csd%3Dd2lkZ2V0TmFtZT1zcF9tdGY%26psc%3D1&aref=VvRoy7W6II&sp_cr=ZAZ
B0FVXQNKMV,"Wireless Bluetooth Headphones Over Ear with Mic, Stereo Sound, Foldable Design, FM & TF Card Compatible",429,1200,,429429120012001200,RK World InfoCom Private Limited,https://www.amazon.in/Wanzhow-Wireless-Bluetooth-Headphones-Compatible/dp/B0FVXQNKMV/ref=sr_1_28?dib=eyJ2IjoiMSJ9.rHSD2_0YRbeEcLY_xz1WazjCfaUgHQduyZA71s0EHLDQ6mpTHwzA6AlykDIJXOgVw9rSbVBVlbFDSWH9quHKOm8tQCcKXmtlv0T4rgA7JiYd8kYIzTTuMzAh4K7EkQqCGuL6hSnYaPuBEvMQLu4dwe0mzvtK6bY-z0_1Wp53htBH-qcCT8eTmOsnAX_N_AOYw2INbx_BJTlyEXo73hs4K0XLz2xWz9qz9Q-NUGqHKR4.6sFAz9tI8Ayhq6uHxKqij58t8uAZR4aa5rqHiWl2OCA&dib_tag=se&keywords=RKWI+headphones&nsdOptOutParam=true&qid=1785346915&sr=8-28
B08HDFJC9Z,iClever,2519,3999,4.2,133,RK World InfoCom Private Limited,https://www.amazon.in/iClever-Headphones-Wireless-Playtime-Bluetooth/dp/B08HDFJC9Z/ref=sr_1_29?dib=eyJ2IjoiMSJ9.rHSD2_0YRbeEcLY_xz1WazjCfaUgHQduyZA71s0EHLDQ6mpTHwzA6AlykDIJXOgVw9rSbVBVlbFDSWH9quHKOm8tQCcKXmtlv0T4rgA7JiYd8kYIzTTuMzAh4K7EkQqCGuL6hSnYaPuBEvMQLu4dwe0mzvtK6bY-z0_1Wp53htBH-qcCT8eTmOsnAX_N_AOYw2INbx_BJTlyEXo73hs4K0XLz2xWz9qz9Q-NUGqHKR4.6sFAz9tI8Ayhq6uHxKqij58t8uAZR4aa5rqHiWl2OCA&dib_tag=se&keywords=RKWI+headphones&nsdOptOutParam=true&qid=1785346915&sr=8-29
B0GWDCCVHD,Noise,3999,4499,3.6,0,RK World InfoCom Private Limited,https://www.amazon.in/sspa/click?ie=UTF8&spc=MToxNDExMzY3MTkxNDM1ODc1OjE3ODUzNDY5MTU6c3BfbXRmOjMwMTE2NDc2ODc3NjgzMjo6MDo6&url=%2FNoise-Wireless-Open-Earbuds-AI-Powered-Playtime%2Fdp%2FB0GWDCCVHD%2Fref%3Dsr_1_30_sspa%3Fdib%3DeyJ2IjoiMSJ9.rHSD2_0YRbeEcLY_xz1WazjCfaUgHQduyZA71s0EHLDQ6mpTHwzA6AlykDIJXOgVw9rSbVBVlbFDSWH9quHKOm8tQCcKXmtlv0T4rgA7JiYd8kYIzTTuMzAh4K7EkQqCGuL6hSnYaPuBEvMQLu4dwe0mzvtK6bY-z0_1Wp53htBH-qcCT8eTmOsnAX_N_AOYw2INbx_BJTlyEXo73hs4K0XLz2xWz9qz9Q-NUGqHKR4.6sFAz9tI8Ayhq6uHxKqij58t8uAZR4aa5rqHiWl2OCA%26dib_tag%3Dse%26keywords%3DRKWI%2Bheadphones%26nsdOptOutParam%3Dtrue%26qid%3D1785346915%26sr%3D8-30-spons%26aref%3Dg0rr9dd0Rm%26sp_csd%3Dd2lkZ2V0TmFtZT1zcF9tdGY%26psc%3D1&aref=g0rr9dd0Rm&sp_cr=ZAZ
B0DVSX8D1L,Ant Esports,1049,2999,3.6,0,RK World InfoCom Private Limited,https://www.amazon.in/sspa/click?ie=UTF8&spc=MToxNDExMzY3MTkxNDM1ODc1OjE3ODUzNDY5MTU6c3BfbXRmOjMwMTIyMDgxOTQ1OTQzMjo6MDo6&url=%2FAnt-Esports-Headphones-Compatible-Mobile_White%2Fdp%2FB0DVSX8D1L%2Fref%3Dsr_1_31_sspa%3Fdib%3DeyJ2IjoiMSJ9.rHSD2_0YRbeEcLY_xz1WazjCfaUgHQduyZA71s0EHLDQ6mpTHwzA6AlykDIJXOgVw9rSbVBVlbFDSWH9quHKOm8tQCcKXmtlv0T4rgA7JiYd8kYIzTTuMzAh4K7EkQqCGuL6hSnYaPuBEvMQLu4dwe0mzvtK6bY-z0_1Wp53htBH-qcCT8eTmOsnAX_N_AOYw2INbx_BJTlyEXo73hs4K0XLz2xWz9qz9Q-NUGqHKR4.6sFAz9tI8Ayhq6uHxKqij58t8uAZR4aa5rqHiWl2OCA%26dib_tag%3Dse%26keywords%3DRKWI%2Bheadphones%26nsdOptOutParam%3Dtrue%26qid%3D1785346915%26sr%3D8-31-spons%26aref%3DqACJjUKdQk%26sp_csd%3Dd2lkZ2V0TmFtZT1zcF9tdGY%26psc%3D1&aref=qACJjUKdQk&sp_cr=ZAZ
B0F9KZMVGQ,USU,392,1999,3.1,16,RK World InfoCom Private Limited,https://www.amazon.in/USU-Wireless-Bluetooth-Headphones-Foldable/dp/B0F9KZMVGQ/ref=sr_1_32?dib=eyJ2IjoiMSJ9.rHSD2_0YRbeEcLY_xz1WazjCfaUgHQduyZA71s0EHLDQ6mpTHwzA6AlykDIJXOgVw9rSbVBVlbFDSWH9quHKOm8tQCcKXmtlv0T4rgA7JiYd8kYIzTTuMzAh4K7EkQqCGuL6hSnYaPuBEvMQLu4dwe0mzvtK6bY-z0_1Wp53htBH-qcCT8eTmOsnAX_N_AOYw2INbx_BJTlyEXo73hs4K0XLz2xWz9qz9Q-NUGqHKR4.6sFAz9tI8Ayhq6uHxKqij58t8uAZR4aa5rqHiWl2OCA&dib_tag=se&keywords=RKWI+headphones&nsdOptOutParam=true&qid=1785346915&sr=8-32
B09VKXNP3F,WK LIFE BORN TO LIVE,1591,3599,3.8,46,RK World InfoCom Private Limited,https://www.amazon.in/WK-LIFE-BORN-LIVE-Headphones/dp/B09VKXNP3F/ref=sr_1_33?dib=eyJ2IjoiMSJ9.rHSD2_0YRbeEcLY_xz1WazjCfaUgHQduyZA71s0EHLDQ6mpTHwzA6AlykDIJXOgVw9rSbVBVlbFDSWH9quHKOm8tQCcKXmtlv0T4rgA7JiYd8kYIzTTuMzAh4K7EkQqCGuL6hSnYaPuBEvMQLu4dwe0mzvtK6bY-z0_1Wp53htBH-qcCT8eTmOsnAX_N_AOYw2INbx_BJTlyEXo73hs4K0XLz2xWz9qz9Q-NUGqHKR4.6sFAz9tI8Ayhq6uHxKqij58t8uAZR4aa5rqHiWl2OCA&dib_tag=se&keywords=RKWI+headphones&nsdOptOutParam=true&qid=1785346915&sr=8-33
B0FNK7KJXN,"FG-07 Over Ear Headphones with Upto 50 Hrs Playtime, Fast Charging, in-Built ENC Mic, 40mm Titanium Bass Drivers, Super Soft Cushion, AUX in, Foldable Design",1899,4999,4.2,2,RK World InfoCom Private Limited,https://www.amazon.in/COREGENIX-FG-07-Headphones-Playtime-Charging/dp/B0FNK7KJXN/ref=sr_1_34?dib=eyJ2IjoiMSJ9.rHSD2_0YRbeEcLY_xz1WazjCfaUgHQduyZA71s0EHLDQ6mpTHwzA6AlykDIJXOgVw9rSbVBVlbFDSWH9quHKOm8tQCcKXmtlv0T4rgA7JiYd8kYIzTTuMzAh4K7EkQqCGuL6hSnYaPuBEvMQLu4dwe0mzvtK6bY-z0_1Wp53htBH-qcCT8eTmOsnAX_N_AOYw2INbx_BJTlyEXo73hs4K0XLz2xWz9qz9Q-NUGqHKR4.6sFAz9tI8Ayhq6uHxKqij58t8uAZR4aa5rqHiWl2OCA&dib_tag=se&keywords=RKWI+headphones&nsdOptOutParam=true&qid=1785346915&sr=8-34
B0FWKG1L3G,"FG-07 Over Ear Headphones with Upto 50 Hrs Playtime, Fast Charging, in-Built ENC Mic, 40mm Titanium Bass Drivers, Super Soft Cushion, AUX in, Foldable Design (Blue)",2094,4999,4.2,2,RK World InfoCom Private Limited,https://www.amazon.in/COREGENIX-FG-07-Headphones-Playtime-Charging/dp/B0FWKG1L3G/ref=sr_1_35?dib=eyJ2IjoiMSJ9.rHSD2_0YRbeEcLY_xz1WazjCfaUgHQduyZA71s0EHLDQ6mpTHwzA6AlykDIJXOgVw9rSbVBVlbFDSWH9quHKOm8tQCcKXmtlv0T4rgA7JiYd8kYIzTTuMzAh4K7EkQqCGuL6hSnYaPuBEvMQLu4dwe0mzvtK6bY-z0_1Wp53htBH-qcCT8eTmOsnAX_N_AOYw2INbx_BJTlyEXo73hs4K0XLz2xWz9qz9Q-NUGqHKR4.6sFAz9tI8Ayhq6uHxKqij58t8uAZR4aa5rqHiWl2OCA&dib_tag=se&keywords=RKWI+headphones&nsdOptOutParam=true&qid=1785346915&sr=8-35
B0GS59FNV4,P47,299,1599,,299299159915991599,RK World InfoCom Private Limited,https://www.amazon.in/P47-Wireless-Bluetooth-Headphones-Playback/dp/B0GS59FNV4/ref=sr_1_36?dib=eyJ2IjoiMSJ9.rHSD2_0YRbeEcLY_xz1WazjCfaUgHQduyZA71s0EHLDQ6mpTHwzA6AlykDIJXOgVw9rSbVBVlbFDSWH9quHKOm8tQCcKXmtlv0T4rgA7JiYd8kYIzTTuMzAh4K7EkQqCGuL6hSnYaPuBEvMQLu4dwe0mzvtK6bY-z0_1Wp53htBH-qcCT8eTmOsnAX_N_AOYw2INbx_BJTlyEXo73hs4K0XLz2xWz9qz9Q-NUGqHKR4.6sFAz9tI8Ayhq6uHxKqij58t8uAZR4aa5rqHiWl2OCA&dib_tag=se&keywords=RKWI+headphones&nsdOptOutParam=true&qid=1785346915&sr=8-36
B0FVT6D2DV,"Wireless Bluetooth Headphones with Stereo Sound, Hands-Free Calling, Foldable Adjustable Headset with TF Card Slot",428,1200,,428428120012001200,RK World InfoCom Private Limited,https://www.amazon.in/Wanzhow-Bluetooth-Headphones-Hands-Free-Adjustable/dp/B0FVT6D2DV/ref=sr_1_37?dib=eyJ2IjoiMSJ9.rHSD2_0YRbeEcLY_xz1WazjCfaUgHQduyZA71s0EHLDQ6mpTHwzA6AlykDIJXOgVw9rSbVBVlbFDSWH9quHKOm8tQCcKXmtlv0T4rgA7JiYd8kYIzTTuMzAh4K7EkQqCGuL6hSnYaPuBEvMQLu4dwe0mzvtK6bY-z0_1Wp53htBH-qcCT8eTmOsnAX_N_AOYw2INbx_BJTlyEXo73hs4K0XLz2xWz9qz9Q-NUGqHKR4.6sFAz9tI8Ayhq6uHxKqij58t8uAZR4aa5rqHiWl2OCA&dib_tag=se&keywords=RKWI+headphones&nsdOptOutParam=true&qid=1785346915&sr=8-37
B0FVLXD8NL,Portable Foldable Wireless Bluetooth Headphones with Soft Ear Cushions & Mic Bluetooth,427,1200,,427427120012001200,RK World InfoCom Private Limited,https://www.amazon.in/Wanzhow-Portable-Foldable-Bluetooth-Headphones/dp/B0FVLXD8NL/ref=sr_1_38?dib=eyJ2IjoiMSJ9.rHSD2_0YRbeEcLY_xz1WazjCfaUgHQduyZA71s0EHLDQ6mpTHwzA6AlykDIJXOgVw9rSbVBVlbFDSWH9quHKOm8tQCcKXmtlv0T4rgA7JiYd8kYIzTTuMzAh4K7EkQqCGuL6hSnYaPuBEvMQLu4dwe0mzvtK6bY-z0_1Wp53htBH-qcCT8eTmOsnAX_N_AOYw2INbx_BJTlyEXo73hs4K0XLz2xWz9qz9Q-NUGqHKR4.6sFAz9tI8Ayhq6uHxKqij58t8uAZR4aa5rqHiWl2OCA&dib_tag=se&keywords=RKWI+headphones&nsdOptOutParam=true&qid=1785346915&sr=8-38
B09VKTWWP1,WK LIFE BORN TO LIVE,1679,3599,3.8,46,RK World InfoCom Private Limited,https://www.amazon.in/WK-LIFE-BORN-LIVE-Purple/dp/B09VKTWWP1/ref=sr_1_39_mod_primary_new?dib=eyJ2IjoiMSJ9.rHSD2_0YRbeEcLY_xz1WazjCfaUgHQduyZA71s0EHLDQ6mpTHwzA6AlykDIJXOgVw9rSbVBVlbFDSWH9quHKOm8tQCcKXmtlv0T4rgA7JiYd8kYIzTTuMzAh4K7EkQqCGuL6hSnYaPuBEvMQLu4dwe0mzvtK6bY-z0_1Wp53htBH-qcCT8eTmOsnAX_N_AOYw2INbx_BJTlyEXo73hs4K0XLz2xWz9qz9Q-NUGqHKR4.6sFAz9tI8Ayhq6uHxKqij58t8uAZR4aa5rqHiWl2OCA&dib_tag=se&keywords=RKWI+headphones&nsdOptOutParam=true&qid=1785346915&sbo=RZvfv%2F%2FHxDF%2BO5021pAnSA%3D%3D&sr=8-39
B0FTZDN6MT,"Wireless Bluetooth Headphones, Over-Ear Design, Matte Black with Mic, Deep Bass, Foldable Over-Ear Headset",449,1200,,449449120012001200,RK World InfoCom Private Limited,https://www.amazon.in/Wanzhow-Wireless-Bluetooth-Headphones-Black/dp/B0FTZDN6MT/ref=sr_1_40?dib=eyJ2IjoiMSJ9.rHSD2_0YRbeEcLY_xz1WazjCfaUgHQduyZA71s0EHLDQ6mpTHwzA6AlykDIJXOgVw9rSbVBVlbFDSWH9quHKOm8tQCcKXmtlv0T4rgA7JiYd8kYIzTTuMzAh4K7EkQqCGuL6hSnYaPuBEvMQLu4dwe0mzvtK6bY-z0_1Wp53htBH-qcCT8eTmOsnAX_N_AOYw2INbx_BJTlyEXo73hs4K0XLz2xWz9qz9Q-NUGqHKR4.6sFAz9tI8Ayhq6uHxKqij58t8uAZR4aa5rqHiWl2OCA&dib_tag=se&keywords=RKWI+headphones&nsdOptOutParam=true&qid=1785346915&sr=8-40
B0F5VV4Y2N,Wentronic,6591,,4.1,273,RK World InfoCom Private Limited,https://www.amazon.in/Wentronic-Y01-Headphones-Microphones-PC-Starlight/dp/B0F5VV4Y2N/ref=sr_1_41?dib=eyJ2IjoiMSJ9.rHSD2_0YRbeEcLY_xz1WazjCfaUgHQduyZA71s0EHLDQ6mpTHwzA6AlykDIJXOgVw9rSbVBVlbFDSWH9quHKOm8tQCcKXmtlv0T4rgA7JiYd8kYIzTTuMzAh4K7EkQqCGuL6hSnYaPuBEvMQLu4dwe0mzvtK6bY-z0_1Wp53htBH-qcCT8eTmOsnAX_N_AOYw2INbx_BJTlyEXo73hs4K0XLz2xWz9qz9Q-NUGqHKR4.6sFAz9tI8Ayhq6uHxKqij58t8uAZR4aa5rqHiWl2OCA&dib_tag=se&keywords=RKWI+headphones&nsdOptOutParam=true&qid=1785346915&sr=8-41
B0FW4TYQ1R,Foldable Soft Cushioned Wireless Over-Ear Bluetooth Headphone with Mic Support for All Smartphones,446,1200,,446446120012001200,RK World InfoCom Private Limited,https://www.amazon.in/Wanzhow-Cushioned-Bluetooth-Headphone-Smartphones/dp/B0FW4TYQ1R/ref=sr_1_36?dib=eyJ2IjoiMSJ9.hpIO4Hffpxfwo9ueLXMf-hD_r-yviTdHaoUymVPjCKKavegHG-1M85fuW67q4Soj-hjgB54gymcbpSoqp6gJ-HcLkUW6BZ3CvxQ2JvBGs5Da4ZeWQXn-fBWWtP5p_Cz3PcGJIP4PX0-yEuVxPycUBaVSI5soKmoO2YWAdyNNd58PEpXeK0zX5VAh_KNNKkHnDOj7pQAstykZcEMZBkGygbnncQWCUaemrSRRwLf0E8M.diuzWxEJKtw-GNUl4oJMmkis6fiAhLTVVakGZIEatnI&dib_tag=se&keywords=RKWI+headphones&nsdOptOutParam=true&qid=1785346920&sr=8-36
B0FN81DYHW,"FG07 Over Ear Premium Headphones, Upto 50* Hr Playtime, Fast Charging, in-Built ENC Mic, 40mm Titanium Bass Drivers, Super Soft Cushion, AUX in, Foldable Design, Wireless Bluetooth (White)",1659,2999,3.9,12,RK World InfoCom Private Limited,https://www.amazon.in/VEHOP-FG07-Headphones-Playtime-Bluetooth/dp/B0FN81DYHW/ref=sr_1_37?dib=eyJ2IjoiMSJ9.hpIO4Hffpxfwo9ueLXMf-hD_r-yviTdHaoUymVPjCKKavegHG-1M85fuW67q4Soj-hjgB54gymcbpSoqp6gJ-HcLkUW6BZ3CvxQ2JvBGs5Da4ZeWQXn-fBWWtP5p_Cz3PcGJIP4PX0-yEuVxPycUBaVSI5soKmoO2YWAdyNNd58PEpXeK0zX5VAh_KNNKkHnDOj7pQAstykZcEMZBkGygbnncQWCUaemrSRRwLf0E8M.diuzWxEJKtw-GNUl4oJMmkis6fiAhLTVVakGZIEatnI&dib_tag=se&keywords=RKWI+headphones&nsdOptOutParam=true&qid=1785346920&sr=8-37
B0FVLTN4J6,"Portable Sports Headphones with Microphone, Stereo Fm,Memory Card Support Bluetooth Headset",429,1200,,429429120012001200,RK World InfoCom Private Limited,https://www.amazon.in/Wanzhow-Portable-Headphones-Microphone-Bluetooth/dp/B0FVLTN4J6/ref=sr_1_40?dib=eyJ2IjoiMSJ9.hpIO4Hffpxfwo9ueLXMf-hD_r-yviTdHaoUymVPjCKKavegHG-1M85fuW67q4Soj-hjgB54gymcbpSoqp6gJ-HcLkUW6BZ3CvxQ2JvBGs5Da4ZeWQXn-fBWWtP5p_Cz3PcGJIP4PX0-yEuVxPycUBaVSI5soKmoO2YWAdyNNd58PEpXeK0zX5VAh_KNNKkHnDOj7pQAstykZcEMZBkGygbnncQWCUaemrSRRwLf0E8M.diuzWxEJKtw-GNUl4oJMmkis6fiAhLTVVakGZIEatnI&dib_tag=se&keywords=RKWI+headphones&nsdOptOutParam=true&qid=1785346920&sr=8-40
B0FW4WGPY4,Deep Bass Wireless Bluetooth Foldable Headset Gaming Headphone with Mic & Padded Ear Cushions,429,1200,,429429120012001200,RK World InfoCom Private Limited,https://www.amazon.in/Wanzhow-Wireless-Bluetooth-Foldable-Headphone/dp/B0FW4WGPY4/ref=sr_1_41?dib=eyJ2IjoiMSJ9.hpIO4Hffpxfwo9ueLXMf-hD_r-yviTdHaoUymVPjCKKavegHG-1M85fuW67q4Soj-hjgB54gymcbpSoqp6gJ-HcLkUW6BZ3CvxQ2JvBGs5Da4ZeWQXn-fBWWtP5p_Cz3PcGJIP4PX0-yEuVxPycUBaVSI5soKmoO2YWAdyNNd58PEpXeK0zX5VAh_KNNKkHnDOj7pQAstykZcEMZBkGygbnncQWCUaemrSRRwLf0E8M.diuzWxEJKtw-GNUl4oJMmkis6fiAhLTVVakGZIEatnI&dib_tag=se&keywords=RKWI+headphones&nsdOptOutParam=true&qid=1785346920&sr=8-41
B0G5PSTWV2,"RGB Light Wireless Bluetooth Over Ear Gaming Headphone, BT 5.3 with Low Latency Gaming, Upto 30H of Backup, 40mm Titanium Drivers, Dual Pairing Headset.",1699,3299,,16991699329932993299,RK World InfoCom Private Limited,https://www.amazon.in/Kitwe-Wireless-Bluetooth-Headphone-Titanium/dp/B0G5PSTWV2/ref=sr_1_44?dib=eyJ2IjoiMSJ9.hpIO4Hffpxfwo9ueLXMf-hD_r-yviTdHaoUymVPjCKKavegHG-1M85fuW67q4Soj-hjgB54gymcbpSoqp6gJ-HcLkUW6BZ3CvxQ2JvBGs5Da4ZeWQXn-fBWWtP5p_Cz3PcGJIP4PX0-yEuVxPycUBaVSI5soKmoO2YWAdyNNd58PEpXeK0zX5VAh_KNNKkHnDOj7pQAstykZcEMZBkGygbnncQWCUaemrSRRwLf0E8M.diuzWxEJKtw-GNUl4oJMmkis6fiAhLTVVakGZIEatnI&dib_tag=se&keywords=RKWI+headphones&nsdOptOutParam=true&qid=1785346920&sr=8-44
B0FFZBQM46,Meyaar,1062,1999,3.7,2,RK World InfoCom Private Limited,https://www.amazon.in/Meyaar-Bluetooth-Headphones-Playtime-Charging/dp/B0FFZBQM46/ref=sr_1_45?dib=eyJ2IjoiMSJ9.hpIO4Hffpxfwo9ueLXMf-hD_r-yviTdHaoUymVPjCKKavegHG-1M85fuW67q4Soj-hjgB54gymcbpSoqp6gJ-HcLkUW6BZ3CvxQ2JvBGs5Da4ZeWQXn-fBWWtP5p_Cz3PcGJIP4PX0-yEuVxPycUBaVSI5soKmoO2YWAdyNNd58PEpXeK0zX5VAh_KNNKkHnDOj7pQAstykZcEMZBkGygbnncQWCUaemrSRRwLf0E8M.diuzWxEJKtw-GNUl4oJMmkis6fiAhLTVVakGZIEatnI&dib_tag=se&keywords=RKWI+headphones&nsdOptOutParam=true&qid=1785346920&sr=8-45
B09NDJ34RS,Ant Esports,1499,3999,4.0,0,RK World InfoCom Private Limited,https://www.amazon.in/sspa/click?ie=UTF8&spc=MTo3MDMwOTg0MDQ4NjAwNzU1OjE3ODUzNDY5MjA6c3BfbXRmOjMwMTIyMDgxOTQ1OTMzMjo6MDo6&url=%2FAnt-Esports-H1100-Pro-White%2Fdp%2FB09NDJ34RS%2Fref%3Dsr_1_47_sspa%3Fdib%3DeyJ2IjoiMSJ9.hpIO4Hffpxfwo9ueLXMf-hD_r-yviTdHaoUymVPjCKKavegHG-1M85fuW67q4Soj-hjgB54gymcbpSoqp6gJ-HcLkUW6BZ3CvxQ2JvBGs5Da4ZeWQXn-fBWWtP5p_Cz3PcGJIP4PX0-yEuVxPycUBaVSI5soKmoO2YWAdyNNd58PEpXeK0zX5VAh_KNNKkHnDOj7pQAstykZcEMZBkGygbnncQWCUaemrSRRwLf0E8M.diuzWxEJKtw-GNUl4oJMmkis6fiAhLTVVakGZIEatnI%26dib_tag%3Dse%26keywords%3DRKWI%2Bheadphones%26nsdOptOutParam%3Dtrue%26qid%3D1785346920%26sr%3D8-47-spons%26aref%3DfLAZifSUxn%26sp_csd%3Dd2lkZ2V0TmFtZT1zcF9tdGY%26psc%3D1&aref=fLAZifSUxn&sp_cr=ZAZ
B0FNK696FR,"H2 Over Ear Headphones with Upto 50 Hrs Playtime, Fast Charging, in-Built ENC Mic, 40mm Titanium Bass Drivers, Super Soft Cushion, AUX in, Foldable Design (Red)",1999,4999,,19991999499949994999,RK World InfoCom Private Limited,https://www.amazon.in/COREGENIX-H2-Headphones-Playtime-Charging/dp/B0FNK696FR/ref=sr_1_48?dib=eyJ2IjoiMSJ9.hpIO4Hffpxfwo9ueLXMf-hD_r-yviTdHaoUymVPjCKKavegHG-1M85fuW67q4Soj-hjgB54gymcbpSoqp6gJ-HcLkUW6BZ3CvxQ2JvBGs5Da4ZeWQXn-fBWWtP5p_Cz3PcGJIP4PX0-yEuVxPycUBaVSI5soKmoO2YWAdyNNd58PEpXeK0zX5VAh_KNNKkHnDOj7pQAstykZcEMZBkGygbnncQWCUaemrSRRwLf0E8M.diuzWxEJKtw-GNUl4oJMmkis6fiAhLTVVakGZIEatnI&dib_tag=se&keywords=RKWI+headphones&nsdOptOutParam=true&qid=1785346920&sr=8-48
B0FN4DD9KH,"H2 Over Ear Premium Bluetooth Headphones with RGB Light, Upto 50* Hrs Playtime, Fast Charging, in-Built ENC Mic, 40mm Titanium Bass Drivers, Super Soft Cushion, AUX in, Foldable Design (Blue)",1799,2999,3.9,18,RK World InfoCom Private Limited,https://www.amazon.in/VEHOP-H2-Bluetooth-Headphones-Playtime/dp/B0FN4DD9KH/ref=sr_1_49?dib=eyJ2IjoiMSJ9.hpIO4Hffpxfwo9ueLXMf-hD_r-yviTdHaoUymVPjCKKavegHG-1M85fuW67q4Soj-hjgB54gymcbpSoqp6gJ-HcLkUW6BZ3CvxQ2JvBGs5Da4ZeWQXn-fBWWtP5p_Cz3PcGJIP4PX0-yEuVxPycUBaVSI5soKmoO2YWAdyNNd58PEpXeK0zX5VAh_KNNKkHnDOj7pQAstykZcEMZBkGygbnncQWCUaemrSRRwLf0E8M.diuzWxEJKtw-GNUl4oJMmkis6fiAhLTVVakGZIEatnI&dib_tag=se&keywords=RKWI+headphones&nsdOptOutParam=true&qid=1785346920&sr=8-49
B0FVLJ7R38,"Wireless Bluetooth Headphones with Mic, Foldable Over Ear Headset, FM Radio & TF Card Support, Stereo Bass Sound for Mobile & Laptop",429,1200,,429429120012001200,RK World InfoCom Private Limited,https://www.amazon.in/Wanzhow-Wireless-Bluetooth-Headphones-Foldable/dp/B0FVLJ7R38/ref=sr_1_50?dib=eyJ2IjoiMSJ9.hpIO4Hffpxfwo9ueLXMf-hD_r-yviTdHaoUymVPjCKKavegHG-1M85fuW67q4Soj-hjgB54gymcbpSoqp6gJ-HcLkUW6BZ3CvxQ2JvBGs5Da4ZeWQXn-fBWWtP5p_Cz3PcGJIP4PX0-yEuVxPycUBaVSI5soKmoO2YWAdyNNd58PEpXeK0zX5VAh_KNNKkHnDOj7pQAstykZcEMZBkGygbnncQWCUaemrSRRwLf0E8M.diuzWxEJKtw-GNUl4oJMmkis6fiAhLTVVakGZIEatnI&dib_tag=se&keywords=RKWI+headphones&nsdOptOutParam=true&qid=1785346920&sr=8-50
B0FVSGJX4F,"Bluetooth Headphones Over Ear with Deep Bass, Wireless Headset with Mic, FM Radio, TF Card, Foldable & Adjustable Design",424,1200,,424424120012001200,RK World InfoCom Private Limited,https://www.amazon.in/Wanzhow-Bluetooth-Headphones-Wireless-Adjustable/dp/B0FVSGJX4F/ref=sr_1_51?dib=eyJ2IjoiMSJ9.hpIO4Hffpxfwo9ueLXMf-hD_r-yviTdHaoUymVPjCKKavegHG-1M85fuW67q4Soj-hjgB54gymcbpSoqp6gJ-HcLkUW6BZ3CvxQ2JvBGs5Da4ZeWQXn-fBWWtP5p_Cz3PcGJIP4PX0-yEuVxPycUBaVSI5soKmoO2YWAdyNNd58PEpXeK0zX5VAh_KNNKkHnDOj7pQAstykZcEMZBkGygbnncQWCUaemrSRRwLf0E8M.diuzWxEJKtw-GNUl4oJMmkis6fiAhLTVVakGZIEatnI&dib_tag=se&keywords=RKWI+headphones&nsdOptOutParam=true&qid=1785346920&sr=8-51
B0FVX6SF18,"Bluetooth Wireless Headphones with Mic, High Bass Sound, Foldable Over Ear Headset for All Smartphones",426,1200,,426426120012001200,RK World InfoCom Private Limited,https://www.amazon.in/Wanzhow-Bluetooth-Wireless-Headphones-Smartphones/dp/B0FVX6SF18/ref=sr_1_52?dib=eyJ2IjoiMSJ9.hpIO4Hffpxfwo9ueLXMf-hD_r-yviTdHaoUymVPjCKKavegHG-1M85fuW67q4Soj-hjgB54gymcbpSoqp6gJ-HcLkUW6BZ3CvxQ2JvBGs5Da4ZeWQXn-fBWWtP5p_Cz3PcGJIP4PX0-yEuVxPycUBaVSI5soKmoO2YWAdyNNd58PEpXeK0zX5VAh_KNNKkHnDOj7pQAstykZcEMZBkGygbnncQWCUaemrSRRwLf0E8M.diuzWxEJKtw-GNUl4oJMmkis6fiAhLTVVakGZIEatnI&dib_tag=se&keywords=RKWI+headphones&nsdOptOutParam=true&qid=1785346920&sr=8-52
B0CMXHX49W,iClever,3536,,4.6,22,RK World InfoCom Private Limited,https://www.amazon.in/iClever-BTH22-Bluetooth-Headphones-Wireless/dp/B0CMXHX49W/ref=sr_1_53?dib=eyJ2IjoiMSJ9.hpIO4Hffpxfwo9ueLXMf-hD_r-yviTdHaoUymVPjCKKavegHG-1M85fuW67q4Soj-hjgB54gymcbpSoqp6gJ-HcLkUW6BZ3CvxQ2JvBGs5Da4ZeWQXn-fBWWtP5p_Cz3PcGJIP4PX0-yEuVxPycUBaVSI5soKmoO2YWAdyNNd58PEpXeK0zX5VAh_KNNKkHnDOj7pQAstykZcEMZBkGygbnncQWCUaemrSRRwLf0E8M.diuzWxEJKtw-GNUl4oJMmkis6fiAhLTVVakGZIEatnI&dib_tag=se&keywords=RKWI+headphones&nsdOptOutParam=true&qid=1785346920&sr=8-53
B0CB3HFMY7,iClever,4185,10463,4.6,45,RK World InfoCom Private Limited,https://www.amazon.in/iClever-Bluetooth-Headphones-BTH18-Bluetooth5-3/dp/B0CB3HFMY7/ref=sr_1_54?dib=eyJ2IjoiMSJ9.hpIO4Hffpxfwo9ueLXMf-hD_r-yviTdHaoUymVPjCKKavegHG-1M85fuW67q4Soj-hjgB54gymcbpSoqp6gJ-HcLkUW6BZ3CvxQ2JvBGs5Da4ZeWQXn-fBWWtP5p_Cz3PcGJIP4PX0-yEuVxPycUBaVSI5soKmoO2YWAdyNNd58PEpXeK0zX5VAh_KNNKkHnDOj7pQAstykZcEMZBkGygbnncQWCUaemrSRRwLf0E8M.diuzWxEJKtw-GNUl4oJMmkis6fiAhLTVVakGZIEatnI&dib_tag=se&keywords=RKWI+headphones&nsdOptOutParam=true&qid=1785346920&sr=8-54
B0FVY8DRT2,"Bluetooth Headphone Deep Bass, Foldable, Built-in Mic & FM/SD Card Support",429,1200,,429429120012001200,RK World InfoCom Private Limited,https://www.amazon.in/Wanzhow-Bluetooth-Headphone-Foldable-Support/dp/B0FVY8DRT2/ref=sr_1_55?dib=eyJ2IjoiMSJ9.hpIO4Hffpxfwo9ueLXMf-hD_r-yviTdHaoUymVPjCKKavegHG-1M85fuW67q4Soj-hjgB54gymcbpSoqp6gJ-HcLkUW6BZ3CvxQ2JvBGs5Da4ZeWQXn-fBWWtP5p_Cz3PcGJIP4PX0-yEuVxPycUBaVSI5soKmoO2YWAdyNNd58PEpXeK0zX5VAh_KNNKkHnDOj7pQAstykZcEMZBkGygbnncQWCUaemrSRRwLf0E8M.diuzWxEJKtw-GNUl4oJMmkis6fiAhLTVVakGZIEatnI&dib_tag=se&keywords=RKWI+headphones&nsdOptOutParam=true&qid=1785346920&sr=8-55
B0CB8DNLNF,iClever,5211,,4.2,133,RK World InfoCom Private Limited,https://www.amazon.in/iClever-BTH12-Headphones-Colorful-Bluetooth/dp/B0CB8DNLNF/ref=sr_1_56?dib=eyJ2IjoiMSJ9.hpIO4Hffpxfwo9ueLXMf-hD_r-yviTdHaoUymVPjCKKavegHG-1M85fuW67q4Soj-hjgB54gymcbpSoqp6gJ-HcLkUW6BZ3CvxQ2JvBGs5Da4ZeWQXn-fBWWtP5p_Cz3PcGJIP4PX0-yEuVxPycUBaVSI5soKmoO2YWAdyNNd58PEpXeK0zX5VAh_KNNKkHnDOj7pQAstykZcEMZBkGygbnncQWCUaemrSRRwLf0E8M.diuzWxEJKtw-GNUl4oJMmkis6fiAhLTVVakGZIEatnI&dib_tag=se&keywords=RKWI+headphones&nsdOptOutParam=true&qid=1785346920&sr=8-56
B0DHXJDDCS,iClever,4220,,4.5,413,RK World InfoCom Private Limited,https://www.amazon.in/iClever-Headphones-Conduction-Waterproof-Lightweight/dp/B0DHXJDDCS/ref=sr_1_57?dib=eyJ2IjoiMSJ9.hpIO4Hffpxfwo9ueLXMf-hD_r-yviTdHaoUymVPjCKKavegHG-1M85fuW67q4Soj-hjgB54gymcbpSoqp6gJ-HcLkUW6BZ3CvxQ2JvBGs5Da4ZeWQXn-fBWWtP5p_Cz3PcGJIP4PX0-yEuVxPycUBaVSI5soKmoO2YWAdyNNd58PEpXeK0zX5VAh_KNNKkHnDOj7pQAstykZcEMZBkGygbnncQWCUaemrSRRwLf0E8M.diuzWxEJKtw-GNUl4oJMmkis6fiAhLTVVakGZIEatnI&dib_tag=se&keywords=RKWI+headphones&nsdOptOutParam=true&qid=1785346920&sr=8-57
B0D8L5V34Y,"Retractable Headsets, Headphone V5.3 Stereo Earpiece Business Headphones, Clip on Earbud Compatible with Smart Cell Phones Tablet Pad PC Laptop (Double Ear)",3932,,4.0,14,RK World InfoCom Private Limited,https://www.amazon.in/Wisoqu-Retractable-Headphone-Headphones-Compatible/dp/B0D8L5V34Y/ref=sr_1_52?dib=eyJ2IjoiMSJ9.18ZHxi6f4YUu2u6ZU-tliogVKeU6swbhkEXY8nvahc_uS78pBz74Y3a6fqOePNaSr9oRKJJJ8giPUnKYn5yMQO2FWOro7n2UvbE5pAs-YEs8VEL5rIkZb8SFJig3vpFuCkJlt7QogUiJC5OzeZjHI8Qg3bfKDAEdhI-ekjIIJEVw75MdXer-9eDKX9gknUcIjBDelXARqqUVknaIS3sD_897Fq5kYH8GX-Ryp9weulw.atGoXGXNh0HfiGb3zNmGT9IHokAHr-bbCYs2ipuI4TA&dib_tag=se&keywords=RKWI+headphones&nsdOptOutParam=true&qid=1785346924&sr=8-52
B0FXMNVSP1,"Wireless Bluetooth Headphones with Mic, Foldable Over-Ear Headset with SD Card Support, Deep Bass & Volume Control Multi-Colour a1",419,1200,,419419120012001200,RK World InfoCom Private Limited,https://www.amazon.in/Wanzhow-Wireless-Bluetooth-Headphones-Multi-Colour/dp/B0FXMNVSP1/ref=sr_1_53?dib=eyJ2IjoiMSJ9.18ZHxi6f4YUu2u6ZU-tliogVKeU6swbhkEXY8nvahc_uS78pBz74Y3a6fqOePNaSr9oRKJJJ8giPUnKYn5yMQO2FWOro7n2UvbE5pAs-YEs8VEL5rIkZb8SFJig3vpFuCkJlt7QogUiJC5OzeZjHI8Qg3bfKDAEdhI-ekjIIJEVw75MdXer-9eDKX9gknUcIjBDelXARqqUVknaIS3sD_897Fq5kYH8GX-Ryp9weulw.atGoXGXNh0HfiGb3zNmGT9IHokAHr-bbCYs2ipuI4TA&dib_tag=se&keywords=RKWI+headphones&nsdOptOutParam=true&qid=1785346924&sr=8-53
B07N78G8GB,havit,1599,3999,4.4,0,RK World InfoCom Private Limited,https://www.amazon.in/sspa/click?ie=UTF8&spc=MTo1MDIzOTAwMTQxMzYzODMwOjE3ODUzNDY5MjQ6c3BfbXRmOjMwMDcxMTI0NjY4ODIzMjo6MDo6&url=%2FH2232d-Gaming-Headset-Microphone-Laptop%2Fdp%2FB07N78G8GB%2Fref%3Dsr_1_55_sspa%3Fdib%3DeyJ2IjoiMSJ9.18ZHxi6f4YUu2u6ZU-tliogVKeU6swbhkEXY8nvahc_uS78pBz74Y3a6fqOePNaSr9oRKJJJ8giPUnKYn5yMQO2FWOro7n2UvbE5pAs-YEs8VEL5rIkZb8SFJig3vpFuCkJlt7QogUiJC5OzeZjHI8Qg3bfKDAEdhI-ekjIIJEVw75MdXer-9eDKX9gknUcIjBDelXARqqUVknaIS3sD_897Fq5kYH8GX-Ryp9weulw.atGoXGXNh0HfiGb3zNmGT9IHokAHr-bbCYs2ipuI4TA%26dib_tag%3Dse%26keywords%3DRKWI%2Bheadphones%26nsdOptOutParam%3Dtrue%26qid%3D1785346924%26sr%3D8-55-spons%26aref%3Dj8yZWDq28G%26sp_csd%3Dd2lkZ2V0TmFtZT1zcF9tdGY%26psc%3D1&aref=j8yZWDq28G&sp_cr=ZAZ
B0F1CFHCSJ,"2 Pcs Retro On Ear Headphones, Wired Stereo Headphones, Headphone, Lightweight Portable Headphone with Adjustable Headband, Cassette Player, Over-Ear (Orange and Black)",2480,1240.29,4.2,89,RK World InfoCom Private Limited,https://www.amazon.in/Headphones-Headphone-Lightweight-Portable-Adjustable/dp/B0F1CFHCSJ/ref=sr_1_56?dib=eyJ2IjoiMSJ9.18ZHxi6f4YUu2u6ZU-tliogVKeU6swbhkEXY8nvahc_uS78pBz74Y3a6fqOePNaSr9oRKJJJ8giPUnKYn5yMQO2FWOro7n2UvbE5pAs-YEs8VEL5rIkZb8SFJig3vpFuCkJlt7QogUiJC5OzeZjHI8Qg3bfKDAEdhI-ekjIIJEVw75MdXer-9eDKX9gknUcIjBDelXARqqUVknaIS3sD_897Fq5kYH8GX-Ryp9weulw.atGoXGXNh0HfiGb3zNmGT9IHokAHr-bbCYs2ipuI4TA&dib_tag=se&keywords=RKWI+headphones&nsdOptOutParam=true&qid=1785346924&sr=8-56
B0BNPX1V15,iClever,4348,,4.6,45,RK World InfoCom Private Limited,https://www.amazon.in/iClever-Bluetooth-Headphones-BTH18-Bluetooth5-3/dp/B0BNPX1V15/ref=sr_1_57?dib=eyJ2IjoiMSJ9.18ZHxi6f4YUu2u6ZU-tliogVKeU6swbhkEXY8nvahc_uS78pBz74Y3a6fqOePNaSr9oRKJJJ8giPUnKYn5yMQO2FWOro7n2UvbE5pAs-YEs8VEL5rIkZb8SFJig3vpFuCkJlt7QogUiJC5OzeZjHI8Qg3bfKDAEdhI-ekjIIJEVw75MdXer-9eDKX9gknUcIjBDelXARqqUVknaIS3sD_897Fq5kYH8GX-Ryp9weulw.atGoXGXNh0HfiGb3zNmGT9IHokAHr-bbCYs2ipuI4TA&dib_tag=se&keywords=RKWI+headphones&nsdOptOutParam=true&qid=1785346924&sr=8-57
B0FVY91DM5,"Heavy Bass Wireless Bluetooth Foldable Headphone with Mic, AUX, FM & SD Card Support (Long Battery, Multi-Color)",429,1200,,429429120012001200,RK World InfoCom Private Limited,https://www.amazon.in/Wanzhow-Wireless-Bluetooth-Headphone-Multi-Color/dp/B0FVY91DM5/ref=sr_1_60?dib=eyJ2IjoiMSJ9.18ZHxi6f4YUu2u6ZU-tliogVKeU6swbhkEXY8nvahc_uS78pBz74Y3a6fqOePNaSr9oRKJJJ8giPUnKYn5yMQO2FWOro7n2UvbE5pAs-YEs8VEL5rIkZb8SFJig3vpFuCkJlt7QogUiJC5OzeZjHI8Qg3bfKDAEdhI-ekjIIJEVw75MdXer-9eDKX9gknUcIjBDelXARqqUVknaIS3sD_897Fq5kYH8GX-Ryp9weulw.atGoXGXNh0HfiGb3zNmGT9IHokAHr-bbCYs2ipuI4TA&dib_tag=se&keywords=RKWI+headphones&nsdOptOutParam=true&qid=1785346924&sr=8-60
B0FVLYTBF8,"Wireless Portable Bluetooth Headphone Support with Stereo Fm, Memory Card Bluetooth",425,1200,,425425120012001200,RK World InfoCom Private Limited,https://www.amazon.in/Wanzhow-Wireless-Portable-Bluetooth-Headphone/dp/B0FVLYTBF8/ref=sr_1_61?dib=eyJ2IjoiMSJ9.18ZHxi6f4YUu2u6ZU-tliogVKeU6swbhkEXY8nvahc_uS78pBz74Y3a6fqOePNaSr9oRKJJJ8giPUnKYn5yMQO2FWOro7n2UvbE5pAs-YEs8VEL5rIkZb8SFJig3vpFuCkJlt7QogUiJC5OzeZjHI8Qg3bfKDAEdhI-ekjIIJEVw75MdXer-9eDKX9gknUcIjBDelXARqqUVknaIS3sD_897Fq5kYH8GX-Ryp9weulw.atGoXGXNh0HfiGb3zNmGT9IHokAHr-bbCYs2ipuI4TA&dib_tag=se&keywords=RKWI+headphones&nsdOptOutParam=true&qid=1785346924&sr=8-61
B0DT959Y5K,WK LIFE BORN TO LIVE,4999,7999,,49994999799979997999,RK World InfoCom Private Limited,https://www.amazon.in/WK-LIFE-BORN-LIVE-Newly-Headphones/dp/B0DT959Y5K/ref=sr_1_64?dib=eyJ2IjoiMSJ9.18ZHxi6f4YUu2u6ZU-tliogVKeU6swbhkEXY8nvahc_uS78pBz74Y3a6fqOePNaSr9oRKJJJ8giPUnKYn5yMQO2FWOro7n2UvbE5pAs-YEs8VEL5rIkZb8SFJig3vpFuCkJlt7QogUiJC5OzeZjHI8Qg3bfKDAEdhI-ekjIIJEVw75MdXer-9eDKX9gknUcIjBDelXARqqUVknaIS3sD_897Fq5kYH8GX-Ryp9weulw.atGoXGXNh0HfiGb3zNmGT9IHokAHr-bbCYs2ipuI4TA&dib_tag=se&keywords=RKWI+headphones&nsdOptOutParam=true&qid=1785346924&sr=8-64
B0FVSKFL4C,"Wireless Bluetooth Headphones with Built-in Mic, Hi-Fi Sound, Foldable Over-Ear Headset for Music, Calls & Gaming",426,1200,,426426120012001200,RK World InfoCom Private Limited,https://www.amazon.in/Wanzhow-Wireless-Bluetooth-Headphones-Foldable/dp/B0FVSKFL4C/ref=sr_1_65?dib=eyJ2IjoiMSJ9.18ZHxi6f4YUu2u6ZU-tliogVKeU6swbhkEXY8nvahc_uS78pBz74Y3a6fqOePNaSr9oRKJJJ8giPUnKYn5yMQO2FWOro7n2UvbE5pAs-YEs8VEL5rIkZb8SFJig3vpFuCkJlt7QogUiJC5OzeZjHI8Qg3bfKDAEdhI-ekjIIJEVw75MdXer-9eDKX9gknUcIjBDelXARqqUVknaIS3sD_897Fq5kYH8GX-Ryp9weulw.atGoXGXNh0HfiGb3zNmGT9IHokAHr-bbCYs2ipuI4TA&dib_tag=se&keywords=RKWI+headphones&nsdOptOutParam=true&qid=1785346924&sr=8-65
B09926D37Y,iClever,3330,,4.0,146,RK World InfoCom Private Limited,https://www.amazon.in/iClever-Headphones-Microphone-Over-Ear-Shareport/dp/B09926D37Y/ref=sr_1_66?dib=eyJ2IjoiMSJ9.18ZHxi6f4YUu2u6ZU-tliogVKeU6swbhkEXY8nvahc_uS78pBz74Y3a6fqOePNaSr9oRKJJJ8giPUnKYn5yMQO2FWOro7n2UvbE5pAs-YEs8VEL5rIkZb8SFJig3vpFuCkJlt7QogUiJC5OzeZjHI8Qg3bfKDAEdhI-ekjIIJEVw75MdXer-9eDKX9gknUcIjBDelXARqqUVknaIS3sD_897Fq5kYH8GX-Ryp9weulw.atGoXGXNh0HfiGb3zNmGT9IHokAHr-bbCYs2ipuI4TA&dib_tag=se&keywords=RKWI+headphones&nsdOptOutParam=true&qid=1785346924&sr=8-66
B0FV8D4T31,"Wireless HeadphonesNoise Cancelling Stereo Gaming Headphones Fashion Bluetooth (5.0) Headset Wearing for Kids and Adults, Random Color",1899,4299,,18991899429942994299,RK World InfoCom Private Limited,https://www.amazon.in/KRIDSLOM-HeadphonesNoise-Cancelling-Headphones-Bluetooth/dp/B0FV8D4T31/ref=sr_1_67?dib=eyJ2IjoiMSJ9.18ZHxi6f4YUu2u6ZU-tliogVKeU6swbhkEXY8nvahc_uS78pBz74Y3a6fqOePNaSr9oRKJJJ8giPUnKYn5yMQO2FWOro7n2UvbE5pAs-YEs8VEL5rIkZb8SFJig3vpFuCkJlt7QogUiJC5OzeZjHI8Qg3bfKDAEdhI-ekjIIJEVw75MdXer-9eDKX9gknUcIjBDelXARqqUVknaIS3sD_897Fq5kYH8GX-Ryp9weulw.atGoXGXNh0HfiGb3zNmGT9IHokAHr-bbCYs2ipuI4TA&dib_tag=se&keywords=RKWI+headphones&nsdOptOutParam=true&qid=1785346924&sr=8-67
B0DSFV6RB4,iClever,5813,8813,4.4,27,RK World InfoCom Private Limited,https://www.amazon.in/iClever-Headphones-Conduction-Ultra-Light-Comfortable/dp/B0DSFV6RB4/ref=sr_1_68?dib=eyJ2IjoiMSJ9.18ZHxi6f4YUu2u6ZU-tliogVKeU6swbhkEXY8nvahc_uS78pBz74Y3a6fqOePNaSr9oRKJJJ8giPUnKYn5yMQO2FWOro7n2UvbE5pAs-YEs8VEL5rIkZb8SFJig3vpFuCkJlt7QogUiJC5OzeZjHI8Qg3bfKDAEdhI-ekjIIJEVw75MdXer-9eDKX9gknUcIjBDelXARqqUVknaIS3sD_897Fq5kYH8GX-Ryp9weulw.atGoXGXNh0HfiGb3zNmGT9IHokAHr-bbCYs2ipuI4TA&dib_tag=se&keywords=RKWI+headphones&nsdOptOutParam=true&qid=1785346924&sr=8-68
B0G5NPFXYP,iClever,4502,8502,4.3,17,RK World InfoCom Private Limited,https://www.amazon.in/iClever-BTH22-Bluetooth-Headphones-Charging/dp/B0G5NPFXYP/ref=sr_1_69?dib=eyJ2IjoiMSJ9.18ZHxi6f4YUu2u6ZU-tliogVKeU6swbhkEXY8nvahc_uS78pBz74Y3a6fqOePNaSr9oRKJJJ8giPUnKYn5yMQO2FWOro7n2UvbE5pAs-YEs8VEL5rIkZb8SFJig3vpFuCkJlt7QogUiJC5OzeZjHI8Qg3bfKDAEdhI-ekjIIJEVw75MdXer-9eDKX9gknUcIjBDelXARqqUVknaIS3sD_897Fq5kYH8GX-Ryp9weulw.atGoXGXNh0HfiGb3zNmGT9IHokAHr-bbCYs2ipuI4TA&dib_tag=se&keywords=RKWI+headphones&nsdOptOutParam=true&qid=1785346924&sr=8-69
B0FD9W2656,Riwbox,5909,,4.1,119,RK World InfoCom Private Limited,https://www.amazon.in/Riwbox-Cancelling-Headphones-Bluetooth-Immersion/dp/B0FD9W2656/ref=sr_1_70?dib=eyJ2IjoiMSJ9.18ZHxi6f4YUu2u6ZU-tliogVKeU6swbhkEXY8nvahc_uS78pBz74Y3a6fqOePNaSr9oRKJJJ8giPUnKYn5yMQO2FWOro7n2UvbE5pAs-YEs8VEL5rIkZb8SFJig3vpFuCkJlt7QogUiJC5OzeZjHI8Qg3bfKDAEdhI-ekjIIJEVw75MdXer-9eDKX9gknUcIjBDelXARqqUVknaIS3sD_897Fq5kYH8GX-Ryp9weulw.atGoXGXNh0HfiGb3zNmGT9IHokAHr-bbCYs2ipuI4TA&dib_tag=se&keywords=RKWI+headphones&nsdOptOutParam=true&qid=1785346924&sr=8-70
B0F541NZ17,Wireless Headphone Over The Head Bluetooth Headset Foldable Headband Hands-Free with Calling Function (1 Pc),585,986,,585585986986986,RK World InfoCom Private Limited,https://www.amazon.in/AVUDOR-Wireless-Headphone-Bluetooth-Hands-Free/dp/B0F541NZ17/ref=sr_1_71?dib=eyJ2IjoiMSJ9.18ZHxi6f4YUu2u6ZU-tliogVKeU6swbhkEXY8nvahc_uS78pBz74Y3a6fqOePNaSr9oRKJJJ8giPUnKYn5yMQO2FWOro7n2UvbE5pAs-YEs8VEL5rIkZb8SFJig3vpFuCkJlt7QogUiJC5OzeZjHI8Qg3bfKDAEdhI-ekjIIJEVw75MdXer-9eDKX9gknUcIjBDelXARqqUVknaIS3sD_897Fq5kYH8GX-Ryp9weulw.atGoXGXNh0HfiGb3zNmGT9IHokAHr-bbCYs2ipuI4TA&dib_tag=se&keywords=RKWI+headphones&nsdOptOutParam=true&qid=1785346924&sr=8-71
B0DWXM237M,iClever,8238,11238,4.5,75,RK World InfoCom Private Limited,https://www.amazon.in/iClever-BTH12-Bluetooth-Headphones-Colorful/dp/B0DWXM237M/ref=sr_1_72?dib=eyJ2IjoiMSJ9.18ZHxi6f4YUu2u6ZU-tliogVKeU6swbhkEXY8nvahc_uS78pBz74Y3a6fqOePNaSr9oRKJJJ8giPUnKYn5yMQO2FWOro7n2UvbE5pAs-YEs8VEL5rIkZb8SFJig3vpFuCkJlt7QogUiJC5OzeZjHI8Qg3bfKDAEdhI-ekjIIJEVw75MdXer-9eDKX9gknUcIjBDelXARqqUVknaIS3sD_897Fq5kYH8GX-Ryp9weulw.atGoXGXNh0HfiGb3zNmGT9IHokAHr-bbCYs2ipuI4TA&dib_tag=se&keywords=RKWI+headphones&nsdOptOutParam=true&qid=1785346924&sr=8-72
B094NC89P9,"R10 On-Ear Headphones with Microphone, Lightweight Folding Stereo Bass Headphones with 1.5M No-Tangle Cord, Portable Wired Headphones for Smartphone Tablet Computer MP3 / 4 (Black)",2420,,4.5,94,RK World InfoCom Private Limited,https://www.amazon.in/RORSOU-R10-Headphones-Microphone-Lightweight/dp/B094NC89P9/ref=sr_1_73?dib=eyJ2IjoiMSJ9.18ZHxi6f4YUu2u6ZU-tliogVKeU6swbhkEXY8nvahc_uS78pBz74Y3a6fqOePNaSr9oRKJJJ8giPUnKYn5yMQO2FWOro7n2UvbE5pAs-YEs8VEL5rIkZb8SFJig3vpFuCkJlt7QogUiJC5OzeZjHI8Qg3bfKDAEdhI-ekjIIJEVw75MdXer-9eDKX9gknUcIjBDelXARqqUVknaIS3sD_897Fq5kYH8GX-Ryp9weulw.atGoXGXNh0HfiGb3zNmGT9IHokAHr-bbCYs2ipuI4TA&dib_tag=se&keywords=RKWI+headphones&nsdOptOutParam=true&qid=1785346924&sr=8-73
B0F7XX4GW1,iClever,5361,8361,5.0,5,RK World InfoCom Private Limited,https://www.amazon.in/iClever-BTH22-Bluetooth-Headphones-Wireless/dp/B0F7XX4GW1/ref=sr_1_68?dib=eyJ2IjoiMSJ9.l4a4DPGkZErAG9tn6shxpWxq0RB9tOVP0rVam-2IZwUUpGs5nhbWzyDR4WdsKZ1EPNUQSgt5ddfNJFUbio-c4HrQagmeUoCb8ixoSt-ExU_NcJnv8khSNeDGcGUNKnLRUhpCknTdkb50gQYQY5VpkaiVjoMIeFkZZ42aX_wsZBurFZLqtau6b6Ju-icJVet5y-KLiL2q4DocwHalNFi0yOT0OZ49s60Ae48nbhdQyiw.otuTm8BxSSBM0k80uITsMgfkUmZ2tVL8U8Ij8TD2hAQ&dib_tag=se&keywords=RKWI+headphones&nsdOptOutParam=true&qid=1785346930&sr=8-68
B07HL3YVWX,Riwbox,6019,,4.5,16,RK World InfoCom Private Limited,https://www.amazon.in/Headphones-Riwbox-Bluetooth-Limiting-Microphone/dp/B07HL3YVWX/ref=sr_1_69?dib=eyJ2IjoiMSJ9.l4a4DPGkZErAG9tn6shxpWxq0RB9tOVP0rVam-2IZwUUpGs5nhbWzyDR4WdsKZ1EPNUQSgt5ddfNJFUbio-c4HrQagmeUoCb8ixoSt-ExU_NcJnv8khSNeDGcGUNKnLRUhpCknTdkb50gQYQY5VpkaiVjoMIeFkZZ42aX_wsZBurFZLqtau6b6Ju-icJVet5y-KLiL2q4DocwHalNFi0yOT0OZ49s60Ae48nbhdQyiw.otuTm8BxSSBM0k80uITsMgfkUmZ2tVL8U8Ij8TD2hAQ&dib_tag=se&keywords=RKWI+headphones&nsdOptOutParam=true&qid=1785346930&sr=8-69
B07HL1QJSZ,Riwbox,5569,,4.6,71,RK World InfoCom Private Limited,https://www.amazon.in/Headphones-Riwbox-Bluetooth-Limiting-Microphone/dp/B07HL1QJSZ/ref=sr_1_72?dib=eyJ2IjoiMSJ9.l4a4DPGkZErAG9tn6shxpWxq0RB9tOVP0rVam-2IZwUUpGs5nhbWzyDR4WdsKZ1EPNUQSgt5ddfNJFUbio-c4HrQagmeUoCb8ixoSt-ExU_NcJnv8khSNeDGcGUNKnLRUhpCknTdkb50gQYQY5VpkaiVjoMIeFkZZ42aX_wsZBurFZLqtau6b6Ju-icJVet5y-KLiL2q4DocwHalNFi0yOT0OZ49s60Ae48nbhdQyiw.otuTm8BxSSBM0k80uITsMgfkUmZ2tVL8U8Ij8TD2hAQ&dib_tag=se&keywords=RKWI+headphones&nsdOptOutParam=true&qid=1785346930&sr=8-72
B0DVPN395M,WK LIFE BORN TO LIVE,11999,,,1199911999,RK World InfoCom Private Limited,https://www.amazon.in/WK-LIFE-BORN-RB-602HB-Headphones/dp/B0DVPN395M/ref=sr_1_73?dib=eyJ2IjoiMSJ9.l4a4DPGkZErAG9tn6shxpWxq0RB9tOVP0rVam-2IZwUUpGs5nhbWzyDR4WdsKZ1EPNUQSgt5ddfNJFUbio-c4HrQagmeUoCb8ixoSt-ExU_NcJnv8khSNeDGcGUNKnLRUhpCknTdkb50gQYQY5VpkaiVjoMIeFkZZ42aX_wsZBurFZLqtau6b6Ju-icJVet5y-KLiL2q4DocwHalNFi0yOT0OZ49s60Ae48nbhdQyiw.otuTm8BxSSBM0k80uITsMgfkUmZ2tVL8U8Ij8TD2hAQ&dib_tag=se&keywords=RKWI+headphones&nsdOptOutParam=true&qid=1785346930&sr=8-73
B0798NR83K,"Bluetooth Headphones, Riwbox XBT-80 Foldable Stereo Wireless Bluetooth Headphones Over Ear with Microphone and Volume Control, Wireless and Wired Headset for PC/Cell Phones/TV/ Ipad (Black Gold)",5124,,4.3,47,RK World InfoCom Private Limited,https://www.amazon.in/Bluetooth-Headphones-Riwbox-Foldable-Microphone/dp/B0798NR83K/ref=sr_1_76?dib=eyJ2IjoiMSJ9.l4a4DPGkZErAG9tn6shxpWxq0RB9tOVP0rVam-2IZwUUpGs5nhbWzyDR4WdsKZ1EPNUQSgt5ddfNJFUbio-c4HrQagmeUoCb8ixoSt-ExU_NcJnv8khSNeDGcGUNKnLRUhpCknTdkb50gQYQY5VpkaiVjoMIeFkZZ42aX_wsZBurFZLqtau6b6Ju-icJVet5y-KLiL2q4DocwHalNFi0yOT0OZ49s60Ae48nbhdQyiw.otuTm8BxSSBM0k80uITsMgfkUmZ2tVL8U8Ij8TD2hAQ&dib_tag=se&keywords=RKWI+headphones&nsdOptOutParam=true&qid=1785346930&sr=8-76
B0GH1PFBKV,LICAEVEY,8859,12999,,88598859129991299912999,RK World InfoCom Private Limited,https://www.amazon.in/LICAEVEY-Wireless-Bluetooth-Headphones-Canceling/dp/B0GH1PFBKV/ref=sr_1_77?dib=eyJ2IjoiMSJ9.l4a4DPGkZErAG9tn6shxpWxq0RB9tOVP0rVam-2IZwUUpGs5nhbWzyDR4WdsKZ1EPNUQSgt5ddfNJFUbio-c4HrQagmeUoCb8ixoSt-ExU_NcJnv8khSNeDGcGUNKnLRUhpCknTdkb50gQYQY5VpkaiVjoMIeFkZZ42aX_wsZBurFZLqtau6b6Ju-icJVet5y-KLiL2q4DocwHalNFi0yOT0OZ49s60Ae48nbhdQyiw.otuTm8BxSSBM0k80uITsMgfkUmZ2tVL8U8Ij8TD2hAQ&dib_tag=se&keywords=RKWI+headphones&nsdOptOutParam=true&qid=1785346930&sr=8-77
B0CNPY9V6T,iClever,4895,7895,4.6,132,RK World InfoCom Private Limited,https://www.amazon.in/iClever-Headphones-Stereo-Foldable-Adjustable/dp/B0CNPY9V6T/ref=sr_1_80?dib=eyJ2IjoiMSJ9.l4a4DPGkZErAG9tn6shxpWxq0RB9tOVP0rVam-2IZwUUpGs5nhbWzyDR4WdsKZ1EPNUQSgt5ddfNJFUbio-c4HrQagmeUoCb8ixoSt-ExU_NcJnv8khSNeDGcGUNKnLRUhpCknTdkb50gQYQY5VpkaiVjoMIeFkZZ42aX_wsZBurFZLqtau6b6Ju-icJVet5y-KLiL2q4DocwHalNFi0yOT0OZ49s60Ae48nbhdQyiw.otuTm8BxSSBM0k80uITsMgfkUmZ2tVL8U8Ij8TD2hAQ&dib_tag=se&keywords=RKWI+headphones&nsdOptOutParam=true&qid=1785346930&sr=8-80
B0D8TPMJTZ,iClever,5745,8745,4.8,49,RK World InfoCom Private Limited,https://www.amazon.in/iClever-Bluetooth-Headphones-BTH18-Bluetooth5-3/dp/B0D8TPMJTZ/ref=sr_1_81?dib=eyJ2IjoiMSJ9.l4a4DPGkZErAG9tn6shxpWxq0RB9tOVP0rVam-2IZwUUpGs5nhbWzyDR4WdsKZ1EPNUQSgt5ddfNJFUbio-c4HrQagmeUoCb8ixoSt-ExU_NcJnv8khSNeDGcGUNKnLRUhpCknTdkb50gQYQY5VpkaiVjoMIeFkZZ42aX_wsZBurFZLqtau6b6Ju-icJVet5y-KLiL2q4DocwHalNFi0yOT0OZ49s60Ae48nbhdQyiw.otuTm8BxSSBM0k80uITsMgfkUmZ2tVL8U8Ij8TD2hAQ&dib_tag=se&keywords=RKWI+headphones&nsdOptOutParam=true&qid=1785346930&sr=8-81
B09PQHXXNZ,Premium Children Headphones for Children Wired Headphones Wired Headphones with Microphone Headphones with Mic Gaming Headphones Studio Headphones KK-103 2PACK,,,4.2,32,RK World InfoCom Private Limited,https://www.amazon.in/KKstorm-Headphones-Microphones-Children-Adjustable/dp/B09PQHXXNZ/ref=sr_1_82?dib=eyJ2IjoiMSJ9.l4a4DPGkZErAG9tn6shxpWxq0RB9tOVP0rVam-2IZwUUpGs5nhbWzyDR4WdsKZ1EPNUQSgt5ddfNJFUbio-c4HrQagmeUoCb8ixoSt-ExU_NcJnv8khSNeDGcGUNKnLRUhpCknTdkb50gQYQY5VpkaiVjoMIeFkZZ42aX_wsZBurFZLqtau6b6Ju-icJVet5y-KLiL2q4DocwHalNFi0yOT0OZ49s60Ae48nbhdQyiw.otuTm8BxSSBM0k80uITsMgfkUmZ2tVL8U8Ij8TD2hAQ&dib_tag=se&keywords=RKWI+headphones&nsdOptOutParam=true&qid=1785346930&sr=8-82
B0GJ5MRGF7,RK ROYAL KLUDGE,12917,17004,4.6,9,RK World InfoCom Private Limited,https://www.amazon.in/RK-ROYAL-KLUDGE-HG103-Wireless/dp/B0GJ5MRGF7/ref=sr_1_83?dib=eyJ2IjoiMSJ9.l4a4DPGkZErAG9tn6shxpWxq0RB9tOVP0rVam-2IZwUUpGs5nhbWzyDR4WdsKZ1EPNUQSgt5ddfNJFUbio-c4HrQagmeUoCb8ixoSt-ExU_NcJnv8khSNeDGcGUNKnLRUhpCknTdkb50gQYQY5VpkaiVjoMIeFkZZ42aX_wsZBurFZLqtau6b6Ju-icJVet5y-KLiL2q4DocwHalNFi0yOT0OZ49s60Ae48nbhdQyiw.otuTm8BxSSBM0k80uITsMgfkUmZ2tVL8U8Ij8TD2hAQ&dib_tag=se&keywords=RKWI+headphones&nsdOptOutParam=true&qid=1785346930&sr=8-83
B0GJ6BMF9K,RK ROYAL KLUDGE,12917,17004,4.4,19,RK World InfoCom Private Limited,https://www.amazon.in/RK-ROYAL-KLUDGE-HG103-Wireless/dp/B0GJ6BMF9K/ref=sr_1_84?dib=eyJ2IjoiMSJ9.l4a4DPGkZErAG9tn6shxpWxq0RB9tOVP0rVam-2IZwUUpGs5nhbWzyDR4WdsKZ1EPNUQSgt5ddfNJFUbio-c4HrQagmeUoCb8ixoSt-ExU_NcJnv8khSNeDGcGUNKnLRUhpCknTdkb50gQYQY5VpkaiVjoMIeFkZZ42aX_wsZBurFZLqtau6b6Ju-icJVet5y-KLiL2q4DocwHalNFi0yOT0OZ49s60Ae48nbhdQyiw.otuTm8BxSSBM0k80uITsMgfkUmZ2tVL8U8Ij8TD2hAQ&dib_tag=se&keywords=RKWI+headphones&nsdOptOutParam=true&qid=1785346930&sr=8-84
B0GY8D3D23,iClever,11919,13512,5.0,3,RK World InfoCom Private Limited,https://www.amazon.in/iClever-Noise-Cancelling-Headphones-Bluetooth/dp/B0GY8D3D23/ref=sr_1_85?dib=eyJ2IjoiMSJ9.l4a4DPGkZErAG9tn6shxpWxq0RB9tOVP0rVam-2IZwUUpGs5nhbWzyDR4WdsKZ1EPNUQSgt5ddfNJFUbio-c4HrQagmeUoCb8ixoSt-ExU_NcJnv8khSNeDGcGUNKnLRUhpCknTdkb50gQYQY5VpkaiVjoMIeFkZZ42aX_wsZBurFZLqtau6b6Ju-icJVet5y-KLiL2q4DocwHalNFi0yOT0OZ49s60Ae48nbhdQyiw.otuTm8BxSSBM0k80uITsMgfkUmZ2tVL8U8Ij8TD2hAQ&dib_tag=se&keywords=RKWI+headphones&nsdOptOutParam=true&qid=1785346930&sr=8-85
B071FJ1763,Riwbox,7337,14137.50,4.6,15,RK World InfoCom Private Limited,https://www.amazon.in/Riwbox-Bluetooth-Headphones-Wireless-Microphone/dp/B071FJ1763/ref=sr_1_86?dib=eyJ2IjoiMSJ9.l4a4DPGkZErAG9tn6shxpWxq0RB9tOVP0rVam-2IZwUUpGs5nhbWzyDR4WdsKZ1EPNUQSgt5ddfNJFUbio-c4HrQagmeUoCb8ixoSt-ExU_NcJnv8khSNeDGcGUNKnLRUhpCknTdkb50gQYQY5VpkaiVjoMIeFkZZ42aX_wsZBurFZLqtau6b6Ju-icJVet5y-KLiL2q4DocwHalNFi0yOT0OZ49s60Ae48nbhdQyiw.otuTm8BxSSBM0k80uITsMgfkUmZ2tVL8U8Ij8TD2hAQ&dib_tag=se&keywords=RKWI+headphones&nsdOptOutParam=true&qid=1785346930&sr=8-86
B0F7XYLFZX,iClever,5318,8318,4.4,20,RK World InfoCom Private Limited,https://www.amazon.in/iClever-BTH22-Bluetooth-Headphones-Wireless/dp/B0F7XYLFZX/ref=sr_1_87?dib=eyJ2IjoiMSJ9.l4a4DPGkZErAG9tn6shxpWxq0RB9tOVP0rVam-2IZwUUpGs5nhbWzyDR4WdsKZ1EPNUQSgt5ddfNJFUbio-c4HrQagmeUoCb8ixoSt-ExU_NcJnv8khSNeDGcGUNKnLRUhpCknTdkb50gQYQY5VpkaiVjoMIeFkZZ42aX_wsZBurFZLqtau6b6Ju-icJVet5y-KLiL2q4DocwHalNFi0yOT0OZ49s60Ae48nbhdQyiw.otuTm8BxSSBM0k80uITsMgfkUmZ2tVL8U8Ij8TD2hAQ&dib_tag=se&keywords=RKWI+headphones&nsdOptOutParam=true&qid=1785346930&sr=8-87
B0FFSN5VBV,"Hybrid Active Noise Cancelling Headphones, Wireless Over Ear Bluetooth Headphones, 60 Hours Playtime, Foldable Headset with Deep Bass, Foam Earmuffs, for Travel, Home Office(Purple)",8418,11418,4.9,14,RK World InfoCom Private Limited,https://www.amazon.in/wocdwocd-Cancelling-Headphones-Wireless-Bluetooth/dp/B0FFSN5VBV/ref=sr_1_88?dib=eyJ2IjoiMSJ9.l4a4DPGkZErAG9tn6shxpWxq0RB9tOVP0rVam-2IZwUUpGs5nhbWzyDR4WdsKZ1EPNUQSgt5ddfNJFUbio-c4HrQagmeUoCb8ixoSt-ExU_NcJnv8khSNeDGcGUNKnLRUhpCknTdkb50gQYQY5VpkaiVjoMIeFkZZ42aX_wsZBurFZLqtau6b6Ju-icJVet5y-KLiL2q4DocwHalNFi0yOT0OZ49s60Ae48nbhdQyiw.otuTm8BxSSBM0k80uITsMgfkUmZ2tVL8U8Ij8TD2hAQ&dib_tag=se&keywords=RKWI+headphones&nsdOptOutParam=true&qid=1785346930&sr=8-88
B07HL1H93Y,Riwbox,4464,7780.62,4.6,24,RK World InfoCom Private Limited,https://www.amazon.in/Riwbox-Bluetooth-Headphones-Microphone-Smartphones/dp/B07HL1H93Y/ref=sr_1_89?dib=eyJ2IjoiMSJ9.l4a4DPGkZErAG9tn6shxpWxq0RB9tOVP0rVam-2IZwUUpGs5nhbWzyDR4WdsKZ1EPNUQSgt5ddfNJFUbio-c4HrQagmeUoCb8ixoSt-ExU_NcJnv8khSNeDGcGUNKnLRUhpCknTdkb50gQYQY5VpkaiVjoMIeFkZZ42aX_wsZBurFZLqtau6b6Ju-icJVet5y-KLiL2q4DocwHalNFi0yOT0OZ49s60Ae48nbhdQyiw.otuTm8BxSSBM0k80uITsMgfkUmZ2tVL8U8Ij8TD2hAQ&dib_tag=se&keywords=RKWI+headphones&nsdOptOutParam=true&qid=1785346930&sr=8-89
B0BN1S1K6G,Nabevi,5288,10170,4.6,34,RK World InfoCom Private Limited,https://www.amazon.in/Nabevi-Childrens-Bluetooth-Headphones-Microphone/dp/B0BN1S1K6G/ref=sr_1_84?dib=eyJ2IjoiMSJ9.eWuDIb4qD7u9BphHEBeU2SEdgzKENodwP0Ekcy-b1-UF72qbgnfM1pgN5dRuERQAAePWlRbxMh1wAICpDUEDvZBzm2QcmJRGcZvzYcDCOYnVW_Ek6XyWtEjpV2_ytRRtpWj4ZiHdmfWXv944vLkFJ-0a8szikshaybjwhJ8JwxWMRRcnwhvrkweZZtGp5JUfR-1miZkMsJl0oONReQG31zqVq-f5H5DJKoLnoFZj_oM.DJyA79gsLs8LuRsUbyeDrRmeEO-Xt6QtAzOTRjSmfcQ&dib_tag=se&keywords=RKWI+headphones&nsdOptOutParam=true&qid=1785346935&sr=8-84
B07HL1R1VK,"Bluetooth Headphones, Riwbox CT-7 Cat Ear LED Light Up Wireless Foldable Headphones Over Ear with Microphone and Volume Control for iPhone/iPad/Smartphones/Laptop/PC/TV (White&Pink)",8755,13589,4.6,45,RK World InfoCom Private Limited,https://www.amazon.in/Headphones-Riwbox-CT-7-Microphone-Smartphones/dp/B07HL1R1VK/ref=sr_1_85?dib=eyJ2IjoiMSJ9.eWuDIb4qD7u9BphHEBeU2SEdgzKENodwP0Ekcy-b1-UF72qbgnfM1pgN5dRuERQAAePWlRbxMh1wAICpDUEDvZBzm2QcmJRGcZvzYcDCOYnVW_Ek6XyWtEjpV2_ytRRtpWj4ZiHdmfWXv944vLkFJ-0a8szikshaybjwhJ8JwxWMRRcnwhvrkweZZtGp5JUfR-1miZkMsJl0oONReQG31zqVq-f5H5DJKoLnoFZj_oM.DJyA79gsLs8LuRsUbyeDrRmeEO-Xt6QtAzOTRjSmfcQ&dib_tag=se&keywords=RKWI+headphones&nsdOptOutParam=true&qid=1785346935&sr=8-85
B0CW9KLHDF,"Bluetooth K1 Headset with Buillt-in Dual crophone,Deep Bass and 360 Degree Surround Sound Support for All Smartpho",639,1999,5.0,1,RK World InfoCom Private Limited,https://www.amazon.in/Rhobos-Bluetooth-crophone-Surround-Smartpho/dp/B0CW9KLHDF/ref=sr_1_88?dib=eyJ2IjoiMSJ9.eWuDIb4qD7u9BphHEBeU2SEdgzKENodwP0Ekcy-b1-UF72qbgnfM1pgN5dRuERQAAePWlRbxMh1wAICpDUEDvZBzm2QcmJRGcZvzYcDCOYnVW_Ek6XyWtEjpV2_ytRRtpWj4ZiHdmfWXv944vLkFJ-0a8szikshaybjwhJ8JwxWMRRcnwhvrkweZZtGp5JUfR-1miZkMsJl0oONReQG31zqVq-f5H5DJKoLnoFZj_oM.DJyA79gsLs8LuRsUbyeDrRmeEO-Xt6QtAzOTRjSmfcQ&dib_tag=se&keywords=RKWI+headphones&nsdOptOutParam=true&qid=1785346935&sr=8-88
B0G7ZFF3DT,"B8 Bluetooth Headphones Over Ear, 6 EQ Music Modes and 50H Playtime Deep Bass Wireless Headphones with Mic, Lightweight Folding HiFi Stereo Headset for iPad/Travel/Tablet/PC/Home Red",5686,16235.70,4.3,41,RK World InfoCom Private Limited,https://www.amazon.in/RORSOU-B8-Bluetooth-Headphones-Lightweight/dp/B0G7ZFF3DT/ref=sr_1_89?dib=eyJ2IjoiMSJ9.eWuDIb4qD7u9BphHEBeU2SEdgzKENodwP0Ekcy-b1-UF72qbgnfM1pgN5dRuERQAAePWlRbxMh1wAICpDUEDvZBzm2QcmJRGcZvzYcDCOYnVW_Ek6XyWtEjpV2_ytRRtpWj4ZiHdmfWXv944vLkFJ-0a8szikshaybjwhJ8JwxWMRRcnwhvrkweZZtGp5JUfR-1miZkMsJl0oONReQG31zqVq-f5H5DJKoLnoFZj_oM.DJyA79gsLs8LuRsUbyeDrRmeEO-Xt6QtAzOTRjSmfcQ&dib_tag=se&keywords=RKWI+headphones&nsdOptOutParam=true&qid=1785346935&sr=8-89
B0D2ZQLP32,iKF,8970,33477,5.0,3,RK World InfoCom Private Limited,https://www.amazon.in/iKF-E1-Bluetooth-Multipoint-Connection%EF%BC%88Silvery%EF%BC%89/dp/B0D2ZQLP32/ref=sr_1_92?dib=eyJ2IjoiMSJ9.eWuDIb4qD7u9BphHEBeU2SEdgzKENodwP0Ekcy-b1-UF72qbgnfM1pgN5dRuERQAAePWlRbxMh1wAICpDUEDvZBzm2QcmJRGcZvzYcDCOYnVW_Ek6XyWtEjpV2_ytRRtpWj4ZiHdmfWXv944vLkFJ-0a8szikshaybjwhJ8JwxWMRRcnwhvrkweZZtGp5JUfR-1miZkMsJl0oONReQG31zqVq-f5H5DJKoLnoFZj_oM.DJyA79gsLs8LuRsUbyeDrRmeEO-Xt6QtAzOTRjSmfcQ&dib_tag=se&keywords=RKWI+headphones&nsdOptOutParam=true&qid=1785346935&sr=8-92
B0FBWZVMVQ,iClever,7331,10331,3.6,99,RK World InfoCom Private Limited,https://www.amazon.in/iClever-Cancelling-Headphones-Charging-Bluetooth5-4/dp/B0FBWZVMVQ/ref=sr_1_93?dib=eyJ2IjoiMSJ9.eWuDIb4qD7u9BphHEBeU2SEdgzKENodwP0Ekcy-b1-UF72qbgnfM1pgN5dRuERQAAePWlRbxMh1wAICpDUEDvZBzm2QcmJRGcZvzYcDCOYnVW_Ek6XyWtEjpV2_ytRRtpWj4ZiHdmfWXv944vLkFJ-0a8szikshaybjwhJ8JwxWMRRcnwhvrkweZZtGp5JUfR-1miZkMsJl0oONReQG31zqVq-f5H5DJKoLnoFZj_oM.DJyA79gsLs8LuRsUbyeDrRmeEO-Xt6QtAzOTRjSmfcQ&dib_tag=se&keywords=RKWI+headphones&nsdOptOutParam=true&qid=1785346935&sr=8-93
B0DBQTM4D4,iClever,7678,10969,4.6,130,RK World InfoCom Private Limited,https://www.amazon.in/iClever-Bluetooth-Headphones-Playtime-Cookies-Purple/dp/B0DBQTM4D4/ref=sr_1_96?dib=eyJ2IjoiMSJ9.eWuDIb4qD7u9BphHEBeU2SEdgzKENodwP0Ekcy-b1-UF72qbgnfM1pgN5dRuERQAAePWlRbxMh1wAICpDUEDvZBzm2QcmJRGcZvzYcDCOYnVW_Ek6XyWtEjpV2_ytRRtpWj4ZiHdmfWXv944vLkFJ-0a8szikshaybjwhJ8JwxWMRRcnwhvrkweZZtGp5JUfR-1miZkMsJl0oONReQG31zqVq-f5H5DJKoLnoFZj_oM.DJyA79gsLs8LuRsUbyeDrRmeEO-Xt6QtAzOTRjSmfcQ&dib_tag=se&keywords=RKWI+headphones&nsdOptOutParam=true&qid=1785346935&sr=8-96
B07XM1G9J1,Riwbox,6025,11419,4.4,72,RK World InfoCom Private Limited,https://www.amazon.in/Riwbox-BT05-Bluetooth-Headphones-Compatible/dp/B07XM1G9J1/ref=sr_1_97?dib=eyJ2IjoiMSJ9.eWuDIb4qD7u9BphHEBeU2SEdgzKENodwP0Ekcy-b1-UF72qbgnfM1pgN5dRuERQAAePWlRbxMh1wAICpDUEDvZBzm2QcmJRGcZvzYcDCOYnVW_Ek6XyWtEjpV2_ytRRtpWj4ZiHdmfWXv944vLkFJ-0a8szikshaybjwhJ8JwxWMRRcnwhvrkweZZtGp5JUfR-1miZkMsJl0oONReQG31zqVq-f5H5DJKoLnoFZj_oM.DJyA79gsLs8LuRsUbyeDrRmeEO-Xt6QtAzOTRjSmfcQ&dib_tag=se&keywords=RKWI+headphones&nsdOptOutParam=true&qid=1785346935&sr=8-97
B07RKRKXJC,"Bluetooth Headset, Riwbox AB005 Wireless Headphones 5.0 with Microphone Foldable Headphones with TF Card FM Radio and LED Light for Cellphones and All Bluetooth Enabled Devices (Black&Purple)",4824,,4.6,524,RK World InfoCom Private Limited,https://www.amazon.in/Bluetooth-Riwbox-Headphones-Microphone-Cellphones/dp/B07RKRKXJC/ref=sr_1_98?dib=eyJ2IjoiMSJ9.eWuDIb4qD7u9BphHEBeU2SEdgzKENodwP0Ekcy-b1-UF72qbgnfM1pgN5dRuERQAAePWlRbxMh1wAICpDUEDvZBzm2QcmJRGcZvzYcDCOYnVW_Ek6XyWtEjpV2_ytRRtpWj4ZiHdmfWXv944vLkFJ-0a8szikshaybjwhJ8JwxWMRRcnwhvrkweZZtGp5JUfR-1miZkMsJl0oONReQG31zqVq-f5H5DJKoLnoFZj_oM.DJyA79gsLs8LuRsUbyeDrRmeEO-Xt6QtAzOTRjSmfcQ&dib_tag=se&keywords=RKWI+headphones&nsdOptOutParam=true&qid=1785346935&sr=8-98
B0CW9NDKLK,Lightweight Wireless Bluetooth 999 in Ear Headset with Handsfree Calling for All Smartpho,879,2999,,879879299929992999,RK World InfoCom Private Limited,https://www.amazon.in/Rhobos-Lightweight-Wireless-Bluetooth-Handsfree/dp/B0CW9NDKLK/ref=sr_1_99?dib=eyJ2IjoiMSJ9.eWuDIb4qD7u9BphHEBeU2SEdgzKENodwP0Ekcy-b1-UF72qbgnfM1pgN5dRuERQAAePWlRbxMh1wAICpDUEDvZBzm2QcmJRGcZvzYcDCOYnVW_Ek6XyWtEjpV2_ytRRtpWj4ZiHdmfWXv944vLkFJ-0a8szikshaybjwhJ8JwxWMRRcnwhvrkweZZtGp5JUfR-1miZkMsJl0oONReQG31zqVq-f5H5DJKoLnoFZj_oM.DJyA79gsLs8LuRsUbyeDrRmeEO-Xt6QtAzOTRjSmfcQ&dib_tag=se&keywords=RKWI+headphones&nsdOptOutParam=true&qid=1785346935&sr=8-99
B0CDC4DNF5,iClever,6161,,4.6,16,RK World InfoCom Private Limited,https://www.amazon.in/iClever-Bluetooth-Headphones-Playtime-Cookies-Purple/dp/B0CDC4DNF5/ref=sr_1_100?dib=eyJ2IjoiMSJ9.eWuDIb4qD7u9BphHEBeU2SEdgzKENodwP0Ekcy-b1-UF72qbgnfM1pgN5dRuERQAAePWlRbxMh1wAICpDUEDvZBzm2QcmJRGcZvzYcDCOYnVW_Ek6XyWtEjpV2_ytRRtpWj4ZiHdmfWXv944vLkFJ-0a8szikshaybjwhJ8JwxWMRRcnwhvrkweZZtGp5JUfR-1miZkMsJl0oONReQG31zqVq-f5H5DJKoLnoFZj_oM.DJyA79gsLs8LuRsUbyeDrRmeEO-Xt6QtAzOTRjSmfcQ&dib_tag=se&keywords=RKWI+headphones&nsdOptOutParam=true&qid=1785346935&sr=8-100
B0D65Z18LH,iClever,5446,6499,4.3,276,RK World InfoCom Private Limited,https://www.amazon.in/iClever-BTH22-Bluetooth-Headphones-School-Light/dp/B0D65Z18LH/ref=sr_1_101?dib=eyJ2IjoiMSJ9.eWuDIb4qD7u9BphHEBeU2SEdgzKENodwP0Ekcy-b1-UF72qbgnfM1pgN5dRuERQAAePWlRbxMh1wAICpDUEDvZBzm2QcmJRGcZvzYcDCOYnVW_Ek6XyWtEjpV2_ytRRtpWj4ZiHdmfWXv944vLkFJ-0a8szikshaybjwhJ8JwxWMRRcnwhvrkweZZtGp5JUfR-1miZkMsJl0oONReQG31zqVq-f5H5DJKoLnoFZj_oM.DJyA79gsLs8LuRsUbyeDrRmeEO-Xt6QtAzOTRjSmfcQ&dib_tag=se&keywords=RKWI+headphones&nsdOptOutParam=true&qid=1785346935&sr=8-101
B07DWM79Y6,Rockpapa,3596,,4.2,33,RK World InfoCom Private Limited,https://www.amazon.in/Comfort-Adjustable-Headphones-Microphone-Smartphones/dp/B07DWM79Y6/ref=sr_1_102?dib=eyJ2IjoiMSJ9.eWuDIb4qD7u9BphHEBeU2SEdgzKENodwP0Ekcy-b1-UF72qbgnfM1pgN5dRuERQAAePWlRbxMh1wAICpDUEDvZBzm2QcmJRGcZvzYcDCOYnVW_Ek6XyWtEjpV2_ytRRtpWj4ZiHdmfWXv944vLkFJ-0a8szikshaybjwhJ8JwxWMRRcnwhvrkweZZtGp5JUfR-1miZkMsJl0oONReQG31zqVq-f5H5DJKoLnoFZj_oM.DJyA79gsLs8LuRsUbyeDrRmeEO-Xt6QtAzOTRjSmfcQ&dib_tag=se&keywords=RKWI+headphones&nsdOptOutParam=true&qid=1785346935&sr=8-102
B0GY7YZMPG,iClever,11919,13512,5.0,3,RK World InfoCom Private Limited,https://www.amazon.in/iClever-Noise-Cancelling-Headphones-Bluetooth/dp/B0GY7YZMPG/ref=sr_1_103?dib=eyJ2IjoiMSJ9.eWuDIb4qD7u9BphHEBeU2SEdgzKENodwP0Ekcy-b1-UF72qbgnfM1pgN5dRuERQAAePWlRbxMh1wAICpDUEDvZBzm2QcmJRGcZvzYcDCOYnVW_Ek6XyWtEjpV2_ytRRtpWj4ZiHdmfWXv944vLkFJ-0a8szikshaybjwhJ8JwxWMRRcnwhvrkweZZtGp5JUfR-1miZkMsJl0oONReQG31zqVq-f5H5DJKoLnoFZj_oM.DJyA79gsLs8LuRsUbyeDrRmeEO-Xt6QtAzOTRjSmfcQ&dib_tag=se&keywords=RKWI+headphones&nsdOptOutParam=true&qid=1785346935&sr=8-103
B0D8TNY8DJ,iClever,8677,12677,4.7,46,RK World InfoCom Private Limited,https://www.amazon.in/iClever-Bluetooth-Headphones-BTH18-Bluetooth5-3/dp/B0D8TNY8DJ/ref=sr_1_104?dib=eyJ2IjoiMSJ9.eWuDIb4qD7u9BphHEBeU2SEdgzKENodwP0Ekcy-b1-UF72qbgnfM1pgN5dRuERQAAePWlRbxMh1wAICpDUEDvZBzm2QcmJRGcZvzYcDCOYnVW_Ek6XyWtEjpV2_ytRRtpWj4ZiHdmfWXv944vLkFJ-0a8szikshaybjwhJ8JwxWMRRcnwhvrkweZZtGp5JUfR-1miZkMsJl0oONReQG31zqVq-f5H5DJKoLnoFZj_oM.DJyA79gsLs8LuRsUbyeDrRmeEO-Xt6QtAzOTRjSmfcQ&dib_tag=se&keywords=RKWI+headphones&nsdOptOutParam=true&qid=1785346935&sr=8-104
B0C8JF859X,Riwbox,5753,15483,4.5,909,RK World InfoCom Private Limited,https://www.amazon.in/Riwbox-CF9-Bluetooth-Headphones-Wireless/dp/B0C8JF859X/ref=sr_1_105?dib=eyJ2IjoiMSJ9.eWuDIb4qD7u9BphHEBeU2SEdgzKENodwP0Ekcy-b1-UF72qbgnfM1pgN5dRuERQAAePWlRbxMh1wAICpDUEDvZBzm2QcmJRGcZvzYcDCOYnVW_Ek6XyWtEjpV2_ytRRtpWj4ZiHdmfWXv944vLkFJ-0a8szikshaybjwhJ8JwxWMRRcnwhvrkweZZtGp5JUfR-1miZkMsJl0oONReQG31zqVq-f5H5DJKoLnoFZj_oM.DJyA79gsLs8LuRsUbyeDrRmeEO-Xt6QtAzOTRjSmfcQ&dib_tag=se&keywords=RKWI+headphones&nsdOptOutParam=true&qid=1785346935&sr=8-105
B0D9BFLQQQ,iClever,4677,8677,4.8,85,RK World InfoCom Private Limited,https://www.amazon.in/iClever-Headphones-Stereo-Foldable-Adjustable/dp/B0D9BFLQQQ/ref=sr_1_100?dib=eyJ2IjoiMSJ9.3-cmKCkK9wTvc6eDQruxsp6F5R1QJUu2vVvgEmWK-vhmUL6m880r-siM_cbDuClpxMNDbOoJKqI7p_EPsaMeP31NI6X_RvH7s8eWG3Gou07vvOzL3NdTjzsNn2NSbVWWHZcQ3m20RcaGUKZFJJRtV5VL7cuBXDOEjgmI5QTCHOUK6IJ3mdGwBsgACJQtGZ2j47_13H9KBoypXkgX13uuwkI5VMeHKJzsqUwQXfw7tcw.4CoFZCUs6qv0kbrUeYIoL4CAVkgwqBWYuKZcUl8vGYQ&dib_tag=se&keywords=RKWI+headphones&nsdOptOutParam=true&qid=1785346940&sr=8-100
B0D3WQMYYY,"Upgraded Hybrid Active Headphones with Transparent Modes Playtime Wireless Bluetooth with Mic, Deep Bass Soft-Earpads Fast Charging-Black",2897,11599,3.8,42,RK World InfoCom Private Limited,https://www.amazon.in/YY-KATTY-Transparent-Soft-Earpads-Charging-Black/dp/B0D3WQMYYY/ref=sr_1_101_mod_primary_new?dib=eyJ2IjoiMSJ9.3-cmKCkK9wTvc6eDQruxsp6F5R1QJUu2vVvgEmWK-vhmUL6m880r-siM_cbDuClpxMNDbOoJKqI7p_EPsaMeP31NI6X_RvH7s8eWG3Gou07vvOzL3NdTjzsNn2NSbVWWHZcQ3m20RcaGUKZFJJRtV5VL7cuBXDOEjgmI5QTCHOUK6IJ3mdGwBsgACJQtGZ2j47_13H9KBoypXkgX13uuwkI5VMeHKJzsqUwQXfw7tcw.4CoFZCUs6qv0kbrUeYIoL4CAVkgwqBWYuKZcUl8vGYQ&dib_tag=se&keywords=RKWI+headphones&nsdOptOutParam=true&qid=1785346940&sbo=RZvfv%2F%2FHxDF%2BO5021pAnSA%3D%3D&sr=8-101
B0798MYJ26,"Bluetooth Headphones, Riwbox XBT-80 Foldable Stereo Wireless Bluetooth Headphones Over Ear with Microphone and Volume Control, Wireless and Wired Headset for PC/Cell Phones/TV/ Ipad (White Gold)",7431,,4.3,19,RK World InfoCom Private Limited,https://www.amazon.in/Bluetooth-Headphones-Riwbox-Foldable-Microphone/dp/B0798MYJ26/ref=sr_1_104?dib=eyJ2IjoiMSJ9.3-cmKCkK9wTvc6eDQruxsp6F5R1QJUu2vVvgEmWK-vhmUL6m880r-siM_cbDuClpxMNDbOoJKqI7p_EPsaMeP31NI6X_RvH7s8eWG3Gou07vvOzL3NdTjzsNn2NSbVWWHZcQ3m20RcaGUKZFJJRtV5VL7cuBXDOEjgmI5QTCHOUK6IJ3mdGwBsgACJQtGZ2j47_13H9KBoypXkgX13uuwkI5VMeHKJzsqUwQXfw7tcw.4CoFZCUs6qv0kbrUeYIoL4CAVkgwqBWYuKZcUl8vGYQ&dib_tag=se&keywords=RKWI+headphones&nsdOptOutParam=true&qid=1785346940&sr=8-104
B0FFSH2T6M,Bluetooth Headset (Pink),2370,4087,3.4,12,RK World InfoCom Private Limited,https://www.amazon.in/wocdwocd-P18-Bluetooth-Headset-Pink/dp/B0FFSH2T6M/ref=sr_1_105?dib=eyJ2IjoiMSJ9.3-cmKCkK9wTvc6eDQruxsp6F5R1QJUu2vVvgEmWK-vhmUL6m880r-siM_cbDuClpxMNDbOoJKqI7p_EPsaMeP31NI6X_RvH7s8eWG3Gou07vvOzL3NdTjzsNn2NSbVWWHZcQ3m20RcaGUKZFJJRtV5VL7cuBXDOEjgmI5QTCHOUK6IJ3mdGwBsgACJQtGZ2j47_13H9KBoypXkgX13uuwkI5VMeHKJzsqUwQXfw7tcw.4CoFZCUs6qv0kbrUeYIoL4CAVkgwqBWYuKZcUl8vGYQ&dib_tag=se&keywords=RKWI+headphones&nsdOptOutParam=true&qid=1785346940&sr=8-105
B0F66KS92T,Riwbox,5886,,4.6,38,RK World InfoCom Private Limited,https://www.amazon.in/Riwbox-Headphones-CT-7S-Bluetooth-Microphone/dp/B0F66KS92T/ref=sr_1_108?dib=eyJ2IjoiMSJ9.3-cmKCkK9wTvc6eDQruxsp6F5R1QJUu2vVvgEmWK-vhmUL6m880r-siM_cbDuClpxMNDbOoJKqI7p_EPsaMeP31NI6X_RvH7s8eWG3Gou07vvOzL3NdTjzsNn2NSbVWWHZcQ3m20RcaGUKZFJJRtV5VL7cuBXDOEjgmI5QTCHOUK6IJ3mdGwBsgACJQtGZ2j47_13H9KBoypXkgX13uuwkI5VMeHKJzsqUwQXfw7tcw.4CoFZCUs6qv0kbrUeYIoL4CAVkgwqBWYuKZcUl8vGYQ&dib_tag=se&keywords=RKWI+headphones&nsdOptOutParam=true&qid=1785346940&sr=8-108
B09GXR6FNP,Riwbox,7393,,4.4,323,RK World InfoCom Private Limited,https://www.amazon.in/Riwbox-TX8-Bluetooth-Headphones-Earmuffs/dp/B09GXR6FNP/ref=sr_1_112?dib=eyJ2IjoiMSJ9.3-cmKCkK9wTvc6eDQruxsp6F5R1QJUu2vVvgEmWK-vhmUL6m880r-siM_cbDuClpxMNDbOoJKqI7p_EPsaMeP31NI6X_RvH7s8eWG3Gou07vvOzL3NdTjzsNn2NSbVWWHZcQ3m20RcaGUKZFJJRtV5VL7cuBXDOEjgmI5QTCHOUK6IJ3mdGwBsgACJQtGZ2j47_13H9KBoypXkgX13uuwkI5VMeHKJzsqUwQXfw7tcw.4CoFZCUs6qv0kbrUeYIoL4CAVkgwqBWYuKZcUl8vGYQ&dib_tag=se&keywords=RKWI+headphones&nsdOptOutParam=true&qid=1785346940&sr=8-112
B07RW4V3MC,OneOdio,6926,,4.5,41,RK World InfoCom Private Limited,https://www.amazon.in/OneOdio-Headphones-Stereo-Headsets-Driver/dp/B07RW4V3MC/ref=sr_1_114?dib=eyJ2IjoiMSJ9.3-cmKCkK9wTvc6eDQruxsp6F5R1QJUu2vVvgEmWK-vhmUL6m880r-siM_cbDuClpxMNDbOoJKqI7p_EPsaMeP31NI6X_RvH7s8eWG3Gou07vvOzL3NdTjzsNn2NSbVWWHZcQ3m20RcaGUKZFJJRtV5VL7cuBXDOEjgmI5QTCHOUK6IJ3mdGwBsgACJQtGZ2j47_13H9KBoypXkgX13uuwkI5VMeHKJzsqUwQXfw7tcw.4CoFZCUs6qv0kbrUeYIoL4CAVkgwqBWYuKZcUl8vGYQ&dib_tag=se&keywords=RKWI+headphones&nsdOptOutParam=true&qid=1785346940&sr=8-114
B0FJ73WMDT,Upgraded Hybrid Active Headphones with Transparent Modes Playtime Wireless Bluetooth with Mic Deep Bass Soft-Earpads Fast Charging Blue,2897,8859,3.6,6,RK World InfoCom Private Limited,https://www.amazon.in/YY-KATTY-Headphones-Transparent-Soft-Earpads/dp/B0FJ73WMDT/ref=sr_1_115_mod_primary_new?dib=eyJ2IjoiMSJ9.3-cmKCkK9wTvc6eDQruxsp6F5R1QJUu2vVvgEmWK-vhmUL6m880r-siM_cbDuClpxMNDbOoJKqI7p_EPsaMeP31NI6X_RvH7s8eWG3Gou07vvOzL3NdTjzsNn2NSbVWWHZcQ3m20RcaGUKZFJJRtV5VL7cuBXDOEjgmI5QTCHOUK6IJ3mdGwBsgACJQtGZ2j47_13H9KBoypXkgX13uuwkI5VMeHKJzsqUwQXfw7tcw.4CoFZCUs6qv0kbrUeYIoL4CAVkgwqBWYuKZcUl8vGYQ&dib_tag=se&keywords=RKWI+headphones&nsdOptOutParam=true&qid=1785346940&sbo=RZvfv%2F%2FHxDF%2BO5021pAnSA%3D%3D&sr=8-115
B0FVS8SYBZ,"Upgraded Hybrid Active Headphones with Transparent Modes Playtime Wireless Bluetooth with Mic, Deep Bass Soft-Earpads Fast Charging-Grey",2897,8859,3.4,5,RK World InfoCom Private Limited,https://www.amazon.in/YY-KATTY-Transparent-Soft-Earpads-Charging-Grey/dp/B0FVS8SYBZ/ref=sr_1_116_mod_primary_new?dib=eyJ2IjoiMSJ9.3-cmKCkK9wTvc6eDQruxsp6F5R1QJUu2vVvgEmWK-vhmUL6m880r-siM_cbDuClpxMNDbOoJKqI7p_EPsaMeP31NI6X_RvH7s8eWG3Gou07vvOzL3NdTjzsNn2NSbVWWHZcQ3m20RcaGUKZFJJRtV5VL7cuBXDOEjgmI5QTCHOUK6IJ3mdGwBsgACJQtGZ2j47_13H9KBoypXkgX13uuwkI5VMeHKJzsqUwQXfw7tcw.4CoFZCUs6qv0kbrUeYIoL4CAVkgwqBWYuKZcUl8vGYQ&dib_tag=se&keywords=RKWI+headphones&nsdOptOutParam=true&qid=1785346940&sbo=RZvfv%2F%2FHxDF%2BO5021pAnSA%3D%3D&sr=8-116
B0CNPYZCQW,iClever,5156,8156,4.7,85,RK World InfoCom Private Limited,https://www.amazon.in/iClever-Headphones-Stereo-Foldable-Adjustable/dp/B0CNPYZCQW/ref=sr_1_117?dib=eyJ2IjoiMSJ9.3-cmKCkK9wTvc6eDQruxsp6F5R1QJUu2vVvgEmWK-vhmUL6m880r-siM_cbDuClpxMNDbOoJKqI7p_EPsaMeP31NI6X_RvH7s8eWG3Gou07vvOzL3NdTjzsNn2NSbVWWHZcQ3m20RcaGUKZFJJRtV5VL7cuBXDOEjgmI5QTCHOUK6IJ3mdGwBsgACJQtGZ2j47_13H9KBoypXkgX13uuwkI5VMeHKJzsqUwQXfw7tcw.4CoFZCUs6qv0kbrUeYIoL4CAVkgwqBWYuKZcUl8vGYQ&dib_tag=se&keywords=RKWI+headphones&nsdOptOutParam=true&qid=1785346940&sr=8-117
B0C9XW2C4N,"Bluetooth Headphone, Over Ear, Foldable, Adjustable. Glowing Led Light, Noise Cancelling, HiFi Sound Quality (Black)",11278,15278,4.8,16,RK World InfoCom Private Limited,https://www.amazon.in/Macury-Bluetooth-Foldable-Headphone-Cancelling/dp/B0C9XW2C4N/ref=sr_1_118?dib=eyJ2IjoiMSJ9.3-cmKCkK9wTvc6eDQruxsp6F5R1QJUu2vVvgEmWK-vhmUL6m880r-siM_cbDuClpxMNDbOoJKqI7p_EPsaMeP31NI6X_RvH7s8eWG3Gou07vvOzL3NdTjzsNn2NSbVWWHZcQ3m20RcaGUKZFJJRtV5VL7cuBXDOEjgmI5QTCHOUK6IJ3mdGwBsgACJQtGZ2j47_13H9KBoypXkgX13uuwkI5VMeHKJzsqUwQXfw7tcw.4CoFZCUs6qv0kbrUeYIoL4CAVkgwqBWYuKZcUl8vGYQ&dib_tag=se&keywords=RKWI+headphones&nsdOptOutParam=true&qid=1785346940&sr=8-118
B08HDG99TP,iClever,5553,,4.6,729,RK World InfoCom Private Limited,https://www.amazon.in/iClever-BTH12-Bluetooth-Headphones-Traveling/dp/B08HDG99TP/ref=sr_1_119?dib=eyJ2IjoiMSJ9.3-cmKCkK9wTvc6eDQruxsp6F5R1QJUu2vVvgEmWK-vhmUL6m880r-siM_cbDuClpxMNDbOoJKqI7p_EPsaMeP31NI6X_RvH7s8eWG3Gou07vvOzL3NdTjzsNn2NSbVWWHZcQ3m20RcaGUKZFJJRtV5VL7cuBXDOEjgmI5QTCHOUK6IJ3mdGwBsgACJQtGZ2j47_13H9KBoypXkgX13uuwkI5VMeHKJzsqUwQXfw7tcw.4CoFZCUs6qv0kbrUeYIoL4CAVkgwqBWYuKZcUl8vGYQ&dib_tag=se&keywords=RKWI+headphones&nsdOptOutParam=true&qid=1785346940&sr=8-119
B0FBLY4YBG,"B8 Bluetooth Headphones Over Ear, 6 EQ Music Modes and 50H Playtime Deep Bass Wireless Headphones with Mic, Lightweight Folding HiFi Stereo Headset for iPad/Travel/Tablet/PC/Home Blue",14152,16235.70,4.6,319,RK World InfoCom Private Limited,https://www.amazon.in/RORSOU-B8-Bluetooth-Headphones-Lightweight/dp/B0FBLY4YBG/ref=sr_1_121?dib=eyJ2IjoiMSJ9.3-cmKCkK9wTvc6eDQruxsp6F5R1QJUu2vVvgEmWK-vhmUL6m880r-siM_cbDuClpxMNDbOoJKqI7p_EPsaMeP31NI6X_RvH7s8eWG3Gou07vvOzL3NdTjzsNn2NSbVWWHZcQ3m20RcaGUKZFJJRtV5VL7cuBXDOEjgmI5QTCHOUK6IJ3mdGwBsgACJQtGZ2j47_13H9KBoypXkgX13uuwkI5VMeHKJzsqUwQXfw7tcw.4CoFZCUs6qv0kbrUeYIoL4CAVkgwqBWYuKZcUl8vGYQ&dib_tag=se&keywords=RKWI+headphones&nsdOptOutParam=true&qid=1785346940&sr=8-121
B0G1MVSX2R,"Retractable Wireless Headset Headphone Stereo Earphone V5.4, 18Hrs Talking Time, Noise Cancelling, Mic Clip on Earpiece Comfortable Headset for Sports Business Trucker Driver (Silver)",5351,8562.04,,535128535128856204856204856204,RK World InfoCom Private Limited,https://www.amazon.in/Wisoqu-Retractable-Headphone-Cancelling-Comfortable/dp/B0G1MVSX2R/ref=sr_1_116?dib=eyJ2IjoiMSJ9.A8thLUWK78LXWMHVUKxH-vHS1TuQCyfhxf-gg_QvmU1e7GNkab9afqdP9Z11EKlANyxG3AR3OwuqqA5QLmRwqTKbSjtRbRPg3UmXm99_JP-YPlHOp4joPpLuZdba-BTWR8ct8HVW80tXsphPAuY8UTj5NgqlTQkNFI8dHWv-Qdib__5X7EC3YqN3x6KuvQwElCfPEdRnnKXchS7IemBlqjX7d1i9uEudo5zwSmJoB-0.gizHPDRsF809LuGTkPZDh-E7Q9E3ZwTnEW-O_XDjLBI&dib_tag=se&keywords=RKWI+headphones&nsdOptOutParam=true&qid=1785346946&sr=8-116
B0BS15BVF7,"B10 Bluetooth Headphones Over Ear, Lightweight Folding Stereo Bass Wireless and Wired Headset with Mic, 40H Playtime, Volume Control, Bluetooth 5.3 Headphones for iPad/Travel/Tablet/PC (Black)",4409,13244.40,4.5,13,RK World InfoCom Private Limited,https://www.amazon.in/RORSOU-B10-Bluetooth-Headphones-Lightweight/dp/B0BS15BVF7/ref=sr_1_117?dib=eyJ2IjoiMSJ9.A8thLUWK78LXWMHVUKxH-vHS1TuQCyfhxf-gg_QvmU1e7GNkab9afqdP9Z11EKlANyxG3AR3OwuqqA5QLmRwqTKbSjtRbRPg3UmXm99_JP-YPlHOp4joPpLuZdba-BTWR8ct8HVW80tXsphPAuY8UTj5NgqlTQkNFI8dHWv-Qdib__5X7EC3YqN3x6KuvQwElCfPEdRnnKXchS7IemBlqjX7d1i9uEudo5zwSmJoB-0.gizHPDRsF809LuGTkPZDh-E7Q9E3ZwTnEW-O_XDjLBI&dib_tag=se&keywords=RKWI+headphones&nsdOptOutParam=true&qid=1785346946&sr=8-117
B0FWJ596Z5,Wentronic,12346,17346,4.2,318,RK World InfoCom Private Limited,https://www.amazon.in/Wentronic-Y01-Headphones-Microphone-Comfortable/dp/B0FWJ596Z5/ref=sr_1_120?dib=eyJ2IjoiMSJ9.A8thLUWK78LXWMHVUKxH-vHS1TuQCyfhxf-gg_QvmU1e7GNkab9afqdP9Z11EKlANyxG3AR3OwuqqA5QLmRwqTKbSjtRbRPg3UmXm99_JP-YPlHOp4joPpLuZdba-BTWR8ct8HVW80tXsphPAuY8UTj5NgqlTQkNFI8dHWv-Qdib__5X7EC3YqN3x6KuvQwElCfPEdRnnKXchS7IemBlqjX7d1i9uEudo5zwSmJoB-0.gizHPDRsF809LuGTkPZDh-E7Q9E3ZwTnEW-O_XDjLBI&dib_tag=se&keywords=RKWI+headphones&nsdOptOutParam=true&qid=1785346946&sr=8-120
B0FLJXYK87,Riwbox,5723,16229.85,4.1,21,RK World InfoCom Private Limited,https://www.amazon.in/Riwbox-Cancelling-Headphones-Bluetooth-Immersion/dp/B0FLJXYK87/ref=sr_1_121?dib=eyJ2IjoiMSJ9.A8thLUWK78LXWMHVUKxH-vHS1TuQCyfhxf-gg_QvmU1e7GNkab9afqdP9Z11EKlANyxG3AR3OwuqqA5QLmRwqTKbSjtRbRPg3UmXm99_JP-YPlHOp4joPpLuZdba-BTWR8ct8HVW80tXsphPAuY8UTj5NgqlTQkNFI8dHWv-Qdib__5X7EC3YqN3x6KuvQwElCfPEdRnnKXchS7IemBlqjX7d1i9uEudo5zwSmJoB-0.gizHPDRsF809LuGTkPZDh-E7Q9E3ZwTnEW-O_XDjLBI&dib_tag=se&keywords=RKWI+headphones&nsdOptOutParam=true&qid=1785346946&sr=8-121
B0DB1YVDWP,"Bluetooth 5.3 TV Headphones, On-Ear Wireless Bluetooth Headset with USB Transmitter, Retractable Headband Ultra Lightweight Over-Ear Headset for Adults, Teens and Seniors",5782,9500,3.3,11,RK World InfoCom Private Limited,https://www.amazon.in/queemie-Headset-Transmitter-Retractable-Lightweight/dp/B0DB1YVDWP/ref=sr_1_124?dib=eyJ2IjoiMSJ9.A8thLUWK78LXWMHVUKxH-vHS1TuQCyfhxf-gg_QvmU1e7GNkab9afqdP9Z11EKlANyxG3AR3OwuqqA5QLmRwqTKbSjtRbRPg3UmXm99_JP-YPlHOp4joPpLuZdba-BTWR8ct8HVW80tXsphPAuY8UTj5NgqlTQkNFI8dHWv-Qdib__5X7EC3YqN3x6KuvQwElCfPEdRnnKXchS7IemBlqjX7d1i9uEudo5zwSmJoB-0.gizHPDRsF809LuGTkPZDh-E7Q9E3ZwTnEW-O_XDjLBI&dib_tag=se&keywords=RKWI+headphones&nsdOptOutParam=true&qid=1785346946&sr=8-124
B0BS1531PZ,"B10 Wireless Bluetooth Over-Ear Headphones, Lightweight Folding Stereo Bass Headset with Mic, 50H Playtime, Volume Control, Bluetooth 5.3 Headphones for iPad/Travel/Tablet/PC (Red)",5278,,4.5,630,RK World InfoCom Private Limited,https://www.amazon.in/RORSOU-B10-Bluetooth-Headphones-Lightweight/dp/B0BS1531PZ/ref=sr_1_125?dib=eyJ2IjoiMSJ9.A8thLUWK78LXWMHVUKxH-vHS1TuQCyfhxf-gg_QvmU1e7GNkab9afqdP9Z11EKlANyxG3AR3OwuqqA5QLmRwqTKbSjtRbRPg3UmXm99_JP-YPlHOp4joPpLuZdba-BTWR8ct8HVW80tXsphPAuY8UTj5NgqlTQkNFI8dHWv-Qdib__5X7EC3YqN3x6KuvQwElCfPEdRnnKXchS7IemBlqjX7d1i9uEudo5zwSmJoB-0.gizHPDRsF809LuGTkPZDh-E7Q9E3ZwTnEW-O_XDjLBI&dib_tag=se&keywords=RKWI+headphones&nsdOptOutParam=true&qid=1785346946&sr=8-125
B0FVRTN8C9,"Upgraded Hybrid Active Headphones with Transparent Modes Playtime Wireless Bluetooth with Mic, Deep Bass Soft-Earpads Fast Charging-Pink",2897,9981,3.9,25,RK World InfoCom Private Limited,https://www.amazon.in/YY-KATTY-Transparent-Soft-Earpads-Charging-Pink/dp/B0FVRTN8C9/ref=sr_1_128_mod_primary_new?dib=eyJ2IjoiMSJ9.A8thLUWK78LXWMHVUKxH-vHS1TuQCyfhxf-gg_QvmU1e7GNkab9afqdP9Z11EKlANyxG3AR3OwuqqA5QLmRwqTKbSjtRbRPg3UmXm99_JP-YPlHOp4joPpLuZdba-BTWR8ct8HVW80tXsphPAuY8UTj5NgqlTQkNFI8dHWv-Qdib__5X7EC3YqN3x6KuvQwElCfPEdRnnKXchS7IemBlqjX7d1i9uEudo5zwSmJoB-0.gizHPDRsF809LuGTkPZDh-E7Q9E3ZwTnEW-O_XDjLBI&dib_tag=se&keywords=RKWI+headphones&nsdOptOutParam=true&qid=1785346946&sbo=RZvfv%2F%2FHxDF%2BO5021pAnSA%3D%3D&sr=8-128
B09K3XY2JF,"U20 Pink Kids Headphones, Wired Children Headphones with 94dB Safe Volume Control, Foldable Design, Comfortable for Online Learning/School/Travel/Tablet",3027,,4.5,459,RK World InfoCom Private Limited,https://www.amazon.in/Headphones-Microphone-Learning-Foldable-Smartphones/dp/B09K3XY2JF/ref=sr_1_129?dib=eyJ2IjoiMSJ9.A8thLUWK78LXWMHVUKxH-vHS1TuQCyfhxf-gg_QvmU1e7GNkab9afqdP9Z11EKlANyxG3AR3OwuqqA5QLmRwqTKbSjtRbRPg3UmXm99_JP-YPlHOp4joPpLuZdba-BTWR8ct8HVW80tXsphPAuY8UTj5NgqlTQkNFI8dHWv-Qdib__5X7EC3YqN3x6KuvQwElCfPEdRnnKXchS7IemBlqjX7d1i9uEudo5zwSmJoB-0.gizHPDRsF809LuGTkPZDh-E7Q9E3ZwTnEW-O_XDjLBI&dib_tag=se&keywords=RKWI+headphones&nsdOptOutParam=true&qid=1785346946&sr=8-129
B0CZDVXKTZ,iClever,7017,1403.40,4.6,289,RK World InfoCom Private Limited,https://www.amazon.in/iClever-Headphones-Students-Teachers-Material/dp/B0CZDVXKTZ/ref=sr_1_130?dib=eyJ2IjoiMSJ9.A8thLUWK78LXWMHVUKxH-vHS1TuQCyfhxf-gg_QvmU1e7GNkab9afqdP9Z11EKlANyxG3AR3OwuqqA5QLmRwqTKbSjtRbRPg3UmXm99_JP-YPlHOp4joPpLuZdba-BTWR8ct8HVW80tXsphPAuY8UTj5NgqlTQkNFI8dHWv-Qdib__5X7EC3YqN3x6KuvQwElCfPEdRnnKXchS7IemBlqjX7d1i9uEudo5zwSmJoB-0.gizHPDRsF809LuGTkPZDh-E7Q9E3ZwTnEW-O_XDjLBI&dib_tag=se&keywords=RKWI+headphones&nsdOptOutParam=true&qid=1785346946&sr=8-130
B0G1SLLTNR,"Open-Ear Earbuds,True Wireless Bluetooth Headphones with Microphone | Ultra-Lightweight Earphones, Comfort Hook Design, Clear Calls,IPX5 Water Resistant,Fast Charging,Black,V49",14801,19615,4.8,8,RK World InfoCom Private Limited,https://www.amazon.in/rooftree-Headphones-Microphone-Ultra-Lightweight-V49/dp/B0G1SLLTNR/ref=sr_1_131?dib=eyJ2IjoiMSJ9.A8thLUWK78LXWMHVUKxH-vHS1TuQCyfhxf-gg_QvmU1e7GNkab9afqdP9Z11EKlANyxG3AR3OwuqqA5QLmRwqTKbSjtRbRPg3UmXm99_JP-YPlHOp4joPpLuZdba-BTWR8ct8HVW80tXsphPAuY8UTj5NgqlTQkNFI8dHWv-Qdib__5X7EC3YqN3x6KuvQwElCfPEdRnnKXchS7IemBlqjX7d1i9uEudo5zwSmJoB-0.gizHPDRsF809LuGTkPZDh-E7Q9E3ZwTnEW-O_XDjLBI&dib_tag=se&keywords=RKWI+headphones&nsdOptOutParam=true&qid=1785346946&sr=8-131
B0H71JRCX2,iClever,6461,10461,,64616461104611046110461,RK World InfoCom Private Limited,https://www.amazon.in/iClever-Headphones-Headphone-Foldable-Lollipop-Pink/dp/B0H71JRCX2/ref=sr_1_132?dib=eyJ2IjoiMSJ9.A8thLUWK78LXWMHVUKxH-vHS1TuQCyfhxf-gg_QvmU1e7GNkab9afqdP9Z11EKlANyxG3AR3OwuqqA5QLmRwqTKbSjtRbRPg3UmXm99_JP-YPlHOp4joPpLuZdba-BTWR8ct8HVW80tXsphPAuY8UTj5NgqlTQkNFI8dHWv-Qdib__5X7EC3YqN3x6KuvQwElCfPEdRnnKXchS7IemBlqjX7d1i9uEudo5zwSmJoB-0.gizHPDRsF809LuGTkPZDh-E7Q9E3ZwTnEW-O_XDjLBI&dib_tag=se&keywords=RKWI+headphones&nsdOptOutParam=true&qid=1785346946&sr=8-132
B0FVS3SDV1,"Upgraded Hybrid Active Headphones with Transparent Modes Playtime Wireless Bluetooth with Mic, Deep Bass Soft-Earpads Fast Charging-Light Blue",2897,8859,3.7,19,RK World InfoCom Private Limited,https://www.amazon.in/YY-KATTY-Transparent-Soft-Earpads-Charging-Light/dp/B0FVS3SDV1/ref=sr_1_133_mod_primary_new?dib=eyJ2IjoiMSJ9.A8thLUWK78LXWMHVUKxH-vHS1TuQCyfhxf-gg_QvmU1e7GNkab9afqdP9Z11EKlANyxG3AR3OwuqqA5QLmRwqTKbSjtRbRPg3UmXm99_JP-YPlHOp4joPpLuZdba-BTWR8ct8HVW80tXsphPAuY8UTj5NgqlTQkNFI8dHWv-Qdib__5X7EC3YqN3x6KuvQwElCfPEdRnnKXchS7IemBlqjX7d1i9uEudo5zwSmJoB-0.gizHPDRsF809LuGTkPZDh-E7Q9E3ZwTnEW-O_XDjLBI&dib_tag=se&keywords=RKWI+headphones&nsdOptOutParam=true&qid=1785346946&sbo=RZvfv%2F%2FHxDF%2BO5021pAnSA%3D%3D&sr=8-133
B0C1GG8B9X,iClever,4732,,4.7,295,RK World InfoCom Private Limited,https://www.amazon.in/iClever-Headphones-Over-Ear-FunShare-Foldable/dp/B0C1GG8B9X/ref=sr_1_134?dib=eyJ2IjoiMSJ9.A8thLUWK78LXWMHVUKxH-vHS1TuQCyfhxf-gg_QvmU1e7GNkab9afqdP9Z11EKlANyxG3AR3OwuqqA5QLmRwqTKbSjtRbRPg3UmXm99_JP-YPlHOp4joPpLuZdba-BTWR8ct8HVW80tXsphPAuY8UTj5NgqlTQkNFI8dHWv-Qdib__5X7EC3YqN3x6KuvQwElCfPEdRnnKXchS7IemBlqjX7d1i9uEudo5zwSmJoB-0.gizHPDRsF809LuGTkPZDh-E7Q9E3ZwTnEW-O_XDjLBI&dib_tag=se&keywords=RKWI+headphones&nsdOptOutParam=true&qid=1785346946&sr=8-134
B0B714WSQT,CHUYI,5747,,3.2,50,RK World InfoCom Private Limited,https://www.amazon.in/CHUYI-Wireless-Bluetooth-Headphones-Earphones/dp/B0B714WSQT/ref=sr_1_135?dib=eyJ2IjoiMSJ9.A8thLUWK78LXWMHVUKxH-vHS1TuQCyfhxf-gg_QvmU1e7GNkab9afqdP9Z11EKlANyxG3AR3OwuqqA5QLmRwqTKbSjtRbRPg3UmXm99_JP-YPlHOp4joPpLuZdba-BTWR8ct8HVW80tXsphPAuY8UTj5NgqlTQkNFI8dHWv-Qdib__5X7EC3YqN3x6KuvQwElCfPEdRnnKXchS7IemBlqjX7d1i9uEudo5zwSmJoB-0.gizHPDRsF809LuGTkPZDh-E7Q9E3ZwTnEW-O_XDjLBI&dib_tag=se&keywords=RKWI+headphones&nsdOptOutParam=true&qid=1785346946&sr=8-135
B0FBWL1HSQ,Bluedio,11057,14374,3.7,5,RK World InfoCom Private Limited,https://www.amazon.in/Bluedio-Bluetooth-Headphones-Lightweight-Wireless/dp/B0FBWL1HSQ/ref=sr_1_136?dib=eyJ2IjoiMSJ9.A8thLUWK78LXWMHVUKxH-vHS1TuQCyfhxf-gg_QvmU1e7GNkab9afqdP9Z11EKlANyxG3AR3OwuqqA5QLmRwqTKbSjtRbRPg3UmXm99_JP-YPlHOp4joPpLuZdba-BTWR8ct8HVW80tXsphPAuY8UTj5NgqlTQkNFI8dHWv-Qdib__5X7EC3YqN3x6KuvQwElCfPEdRnnKXchS7IemBlqjX7d1i9uEudo5zwSmJoB-0.gizHPDRsF809LuGTkPZDh-E7Q9E3ZwTnEW-O_XDjLBI&dib_tag=se&keywords=RKWI+headphones&nsdOptOutParam=true&qid=1785346946&sr=8-136
B0CD288735,AMORNO,3874,11750.70,4.3,687,RK World InfoCom Private Limited,https://www.amazon.in/AMORNO-Bluetooth-Headphones-Adjustable-Lightweight/dp/B0CD288735/ref=sr_1_137?dib=eyJ2IjoiMSJ9.A8thLUWK78LXWMHVUKxH-vHS1TuQCyfhxf-gg_QvmU1e7GNkab9afqdP9Z11EKlANyxG3AR3OwuqqA5QLmRwqTKbSjtRbRPg3UmXm99_JP-YPlHOp4joPpLuZdba-BTWR8ct8HVW80tXsphPAuY8UTj5NgqlTQkNFI8dHWv-Qdib__5X7EC3YqN3x6KuvQwElCfPEdRnnKXchS7IemBlqjX7d1i9uEudo5zwSmJoB-0.gizHPDRsF809LuGTkPZDh-E7Q9E3ZwTnEW-O_XDjLBI&dib_tag=se&keywords=RKWI+headphones&nsdOptOutParam=true&qid=1785346946&sr=8-137
B0FLFZBLST,VOKALEN,11884,16538,4.6,3,RK World InfoCom Private Limited,https://www.amazon.in/VOKALEN-Cancelling-Headphones-Multi-Device-Ultra-Lightweight/dp/B0FLFZBLST/ref=sr_1_133?dib=eyJ2IjoiMSJ9._xvkysnMIRjvQagSdiN5rotnrtHolk0rjuJHs4XQAFHolc39tryu3-iV3XFiexPTSrmE02A7vRa5lHg6zzYqxHfQYre_fHGt1QkaXIt2WcFmUwH0ylzYU25q6RTxXUKtAVTFr3EaXnSdcuJ1vOZuoiLq0jKaXUqdvP4WhvqoY41A-0YCNK1RL8bzyrFWSwTpeqzhiG-fpLF0roF-5d_c2RLY_jaAADgW9Kpm_dqZcw4.jfQiwtFtTZGZgjcO9HJ3A1uw_jNGephYa8YdcIutqvc&dib_tag=se&keywords=RKWI+headphones&nsdOptOutParam=true&qid=1785346951&sr=8-133
B0D2J4557N,Vikye,8782,12782,,87828782127821278212782,RK World InfoCom Private Limited,https://www.amazon.in/Vikye-Foldable-Headphones-Wireless-Ergonomic/dp/B0D2J4557N/ref=sr_1_136?dib=eyJ2IjoiMSJ9._xvkysnMIRjvQagSdiN5rotnrtHolk0rjuJHs4XQAFHolc39tryu3-iV3XFiexPTSrmE02A7vRa5lHg6zzYqxHfQYre_fHGt1QkaXIt2WcFmUwH0ylzYU25q6RTxXUKtAVTFr3EaXnSdcuJ1vOZuoiLq0jKaXUqdvP4WhvqoY41A-0YCNK1RL8bzyrFWSwTpeqzhiG-fpLF0roF-5d_c2RLY_jaAADgW9Kpm_dqZcw4.jfQiwtFtTZGZgjcO9HJ3A1uw_jNGephYa8YdcIutqvc&dib_tag=se&keywords=RKWI+headphones&nsdOptOutParam=true&qid=1785346951&sr=8-136
B0G1T5XM9Q,"Open Ear Headphones with Microphone Detachable, Crystal Cable, 3.5mm + USB Wired Audio Control- Black",5265,,2.9,15,RK World InfoCom Private Limited,https://www.amazon.in/QOEKUEY-Headphones-Microphone-Detachable-Control/dp/B0G1T5XM9Q/ref=sr_1_137?dib=eyJ2IjoiMSJ9._xvkysnMIRjvQagSdiN5rotnrtHolk0rjuJHs4XQAFHolc39tryu3-iV3XFiexPTSrmE02A7vRa5lHg6zzYqxHfQYre_fHGt1QkaXIt2WcFmUwH0ylzYU25q6RTxXUKtAVTFr3EaXnSdcuJ1vOZuoiLq0jKaXUqdvP4WhvqoY41A-0YCNK1RL8bzyrFWSwTpeqzhiG-fpLF0roF-5d_c2RLY_jaAADgW9Kpm_dqZcw4.jfQiwtFtTZGZgjcO9HJ3A1uw_jNGephYa8YdcIutqvc&dib_tag=se&keywords=RKWI+headphones&nsdOptOutParam=true&qid=1785346951&sr=8-137
B07Y54XBC5,Bluedio,9019,,4.2,106,RK World InfoCom Private Limited,https://www.amazon.in/Bluedio-Bluetooth-Headphones-Cancelling-Microphone/dp/B07Y54XBC5/ref=sr_1_140?dib=eyJ2IjoiMSJ9._xvkysnMIRjvQagSdiN5rotnrtHolk0rjuJHs4XQAFHolc39tryu3-iV3XFiexPTSrmE02A7vRa5lHg6zzYqxHfQYre_fHGt1QkaXIt2WcFmUwH0ylzYU25q6RTxXUKtAVTFr3EaXnSdcuJ1vOZuoiLq0jKaXUqdvP4WhvqoY41A-0YCNK1RL8bzyrFWSwTpeqzhiG-fpLF0roF-5d_c2RLY_jaAADgW9Kpm_dqZcw4.jfQiwtFtTZGZgjcO9HJ3A1uw_jNGephYa8YdcIutqvc&dib_tag=se&keywords=RKWI+headphones&nsdOptOutParam=true&qid=1785346951&sr=8-140
B0GYRZLWVF,itayak,6408,10408,3.9,381,RK World InfoCom Private Limited,https://www.amazon.in/itayak-Headphones-Lightweight-Sweatproof-Microphone/dp/B0GYRZLWVF/ref=sr_1_141?dib=eyJ2IjoiMSJ9._xvkysnMIRjvQagSdiN5rotnrtHolk0rjuJHs4XQAFHolc39tryu3-iV3XFiexPTSrmE02A7vRa5lHg6zzYqxHfQYre_fHGt1QkaXIt2WcFmUwH0ylzYU25q6RTxXUKtAVTFr3EaXnSdcuJ1vOZuoiLq0jKaXUqdvP4WhvqoY41A-0YCNK1RL8bzyrFWSwTpeqzhiG-fpLF0roF-5d_c2RLY_jaAADgW9Kpm_dqZcw4.jfQiwtFtTZGZgjcO9HJ3A1uw_jNGephYa8YdcIutqvc&dib_tag=se&keywords=RKWI+headphones&nsdOptOutParam=true&qid=1785346951&sr=8-141
B0F3WV4DYL,"Trucker Bluetooth Headset, V5.3 Bluetooth Headphones with Mic,Wireless Headset with Active Noise Cancelling & Mute Button, 60Hrs Working Time for Truck Drivers,Business Travel,Online Meetings",7504,10504,4.5,50,RK World InfoCom Private Limited,https://www.amazon.in/Witmur-Bluetooth-Headphones-Wireless-Cancelling/dp/B0F3WV4DYL/ref=sr_1_144?dib=eyJ2IjoiMSJ9._xvkysnMIRjvQagSdiN5rotnrtHolk0rjuJHs4XQAFHolc39tryu3-iV3XFiexPTSrmE02A7vRa5lHg6zzYqxHfQYre_fHGt1QkaXIt2WcFmUwH0ylzYU25q6RTxXUKtAVTFr3EaXnSdcuJ1vOZuoiLq0jKaXUqdvP4WhvqoY41A-0YCNK1RL8bzyrFWSwTpeqzhiG-fpLF0roF-5d_c2RLY_jaAADgW9Kpm_dqZcw4.jfQiwtFtTZGZgjcO9HJ3A1uw_jNGephYa8YdcIutqvc&dib_tag=se&keywords=RKWI+headphones&nsdOptOutParam=true&qid=1785346951&sr=8-144
B0FD9P3YVF,"for Wireless Earbuds,Sport Bluetooth 5.4 Headphones,Over Ear Buds with Deep Bass Sound,60H Playtime Clear Calls Earphones Redesigned Comfort Fit with Earhooks for Running,Workout-Hot Pink | 14.2mm drivers deliver rich stereo sound. Soft silicone ensures a secure, painless fit for long workouts.",3875,8088,4.2,14,RK World InfoCom Private Limited,https://www.amazon.in/Renmou-Headphones-Redesigned-Workout-Hot-Pink/dp/B0FD9P3YVF/ref=sr_1_145?dib=eyJ2IjoiMSJ9._xvkysnMIRjvQagSdiN5rotnrtHolk0rjuJHs4XQAFHolc39tryu3-iV3XFiexPTSrmE02A7vRa5lHg6zzYqxHfQYre_fHGt1QkaXIt2WcFmUwH0ylzYU25q6RTxXUKtAVTFr3EaXnSdcuJ1vOZuoiLq0jKaXUqdvP4WhvqoY41A-0YCNK1RL8bzyrFWSwTpeqzhiG-fpLF0roF-5d_c2RLY_jaAADgW9Kpm_dqZcw4.jfQiwtFtTZGZgjcO9HJ3A1uw_jNGephYa8YdcIutqvc&dib_tag=se&keywords=RKWI+headphones&nsdOptOutParam=true&qid=1785346951&sr=8-145
B0DHZXM4R2,Riibox,11612,18579.59,4.4,235,RK World InfoCom Private Limited,https://www.amazon.in/Riibox-Canceling-Headphones-Playtime-Bluetooth/dp/B0DHZXM4R2/ref=sr_1_146?dib=eyJ2IjoiMSJ9._xvkysnMIRjvQagSdiN5rotnrtHolk0rjuJHs4XQAFHolc39tryu3-iV3XFiexPTSrmE02A7vRa5lHg6zzYqxHfQYre_fHGt1QkaXIt2WcFmUwH0ylzYU25q6RTxXUKtAVTFr3EaXnSdcuJ1vOZuoiLq0jKaXUqdvP4WhvqoY41A-0YCNK1RL8bzyrFWSwTpeqzhiG-fpLF0roF-5d_c2RLY_jaAADgW9Kpm_dqZcw4.jfQiwtFtTZGZgjcO9HJ3A1uw_jNGephYa8YdcIutqvc&dib_tag=se&keywords=RKWI+headphones&nsdOptOutParam=true&qid=1785346951&sr=8-146
B0CHY2YNHF,MIDOLA,4354,12741.30,4.4,14,RK World InfoCom Private Limited,https://www.amazon.in/MIDOLA-Bluetooth-Headphones-Microphone-Lightweight/dp/B0CHY2YNHF/ref=sr_1_147_mod_primary_new?dib=eyJ2IjoiMSJ9._xvkysnMIRjvQagSdiN5rotnrtHolk0rjuJHs4XQAFHolc39tryu3-iV3XFiexPTSrmE02A7vRa5lHg6zzYqxHfQYre_fHGt1QkaXIt2WcFmUwH0ylzYU25q6RTxXUKtAVTFr3EaXnSdcuJ1vOZuoiLq0jKaXUqdvP4WhvqoY41A-0YCNK1RL8bzyrFWSwTpeqzhiG-fpLF0roF-5d_c2RLY_jaAADgW9Kpm_dqZcw4.jfQiwtFtTZGZgjcO9HJ3A1uw_jNGephYa8YdcIutqvc&dib_tag=se&keywords=RKWI+headphones&nsdOptOutParam=true&qid=1785346951&sbo=RZvfv%2F%2FHxDF%2BO5021pAnSA%3D%3D&sr=8-147
B0FF9Z231S,Cowyawn,3459,11499,4.0,9,RK World InfoCom Private Limited,https://www.amazon.in/Cowyawn-Headphones-Wired-Lightweight-Chromebooks/dp/B0FF9Z231S/ref=sr_1_148?dib=eyJ2IjoiMSJ9._xvkysnMIRjvQagSdiN5rotnrtHolk0rjuJHs4XQAFHolc39tryu3-iV3XFiexPTSrmE02A7vRa5lHg6zzYqxHfQYre_fHGt1QkaXIt2WcFmUwH0ylzYU25q6RTxXUKtAVTFr3EaXnSdcuJ1vOZuoiLq0jKaXUqdvP4WhvqoY41A-0YCNK1RL8bzyrFWSwTpeqzhiG-fpLF0roF-5d_c2RLY_jaAADgW9Kpm_dqZcw4.jfQiwtFtTZGZgjcO9HJ3A1uw_jNGephYa8YdcIutqvc&dib_tag=se&keywords=RKWI+headphones&nsdOptOutParam=true&qid=1785346951&sr=8-148
B0GS5LL2KQ,"Bone Conduction Headphones, Open Ear Headphones, Bluetooth 6.0 | Lightweight Running Headphones with Mic, 1H Fast Charge, 10H Playtime, IP54 Waterproof, 0.9oz Ultra-Light for Workouts",7462,10462,4.2,11,RK World InfoCom Private Limited,https://www.amazon.in/RAEOHE-Conduction-Headphones-Waterproof-Ultra-Light/dp/B0GS5LL2KQ/ref=sr_1_149?dib=eyJ2IjoiMSJ9._xvkysnMIRjvQagSdiN5rotnrtHolk0rjuJHs4XQAFHolc39tryu3-iV3XFiexPTSrmE02A7vRa5lHg6zzYqxHfQYre_fHGt1QkaXIt2WcFmUwH0ylzYU25q6RTxXUKtAVTFr3EaXnSdcuJ1vOZuoiLq0jKaXUqdvP4WhvqoY41A-0YCNK1RL8bzyrFWSwTpeqzhiG-fpLF0roF-5d_c2RLY_jaAADgW9Kpm_dqZcw4.jfQiwtFtTZGZgjcO9HJ3A1uw_jNGephYa8YdcIutqvc&dib_tag=se&keywords=RKWI+headphones&nsdOptOutParam=true&qid=1785346951&sr=8-149
B0C33PBM38,Wantek,5500,10000,,55005500100001000010000,RK World InfoCom Private Limited,https://www.amazon.in/Wantek-LS-US-600-3-5-QD-Parent-Computer-Headset-Binaural/dp/B0C33PBM38/ref=sr_1_150?dib=eyJ2IjoiMSJ9._xvkysnMIRjvQagSdiN5rotnrtHolk0rjuJHs4XQAFHolc39tryu3-iV3XFiexPTSrmE02A7vRa5lHg6zzYqxHfQYre_fHGt1QkaXIt2WcFmUwH0ylzYU25q6RTxXUKtAVTFr3EaXnSdcuJ1vOZuoiLq0jKaXUqdvP4WhvqoY41A-0YCNK1RL8bzyrFWSwTpeqzhiG-fpLF0roF-5d_c2RLY_jaAADgW9Kpm_dqZcw4.jfQiwtFtTZGZgjcO9HJ3A1uw_jNGephYa8YdcIutqvc&dib_tag=se&keywords=RKWI+headphones&nsdOptOutParam=true&qid=1785346951&sr=8-150
B0DJ76J2L1,Voistek,7508,11508,4.2,18,RK World InfoCom Private Limited,https://www.amazon.in/Voistek-Headset-Microphone-Surround-Cancellation/dp/B0DJ76J2L1/ref=sr_1_151?dib=eyJ2IjoiMSJ9._xvkysnMIRjvQagSdiN5rotnrtHolk0rjuJHs4XQAFHolc39tryu3-iV3XFiexPTSrmE02A7vRa5lHg6zzYqxHfQYre_fHGt1QkaXIt2WcFmUwH0ylzYU25q6RTxXUKtAVTFr3EaXnSdcuJ1vOZuoiLq0jKaXUqdvP4WhvqoY41A-0YCNK1RL8bzyrFWSwTpeqzhiG-fpLF0roF-5d_c2RLY_jaAADgW9Kpm_dqZcw4.jfQiwtFtTZGZgjcO9HJ3A1uw_jNGephYa8YdcIutqvc&dib_tag=se&keywords=RKWI+headphones&nsdOptOutParam=true&qid=1785346951&sr=8-151
B0F53H7FPM,Wantek,7348,11226,3.8,62,RK World InfoCom Private Limited,https://www.amazon.in/Wantek-Cute-Cat-Ear-Gaming-Headset/dp/B0F53H7FPM/ref=sr_1_152?dib=eyJ2IjoiMSJ9._xvkysnMIRjvQagSdiN5rotnrtHolk0rjuJHs4XQAFHolc39tryu3-iV3XFiexPTSrmE02A7vRa5lHg6zzYqxHfQYre_fHGt1QkaXIt2WcFmUwH0ylzYU25q6RTxXUKtAVTFr3EaXnSdcuJ1vOZuoiLq0jKaXUqdvP4WhvqoY41A-0YCNK1RL8bzyrFWSwTpeqzhiG-fpLF0roF-5d_c2RLY_jaAADgW9Kpm_dqZcw4.jfQiwtFtTZGZgjcO9HJ3A1uw_jNGephYa8YdcIutqvc&dib_tag=se&keywords=RKWI+headphones&nsdOptOutParam=true&qid=1785346951&sr=8-152
B0GS84LX67,GEEKRIA,1614,1936,,0,RK World InfoCom Private Limited,https://www.amazon.in/sspa/click?ie=UTF8&spc=MToxMjcyMzk1OTQ4MDAxOTY2OjE3ODUzNDY5NjU6c3BfbXRmOjMwMTAwMjkxNTU1MjYzMjo6MDo6&url=%2FGEEKRIA-Headphones-Lightweight-Hair-Friendly-Compatible%2Fdp%2FB0GS84LX67%2Fref%3Dsr_1_184_sspa%3Fkeywords%3DRKWI%2Bheadphones%26nsdOptOutParam%3Dtrue%26qid%3D1785346965%26sr%3D8-184-spons%26aref%3DXX5aey1s5R%26sp_csd%3Dd2lkZ2V0TmFtZT1zcF9tdGY%26psc%3D1&aref=XX5aey1s5R&sp_cr=ZAZ
B0F4R8T5VF,inear,949,2699,3.5,0,RK World InfoCom Private Limited,https://www.amazon.in/sspa/click?ie=UTF8&spc=MToxNjQ3MjA0MDg2MDkwMDMxOjE3ODUzNDcwMDQ6c3BfbXRmOjMwMTIyNDMwNzQ2NjIzMjo6MDo6&url=%2FInEar-DJ-Bluetooth-Earphones-Resistant%2Fdp%2FB0F4R8T5VF%2Fref%3Dsr_1_310_sspa%3Fkeywords%3DRKWI%2Bheadphones%26nsdOptOutParam%3Dtrue%26qid%3D1785347004%26sr%3D8-310-spons%26aref%3DGC6xn9OtSJ%26sp_csd%3Dd2lkZ2V0TmFtZT1zcF9tdGY%26psc%3D1&aref=GC6xn9OtSJ&sp_cr=ZAZ
B0D6739WPF,"Ambrane 25W Type C Fast Charger GAN Mobile Adapter Charging for iPhone 17/16/15/14/13/12 Series, Samsung & Other Type-C Devices | Multiple Protection, Compact Design PD Technology (Charge 25, Black)",649,1199,4.4,0,RK World InfoCom Private Limited,https://www.amazon.in/sspa/click?ie=UTF8&spc=MTozNTQ1ODg0MTY0MjE0MDg6MTc4NTM0NzAwOTpzcF9hdGY6MzAwNDgxNTUyNDYwMDMyOjowOjo&url=%2FAmbrane-Charger-Charging-Smartphones-Technology%2Fdp%2FB0D6739WPF%2Fref%3Dsr_1_1_sspa%3Fdib%3DeyJ2IjoiMSJ9.HmH2wx7Pl8m2G34Tb9gmnHOUCqMBhok2ox5q20uOgZwaYhwyHKqX-J6cz0Mj1Iku6iO_J9lxXTbXCMZQx6YiftfuabqH3cTtcHGwkGeq6F5ntL2jHbvPwZTQdOCf947pVYrLTxvNFoUTliIDGNNBrA.vN9phqnc5gNdj_Oqre08OZvuFstOnlhW___kBWhn4Sc%26dib_tag%3Dse%26keywords%3DRKWI%2Badapter%26qid%3D1785347009%26sr%3D8-1-spons%26aref%3Dk0UgWJQgHW%26sp_csd%3Dd2lkZ2V0TmFtZT1zcF9hdGY%26psc%3D1&aref=k0UgWJQgHW&sp_cr=ZAZ
B0GSHCTZXP,Plugix Universal Travel Adapter with 6A AC Socket All in One International Fast Charging Adapter for 180 Plus Countries US UK EU AUS White,249,499,,0,RK World InfoCom Private Limited,https://www.amazon.in/sspa/click?ie=UTF8&spc=MTozNTQ1ODg0MTY0MjE0MDg6MTc4NTM0NzAwOTpzcF9hdGY6MzAwOTk2NTk4NzE5ODMyOjowOjo&url=%2FUniversal-Adapter-International-Charging-Countries%2Fdp%2FB0GSHCTZXP%2Fref%3Dsr_1_2_sspa%3Fdib%3DeyJ2IjoiMSJ9.HmH2wx7Pl8m2G34Tb9gmnHOUCqMBhok2ox5q20uOgZwaYhwyHKqX-J6cz0Mj1Iku6iO_J9lxXTbXCMZQx6YiftfuabqH3cTtcHGwkGeq6F5ntL2jHbvPwZTQdOCf947pVYrLTxvNFoUTliIDGNNBrA.vN9phqnc5gNdj_Oqre08OZvuFstOnlhW___kBWhn4Sc%26dib_tag%3Dse%26keywords%3DRKWI%2Badapter%26qid%3D1785347009%26sr%3D8-2-spons%26aref%3DzTVvBj6w3T%26sp_csd%3Dd2lkZ2V0TmFtZT1zcF9hdGY%26psc%3D1&aref=zTVvBj6w3T&sp_cr=ZAZ
B07FZ18FMF,Anchor by Panasonic 6A 3 Pin Multiplug Travel Adapter with Universal Socket | 3 Pin Multi Plug Universal Socket (White),142,174,4.4,124,RK World InfoCom Private Limited,https://www.amazon.in/Panasonic-6A-Multiplug-Universal-22841-Pk1/dp/B07FZ18FMF/ref=sr_1_3?dib=eyJ2IjoiMSJ9.HmH2wx7Pl8m2G34Tb9gmnHOUCqMBhok2ox5q20uOgZwaYhwyHKqX-J6cz0Mj1Iku6iO_J9lxXTbXCMZQx6YiftfuabqH3cTtcHGwkGeq6F5ntL2jHbvPwZTQdOCf947pVYrLTxvNFoUTliIDGNNBrA.vN9phqnc5gNdj_Oqre08OZvuFstOnlhW___kBWhn4Sc&dib_tag=se&keywords=RKWI+adapter&qid=1785347009&sr=8-3
B082WYMTWF,"rts USB Universal Travel Adapter, International All in One Worldwide Travel Adapter and Wall Charger Travel Accessories with Multi Type Power Outlet USB 2.1A, 100-250 Voltage Travel Charger (Black)",529,4999,4.2,166,RK World InfoCom Private Limited,https://www.amazon.in/rts-Universal-Adapter-International-Worldwide/dp/B082WYMTWF/ref=sr_1_4?dib=eyJ2IjoiMSJ9.HmH2wx7Pl8m2G34Tb9gmnHOUCqMBhok2ox5q20uOgZwaYhwyHKqX-J6cz0Mj1Iku6iO_J9lxXTbXCMZQx6YiftfuabqH3cTtcHGwkGeq6F5ntL2jHbvPwZTQdOCf947pVYrLTxvNFoUTliIDGNNBrA.vN9phqnc5gNdj_Oqre08OZvuFstOnlhW___kBWhn4Sc&dib_tag=se&keywords=RKWI+adapter&qid=1785347009&sr=8-4
B0116MIKKC,Goldmedal Spice 3 Pin 240V Multi Plug Socket | Universal Travel Adaptor with LED Indicator | Supports 2-Pin&3-Pin Plugs | Multiplug for Home&Office Appliances | Compact & Reliable,113,171,4.4,164,RK World InfoCom Private Limited,https://www.amazon.in/Goldmedal-202042-Plastic-Universal-Adaptor/dp/B0116MIKKC/ref=sr_1_5?dib=eyJ2IjoiMSJ9.HmH2wx7Pl8m2G34Tb9gmnHOUCqMBhok2ox5q20uOgZwaYhwyHKqX-J6cz0Mj1Iku6iO_J9lxXTbXCMZQx6YiftfuabqH3cTtcHGwkGeq6F5ntL2jHbvPwZTQdOCf947pVYrLTxvNFoUTliIDGNNBrA.vN9phqnc5gNdj_Oqre08OZvuFstOnlhW___kBWhn4Sc&dib_tag=se&keywords=RKWI+adapter&qid=1785347009&sr=8-5
B07N1R3PLV,"Spartan 3 Pin All Multiplug Charger/Travel Adapter, 10A Power Sockets / 2Pin & 3Pin Socket Adapter with Dual USB Charging Port (White, Pack of 1)",269,1499,3.9,16,RK World InfoCom Private Limited,https://www.amazon.in/Spartan-Universal-Adapter-Worldwide-Charger/dp/B07N1R3PLV/ref=sr_1_6?dib=eyJ2IjoiMSJ9.HmH2wx7Pl8m2G34Tb9gmnHOUCqMBhok2ox5q20uOgZwaYhwyHKqX-J6cz0Mj1Iku6iO_J9lxXTbXCMZQx6YiftfuabqH3cTtcHGwkGeq6F5ntL2jHbvPwZTQdOCf947pVYrLTxvNFoUTliIDGNNBrA.vN9phqnc5gNdj_Oqre08OZvuFstOnlhW___kBWhn4Sc&dib_tag=se&keywords=RKWI+adapter&qid=1785347009&sr=8-6
B008LQOZ2E,GM 3012 3-Pin Universal Multi Plug Fast Charging Travel Adapter | All-in-1 Worldwide Travel Adapter | Surge Protector | LED Indicator | Compact Design | Supports 150+ Countries | Safety Shutter,189,249,4.5,108,RK World InfoCom Private Limited,https://www.amazon.in/GM-Modular-3012-Travel-Universal/dp/B008LQOZ2E/ref=sr_1_7?dib=eyJ2IjoiMSJ9.HmH2wx7Pl8m2G34Tb9gmnHOUCqMBhok2ox5q20uOgZwaYhwyHKqX-J6cz0Mj1Iku6iO_J9lxXTbXCMZQx6YiftfuabqH3cTtcHGwkGeq6F5ntL2jHbvPwZTQdOCf947pVYrLTxvNFoUTliIDGNNBrA.vN9phqnc5gNdj_Oqre08OZvuFstOnlhW___kBWhn4Sc&dib_tag=se&keywords=RKWI+adapter&qid=1785347009&sr=8-7
B07WGM9MHW,"Gotrippin Universal Charger Adapter - 2500w High Power, Extra USA/Japan Socket - International Worldwide All in One Travel Plug with Universal Socket for US, Canada,UK, Europe, Dubai, and More",699,69900,4.3,27,RK World InfoCom Private Limited,https://www.amazon.in/GoTrippin-Universal-Adapter-International-Worldwide/dp/B07WGM9MHW/ref=sr_1_8?dib=eyJ2IjoiMSJ9.HmH2wx7Pl8m2G34Tb9gmnHOUCqMBhok2ox5q20uOgZwaYhwyHKqX-J6cz0Mj1Iku6iO_J9lxXTbXCMZQx6YiftfuabqH3cTtcHGwkGeq6F5ntL2jHbvPwZTQdOCf947pVYrLTxvNFoUTliIDGNNBrA.vN9phqnc5gNdj_Oqre08OZvuFstOnlhW___kBWhn4Sc&dib_tag=se&keywords=RKWI+adapter&qid=1785347009&sr=8-8
B01MZHDNPU,"OREI UK to India Adapter Plug - 2 in 1 Type D US to India Converter Plug - Universal Input (UK, USA, Canada, EU & More) - CE & Rohs Certified (2 Pack)",529,264.50,4.2,15,RK World InfoCom Private Limited,https://www.amazon.in/Adapter-Converter-India-China-Australia/dp/B01MZHDNPU/ref=sr_1_9?dib=eyJ2IjoiMSJ9.HmH2wx7Pl8m2G34Tb9gmnHOUCqMBhok2ox5q20uOgZwaYhwyHKqX-J6cz0Mj1Iku6iO_J9lxXTbXCMZQx6YiftfuabqH3cTtcHGwkGeq6F5ntL2jHbvPwZTQdOCf947pVYrLTxvNFoUTliIDGNNBrA.vN9phqnc5gNdj_Oqre08OZvuFstOnlhW___kBWhn4Sc&dib_tag=se&keywords=RKWI+adapter&qid=1785347009&sr=8-9
B07JMTPYP6,"REES52 2 Pin Switch Mode Universal Adaptor (9V, 1A, Black)",275,900,5.0,1,RK World InfoCom Private Limited,https://www.amazon.in/REES52-Switch-Universal-Adaptor-Black/dp/B07JMTPYP6/ref=sr_1_10?dib=eyJ2IjoiMSJ9.HmH2wx7Pl8m2G34Tb9gmnHOUCqMBhok2ox5q20uOgZwaYhwyHKqX-J6cz0Mj1Iku6iO_J9lxXTbXCMZQx6YiftfuabqH3cTtcHGwkGeq6F5ntL2jHbvPwZTQdOCf947pVYrLTxvNFoUTliIDGNNBrA.vN9phqnc5gNdj_Oqre08OZvuFstOnlhW___kBWhn4Sc&dib_tag=se&keywords=RKWI+adapter&qid=1785347009&sr=8-10
B0C7Q1HQPQ,"DC 5.5x1.7mm Power Connector Adapter, 90 Degree DC Power 5.5 x 1.7mm Male Plug to 5.5 x 2.1mm Female Jack Adapter Connector",2065,,3.6,7,RK World InfoCom Private Limited,https://www.amazon.in/RUITEXUN-5-5x1-7mm-Connector-Adapter-Degree/dp/B0C7Q1HQPQ/ref=sr_1_11?dib=eyJ2IjoiMSJ9.HmH2wx7Pl8m2G34Tb9gmnHOUCqMBhok2ox5q20uOgZwaYhwyHKqX-J6cz0Mj1Iku6iO_J9lxXTbXCMZQx6YiftfuabqH3cTtcHGwkGeq6F5ntL2jHbvPwZTQdOCf947pVYrLTxvNFoUTliIDGNNBrA.vN9phqnc5gNdj_Oqre08OZvuFstOnlhW___kBWhn4Sc&dib_tag=se&keywords=RKWI+adapter&qid=1785347009&sr=8-11
B0G3PJVCHH,"Dual Port USB A & USB C 5V to 12V DC 5.5x2.1mm Step Up Converter Cable with Switch & LED,12W DC Converter Cord for Router, Modem, WiFi Extender (1.5M)",5142,3428.91,4.6,12,RK World InfoCom Private Limited,https://www.amazon.in/RIIEYOCA-5-5x2-1mm-Converter-Switch-Extender/dp/B0G3PJVCHH/ref=sr_1_12?dib=eyJ2IjoiMSJ9.HmH2wx7Pl8m2G34Tb9gmnHOUCqMBhok2ox5q20uOgZwaYhwyHKqX-J6cz0Mj1Iku6iO_J9lxXTbXCMZQx6YiftfuabqH3cTtcHGwkGeq6F5ntL2jHbvPwZTQdOCf947pVYrLTxvNFoUTliIDGNNBrA.vN9phqnc5gNdj_Oqre08OZvuFstOnlhW___kBWhn4Sc&dib_tag=se&keywords=RKWI+adapter&qid=1785347009&sr=8-12
B0D56Z8CYG,"Ceptics 6 in 1 Universal Charger Adapter with 35W Type C, 3-USB-A, PD/QC 3.0, Worldwide Travel Adapter, Fast Charging, 3.1A Max, FCC CE RoHS Certified",1699,169900,4.3,0,RK World InfoCom Private Limited,https://www.amazon.in/sspa/click?ie=UTF8&spc=MTo2MTQ5MDk5MzEyMTI1MjAzOjE3ODUzNDcwMTM6c3BfYXRmX25leHQ6MzAwMzA2NDA1MDYzNDMyOjowOjo&url=%2FCeptics-Universal-Travel-Adapter-3xUSB%2Fdp%2FB0D56Z8CYG%2Fref%3Dsr_1_17_sspa%3Fkeywords%3DRKWI%2Badapter%26qid%3D1785347013%26sr%3D8-17-spons%26aref%3DpbCupG57Tz%26sp_csd%3Dd2lkZ2V0TmFtZT1zcF9hdGZfbmV4dA%26psc%3D1&aref=pbCupG57Tz&sp_cr=ZAZ
B0CN36HVXR,"Orei Universal Charger Adapter - 3 in 1 Worldwide Travel Adapter with Dual USB - Universal Socket with 2X USB-A 2.4A - Universal Travel Adapter All in one for US, Europe & More - 10 Year Warranty",499,999,4.0,0,RK World InfoCom Private Limited,https://www.amazon.in/sspa/click?ie=UTF8&spc=MTo2MTQ5MDk5MzEyMTI1MjAzOjE3ODUzNDcwMTM6c3BfYXRmX25leHQ6MzAwNTAyNzk3OTY3MDMyOjowOjo&url=%2FOREI-Universal-Travel-Adapter-USB%2Fdp%2FB0CN36HVXR%2Fref%3Dsr_1_18_sspa%3Fkeywords%3DRKWI%2Badapter%26qid%3D1785347013%26sr%3D8-18-spons%26aref%3DASHCLkfUgD%26sp_csd%3Dd2lkZ2V0TmFtZT1zcF9hdGZfbmV4dA%26psc%3D1&aref=ASHCLkfUgD&sp_cr=ZAZ
B0CN384B4S,"Orei Universal Charger Adapter with Type C - 3 in 1 International Travel Adapter - Universal Travel Adapter All in one with 1 USB-A, 1 USB-C (2.4A Each) and Universal Output Socket - 10 Year Warranty",599,1249,4.3,0,RK World InfoCom Private Limited,https://www.amazon.in/sspa/click?ie=UTF8&spc=MTo2MTQ5MDk5MzEyMTI1MjAzOjE3ODUzNDcwMTM6c3BfYXRmX25leHQ6MzAwMzU4ODQ1NDQyNjMyOjowOjo&url=%2FOREI-Universal-Travel-Adapter-Type%2Fdp%2FB0CN384B4S%2Fref%3Dsr_1_19_sspa%3Fkeywords%3DRKWI%2Badapter%26qid%3D1785347013%26sr%3D8-19-spons%26aref%3DLiuEnDaguQ%26sp_csd%3Dd2lkZ2V0TmFtZT1zcF9hdGZfbmV4dA%26psc%3D1&aref=LiuEnDaguQ&sp_cr=ZAZ
B0DB2CK3FQ,"Orei 45Watt Universal Charger Adapter | 3X USBC 2XUSB A - 6-in-1 International Travel Adapter | Universal Travel Adapter Compatible 150+ Countries | Type C, A, G, I Compatible, Black",1699,2999,4.4,0,RK World InfoCom Private Limited,https://www.amazon.in/sspa/click?ie=UTF8&spc=MTozNTE1MjU2NzI1OTYxMDgxOjE3ODUzNDcwMTc6c3BfbXRmOjMwMDQzMjgxNjk5OTEzMjo6MDo6&url=%2F45Watt-Universal-Charger-Adapter-2XUSB%2Fdp%2FB0DB2CK3FQ%2Fref%3Dsr_1_37_sspa%3Fkeywords%3DRKWI%2Badapter%26qid%3D1785347017%26sr%3D8-37-spons%26aref%3DYbos8DXiWx%26sp_csd%3Dd2lkZ2V0TmFtZT1zcF9tdGY%26psc%3D1&aref=Ybos8DXiWx&sp_cr=ZAZ
B0F1YV3QC1,DailyObjects,2998,5499,4.2,0,RK World InfoCom Private Limited,https://www.amazon.in/sspa/click?ie=UTF8&spc=MToyNzYwMzA1MDUwOTE1NDIyOjE3ODUzNDcxMDA6c3BfYXRmOjMwMDk0OTM4ODI2NDgzMjo6MDo6&url=%2FDailyObjects-Universal-Aluminium-Charging-Compatible%2Fdp%2FB0F1YV3QC1%2Fref%3Dsr_1_1_sspa%3Fdib%3DeyJ2IjoiMSJ9.6nlJSYb4Ci4WLXAtPVXpNgqgjcUSKyb1yBbIgZdUcFGWC8Tzzl0NhSjJZ8SoLM_0xkwLXRmfdnaD3GOeCm6xqF4TY85ODDKEabjJUPEFeax7YTTiyLBUlq6-NsabBH8dr64Bdj_iHNLlnDEjuPQPXxSUUBEOVJ61a3Fi9KigLh27AU2RChjagl296anQnaiOUrWdNcaHAqBrK3Q2qDugwmCs9sb_wllZSqTyVcBGdYk.oFyM2rqerg-AN-1WR1CxK1gcW2MjBxKZmgUAQpbanto%26dib_tag%3Dse%26keywords%3DRKWI%2Bpower%2Bbank%26nsdOptOutParam%3Dtrue%26qid%3D1785347100%26sr%3D8-1-spons%26aref%3Dfis1UnvkCy%26sp_csd%3Dd2lkZ2V0TmFtZT1zcF9hdGY%26psc%3D1&aref=fis1UnvkCy&sp_cr=ZAZ
B0D96JNKFN,amazon basics,1449,3999,4.0,0,RK World InfoCom Private Limited,https://www.amazon.in/sspa/click?ie=UTF8&spc=MToyNzYwMzA1MDUwOTE1NDIyOjE3ODUzNDcxMDA6c3BfYXRmOjMwMDU3MzU3NjYxNTgzMjo6MDo6&url=%2FCharging-Devices-Simultaneously-Smartphones-Speakers%2Fdp%2FB0D96JNKFN%2Fref%3Dsr_1_2_sspa%3Fdib%3DeyJ2IjoiMSJ9.6nlJSYb4Ci4WLXAtPVXpNgqgjcUSKyb1yBbIgZdUcFGWC8Tzzl0NhSjJZ8SoLM_0xkwLXRmfdnaD3GOeCm6xqF4TY85ODDKEabjJUPEFeax7YTTiyLBUlq6-NsabBH8dr64Bdj_iHNLlnDEjuPQPXxSUUBEOVJ61a3Fi9KigLh27AU2RChjagl296anQnaiOUrWdNcaHAqBrK3Q2qDugwmCs9sb_wllZSqTyVcBGdYk.oFyM2rqerg-AN-1WR1CxK1gcW2MjBxKZmgUAQpbanto%26dib_tag%3Dse%26keywords%3DRKWI%2Bpower%2Bbank%26nsdOptOutParam%3Dtrue%26qid%3D1785347100%26sr%3D8-2-spons%26aref%3DLmbkVE5T8D%26sp_csd%3Dd2lkZ2V0TmFtZT1zcF9hdGY%26psc%3D1&aref=LmbkVE5T8D&sp_cr=ZAZ
B0C6M7Q9NB,ZEBRONICS,599,1699,3.7,13,RK World InfoCom Private Limited,https://www.amazon.in/ZEBRONICS-ZEB-MB10000S4-Percentage-Compatible-Protection/dp/B0C6M7Q9NB/ref=sr_1_3?dib=eyJ2IjoiMSJ9.6nlJSYb4Ci4WLXAtPVXpNgqgjcUSKyb1yBbIgZdUcFGWC8Tzzl0NhSjJZ8SoLM_0xkwLXRmfdnaD3GOeCm6xqF4TY85ODDKEabjJUPEFeax7YTTiyLBUlq6-NsabBH8dr64Bdj_iHNLlnDEjuPQPXxSUUBEOVJ61a3Fi9KigLh27AU2RChjagl296anQnaiOUrWdNcaHAqBrK3Q2qDugwmCs9sb_wllZSqTyVcBGdYk.oFyM2rqerg-AN-1WR1CxK1gcW2MjBxKZmgUAQpbanto&dib_tag=se&keywords=RKWI+power+bank&nsdOptOutParam=true&qid=1785347100&sr=8-3
B0FT3WS5DP,Portronics,880,1999,4.3,872,RK World InfoCom Private Limited,https://www.amazon.in/Portronics-Luxcell-Charging-Detachable-Output/dp/B0FT3WS5DP/ref=sr_1_4?dib=eyJ2IjoiMSJ9.6nlJSYb4Ci4WLXAtPVXpNgqgjcUSKyb1yBbIgZdUcFGWC8Tzzl0NhSjJZ8SoLM_0xkwLXRmfdnaD3GOeCm6xqF4TY85ODDKEabjJUPEFeax7YTTiyLBUlq6-NsabBH8dr64Bdj_iHNLlnDEjuPQPXxSUUBEOVJ61a3Fi9KigLh27AU2RChjagl296anQnaiOUrWdNcaHAqBrK3Q2qDugwmCs9sb_wllZSqTyVcBGdYk.oFyM2rqerg-AN-1WR1CxK1gcW2MjBxKZmgUAQpbanto&dib_tag=se&keywords=RKWI+power+bank&nsdOptOutParam=true&qid=1785347100&sr=8-4
B0D3596YR4,Portronics,1499,3499,4.2,0,RK World InfoCom Private Limited,https://www.amazon.in/sspa/click?ie=UTF8&spc=MToyNzYwMzA1MDUwOTE1NDIyOjE3ODUzNDcxMDA6c3BfbXRmOjMwMTIwMDIzMzYyODQzMjo6MDo6&url=%2FPortronics-Luxcell-Advanced-Battery-Display%2Fdp%2FB0D3596YR4%2Fref%3Dsr_1_5_sspa%3Fdib%3DeyJ2IjoiMSJ9.6nlJSYb4Ci4WLXAtPVXpNgqgjcUSKyb1yBbIgZdUcFGWC8Tzzl0NhSjJZ8SoLM_0xkwLXRmfdnaD3GOeCm6xqF4TY85ODDKEabjJUPEFeax7YTTiyLBUlq6-NsabBH8dr64Bdj_iHNLlnDEjuPQPXxSUUBEOVJ61a3Fi9KigLh27AU2RChjagl296anQnaiOUrWdNcaHAqBrK3Q2qDugwmCs9sb_wllZSqTyVcBGdYk.oFyM2rqerg-AN-1WR1CxK1gcW2MjBxKZmgUAQpbanto%26dib_tag%3Dse%26keywords%3DRKWI%2Bpower%2Bbank%26nsdOptOutParam%3Dtrue%26qid%3D1785347100%26sr%3D8-5-spons%26aref%3DJ8LODK0zs1%26sp_csd%3Dd2lkZ2V0TmFtZT1zcF9tdGY%26psc%3D1&aref=J8LODK0zs1&sp_cr=ZAZ
B0DTJQ3K1K,Spigen,2799,3399,4.1,0,RK World InfoCom Private Limited,https://www.amazon.in/sspa/click?ie=UTF8&spc=MToyNzYwMzA1MDUwOTE1NDIyOjE3ODUzNDcxMDA6c3BfbXRmOjMwMDQ5NzY1MzY2MjAzMjo6MDo6&url=%2FSpigen-ArcPack-10000mAh-Built-Charging%2Fdp%2FB0DTJQ3K1K%2Fref%3Dsr_1_6_sspa%3Fdib%3DeyJ2IjoiMSJ9.6nlJSYb4Ci4WLXAtPVXpNgqgjcUSKyb1yBbIgZdUcFGWC8Tzzl0NhSjJZ8SoLM_0xkwLXRmfdnaD3GOeCm6xqF4TY85ODDKEabjJUPEFeax7YTTiyLBUlq6-NsabBH8dr64Bdj_iHNLlnDEjuPQPXxSUUBEOVJ61a3Fi9KigLh27AU2RChjagl296anQnaiOUrWdNcaHAqBrK3Q2qDugwmCs9sb_wllZSqTyVcBGdYk.oFyM2rqerg-AN-1WR1CxK1gcW2MjBxKZmgUAQpbanto%26dib_tag%3Dse%26keywords%3DRKWI%2Bpower%2Bbank%26nsdOptOutParam%3Dtrue%26qid%3D1785347100%26sr%3D8-6-spons%26aref%3DW5fJl74MS0%26sp_csd%3Dd2lkZ2V0TmFtZT1zcF9tdGY%26psc%3D1&aref=W5fJl74MS0&sp_cr=ZAZ
B0FM8LRFWK,BonKaso,899,2999,3.9,32,RK World InfoCom Private Limited,https://www.amazon.in/BonKaso-10000mAh-Digital-Display-Output/dp/B0FM8LRFWK/ref=sr_1_7?dib=eyJ2IjoiMSJ9.6nlJSYb4Ci4WLXAtPVXpNgqgjcUSKyb1yBbIgZdUcFGWC8Tzzl0NhSjJZ8SoLM_0xkwLXRmfdnaD3GOeCm6xqF4TY85ODDKEabjJUPEFeax7YTTiyLBUlq6-NsabBH8dr64Bdj_iHNLlnDEjuPQPXxSUUBEOVJ61a3Fi9KigLh27AU2RChjagl296anQnaiOUrWdNcaHAqBrK3Q2qDugwmCs9sb_wllZSqTyVcBGdYk.oFyM2rqerg-AN-1WR1CxK1gcW2MjBxKZmgUAQpbanto&dib_tag=se&keywords=RKWI+power+bank&nsdOptOutParam=true&qid=1785347100&sr=8-7
B0GXJVTDDP,ZEBRONICS,687,2099,3.8,16,RK World InfoCom Private Limited,https://www.amazon.in/Zebronics-EnergiPod-Percentage-Protection-Compatible/dp/B0GXJVTDDP/ref=sr_1_8?dib=eyJ2IjoiMSJ9.6nlJSYb4Ci4WLXAtPVXpNgqgjcUSKyb1yBbIgZdUcFGWC8Tzzl0NhSjJZ8SoLM_0xkwLXRmfdnaD3GOeCm6xqF4TY85ODDKEabjJUPEFeax7YTTiyLBUlq6-NsabBH8dr64Bdj_iHNLlnDEjuPQPXxSUUBEOVJ61a3Fi9KigLh27AU2RChjagl296anQnaiOUrWdNcaHAqBrK3Q2qDugwmCs9sb_wllZSqTyVcBGdYk.oFyM2rqerg-AN-1WR1CxK1gcW2MjBxKZmgUAQpbanto&dib_tag=se&keywords=RKWI+power+bank&nsdOptOutParam=true&qid=1785347100&sr=8-8
B0DQV1HFNW,Lifelong,1489,2999,4.0,0,RK World InfoCom Private Limited,https://www.amazon.in/sspa/click?ie=UTF8&spc=MToyNzYwMzA1MDUwOTE1NDIyOjE3ODUzNDcxMDA6c3BfbXRmOjMwMDk3MjQ5MDUxOTAzMjo6MDo6&url=%2FLifelong-10000mAh-Wireless-Portable-Speakers%2Fdp%2FB0DQV1HFNW%2Fref%3Dsr_1_9_sspa%3Fdib%3DeyJ2IjoiMSJ9.6nlJSYb4Ci4WLXAtPVXpNgqgjcUSKyb1yBbIgZdUcFGWC8Tzzl0NhSjJZ8SoLM_0xkwLXRmfdnaD3GOeCm6xqF4TY85ODDKEabjJUPEFeax7YTTiyLBUlq6-NsabBH8dr64Bdj_iHNLlnDEjuPQPXxSUUBEOVJ61a3Fi9KigLh27AU2RChjagl296anQnaiOUrWdNcaHAqBrK3Q2qDugwmCs9sb_wllZSqTyVcBGdYk.oFyM2rqerg-AN-1WR1CxK1gcW2MjBxKZmgUAQpbanto%26dib_tag%3Dse%26keywords%3DRKWI%2Bpower%2Bbank%26nsdOptOutParam%3Dtrue%26qid%3D1785347100%26sr%3D8-9-spons%26aref%3DTatFufpT7c%26sp_csd%3Dd2lkZ2V0TmFtZT1zcF9tdGY%26psc%3D1&aref=TatFufpT7c&sp_cr=ZAZ
B0F48D1KB2,boAt,2099,5499,4.0,0,RK World InfoCom Private Limited,https://www.amazon.in/sspa/click?ie=UTF8&spc=MToyNzYwMzA1MDUwOTE1NDIyOjE3ODUzNDcxMDA6c3BfbXRmOjMwMDU0MzIyMDU4NDIzMjo6MDo6&url=%2FboAt-Launched-20000mAh-Protection-Aluminium%2Fdp%2FB0F48D1KB2%2Fref%3Dsr_1_10_sspa%3Fdib%3DeyJ2IjoiMSJ9.6nlJSYb4Ci4WLXAtPVXpNgqgjcUSKyb1yBbIgZdUcFGWC8Tzzl0NhSjJZ8SoLM_0xkwLXRmfdnaD3GOeCm6xqF4TY85ODDKEabjJUPEFeax7YTTiyLBUlq6-NsabBH8dr64Bdj_iHNLlnDEjuPQPXxSUUBEOVJ61a3Fi9KigLh27AU2RChjagl296anQnaiOUrWdNcaHAqBrK3Q2qDugwmCs9sb_wllZSqTyVcBGdYk.oFyM2rqerg-AN-1WR1CxK1gcW2MjBxKZmgUAQpbanto%26dib_tag%3Dse%26keywords%3DRKWI%2Bpower%2Bbank%26nsdOptOutParam%3Dtrue%26qid%3D1785347100%26sr%3D8-10-spons%26aref%3DW3sNbPZ13U%26sp_csd%3Dd2lkZ2V0TmFtZT1zcF9tdGY%26psc%3D1&aref=W3sNbPZ13U&sp_cr=ZAZ
B0FSXYP5MM,Kratos,1099,3299,4.0,24,RK World InfoCom Private Limited,https://www.amazon.in/Kratos-20000mAh-Charging-Powerbank-Certified/dp/B0FSXYP5MM/ref=sr_1_11?dib=eyJ2IjoiMSJ9.6nlJSYb4Ci4WLXAtPVXpNgqgjcUSKyb1yBbIgZdUcFGWC8Tzzl0NhSjJZ8SoLM_0xkwLXRmfdnaD3GOeCm6xqF4TY85ODDKEabjJUPEFeax7YTTiyLBUlq6-NsabBH8dr64Bdj_iHNLlnDEjuPQPXxSUUBEOVJ61a3Fi9KigLh27AU2RChjagl296anQnaiOUrWdNcaHAqBrK3Q2qDugwmCs9sb_wllZSqTyVcBGdYk.oFyM2rqerg-AN-1WR1CxK1gcW2MjBxKZmgUAQpbanto&dib_tag=se&keywords=RKWI+power+bank&nsdOptOutParam=true&qid=1785347100&sr=8-11
B0GXG7YKCT,Phonokart,1999,3299,,19991999329932993299,RK World InfoCom Private Limited,https://www.amazon.in/PHONOKART-10000mAh-Lightning-Powerbank-Smartphones/dp/B0GXG7YKCT/ref=sr_1_12?dib=eyJ2IjoiMSJ9.6nlJSYb4Ci4WLXAtPVXpNgqgjcUSKyb1yBbIgZdUcFGWC8Tzzl0NhSjJZ8SoLM_0xkwLXRmfdnaD3GOeCm6xqF4TY85ODDKEabjJUPEFeax7YTTiyLBUlq6-NsabBH8dr64Bdj_iHNLlnDEjuPQPXxSUUBEOVJ61a3Fi9KigLh27AU2RChjagl296anQnaiOUrWdNcaHAqBrK3Q2qDugwmCs9sb_wllZSqTyVcBGdYk.oFyM2rqerg-AN-1WR1CxK1gcW2MjBxKZmgUAQpbanto&dib_tag=se&keywords=RKWI+power+bank&nsdOptOutParam=true&qid=1785347100&sr=8-12
B0FM8KY8LX,BonKaso,699,1999,3.9,40,RK World InfoCom Private Limited,https://www.amazon.in/BonKaso-Portable-5000mAh-Type-C-Indicator/dp/B0FM8KY8LX/ref=sr_1_13?dib=eyJ2IjoiMSJ9.6nlJSYb4Ci4WLXAtPVXpNgqgjcUSKyb1yBbIgZdUcFGWC8Tzzl0NhSjJZ8SoLM_0xkwLXRmfdnaD3GOeCm6xqF4TY85ODDKEabjJUPEFeax7YTTiyLBUlq6-NsabBH8dr64Bdj_iHNLlnDEjuPQPXxSUUBEOVJ61a3Fi9KigLh27AU2RChjagl296anQnaiOUrWdNcaHAqBrK3Q2qDugwmCs9sb_wllZSqTyVcBGdYk.oFyM2rqerg-AN-1WR1CxK1gcW2MjBxKZmgUAQpbanto&dib_tag=se&keywords=RKWI+power+bank&nsdOptOutParam=true&qid=1785347100&sr=8-13
B0FM8HT5Q4,BonKaso,899,2999,3.9,32,RK World InfoCom Private Limited,https://www.amazon.in/BonKaso-10000mAh-Digital-Display-Output/dp/B0FM8HT5Q4/ref=sr_1_14?dib=eyJ2IjoiMSJ9.6nlJSYb4Ci4WLXAtPVXpNgqgjcUSKyb1yBbIgZdUcFGWC8Tzzl0NhSjJZ8SoLM_0xkwLXRmfdnaD3GOeCm6xqF4TY85ODDKEabjJUPEFeax7YTTiyLBUlq6-NsabBH8dr64Bdj_iHNLlnDEjuPQPXxSUUBEOVJ61a3Fi9KigLh27AU2RChjagl296anQnaiOUrWdNcaHAqBrK3Q2qDugwmCs9sb_wllZSqTyVcBGdYk.oFyM2rqerg-AN-1WR1CxK1gcW2MjBxKZmgUAQpbanto&dib_tag=se&keywords=RKWI+power+bank&nsdOptOutParam=true&qid=1785347100&sr=8-14
B0GKF6CD5M,KARWAN,1349,2999,4.1,30,RK World InfoCom Private Limited,https://www.amazon.in/10000Mah-Wireless-Charging-Powerbank-Compatible/dp/B0GKF6CD5M/ref=sr_1_15?dib=eyJ2IjoiMSJ9.6nlJSYb4Ci4WLXAtPVXpNgqgjcUSKyb1yBbIgZdUcFGWC8Tzzl0NhSjJZ8SoLM_0xkwLXRmfdnaD3GOeCm6xqF4TY85ODDKEabjJUPEFeax7YTTiyLBUlq6-NsabBH8dr64Bdj_iHNLlnDEjuPQPXxSUUBEOVJ61a3Fi9KigLh27AU2RChjagl296anQnaiOUrWdNcaHAqBrK3Q2qDugwmCs9sb_wllZSqTyVcBGdYk.oFyM2rqerg-AN-1WR1CxK1gcW2MjBxKZmgUAQpbanto&dib_tag=se&keywords=RKWI+power+bank&nsdOptOutParam=true&qid=1785347100&sr=8-15
B0FM8HM3DC,BonKaso,1199,3999,3.9,69,RK World InfoCom Private Limited,https://www.amazon.in/BonKaso-20000mAh-Charging-Digital-Display/dp/B0FM8HM3DC/ref=sr_1_16?dib=eyJ2IjoiMSJ9.6nlJSYb4Ci4WLXAtPVXpNgqgjcUSKyb1yBbIgZdUcFGWC8Tzzl0NhSjJZ8SoLM_0xkwLXRmfdnaD3GOeCm6xqF4TY85ODDKEabjJUPEFeax7YTTiyLBUlq6-NsabBH8dr64Bdj_iHNLlnDEjuPQPXxSUUBEOVJ61a3Fi9KigLh27AU2RChjagl296anQnaiOUrWdNcaHAqBrK3Q2qDugwmCs9sb_wllZSqTyVcBGdYk.oFyM2rqerg-AN-1WR1CxK1gcW2MjBxKZmgUAQpbanto&dib_tag=se&keywords=RKWI+power+bank&nsdOptOutParam=true&qid=1785347100&sr=8-16
B0DY4X92CL,ZEBRONICS,998,3099,4.0,102,RK World InfoCom Private Limited,https://www.amazon.in/ZEBRONICS-EnergiTank-Lightning-Percentage-Indicator/dp/B0DY4X92CL/ref=sr_1_17?dib=eyJ2IjoiMSJ9.6nlJSYb4Ci4WLXAtPVXpNgqgjcUSKyb1yBbIgZdUcFGWC8Tzzl0NhSjJZ8SoLM_0xkwLXRmfdnaD3GOeCm6xqF4TY85ODDKEabjJUPEFeax7YTTiyLBUlq6-NsabBH8dr64Bdj_iHNLlnDEjuPQPXxSUUBEOVJ61a3Fi9KigLh27AU2RChjagl296anQnaiOUrWdNcaHAqBrK3Q2qDugwmCs9sb_wllZSqTyVcBGdYk.oFyM2rqerg-AN-1WR1CxK1gcW2MjBxKZmgUAQpbanto&dib_tag=se&keywords=RKWI+power+bank&nsdOptOutParam=true&qid=1785347100&sr=8-17
B0FJMRF4CM,"10000mAh Power Bank Portable Slim Design with Dual USB Port Lithium Polymer Battery Compatible with iPhone, Samsung, OnePlus & All Smartphones- Black",699,1999,3.9,2,RK World InfoCom Private Limited,https://www.amazon.in/DR-10000mAh-Portable-Compatible-Smartphones/dp/B0FJMRF4CM/ref=sr_1_18?dib=eyJ2IjoiMSJ9.6nlJSYb4Ci4WLXAtPVXpNgqgjcUSKyb1yBbIgZdUcFGWC8Tzzl0NhSjJZ8SoLM_0xkwLXRmfdnaD3GOeCm6xqF4TY85ODDKEabjJUPEFeax7YTTiyLBUlq6-NsabBH8dr64Bdj_iHNLlnDEjuPQPXxSUUBEOVJ61a3Fi9KigLh27AU2RChjagl296anQnaiOUrWdNcaHAqBrK3Q2qDugwmCs9sb_wllZSqTyVcBGdYk.oFyM2rqerg-AN-1WR1CxK1gcW2MjBxKZmgUAQpbanto&dib_tag=se&keywords=RKWI+power+bank&nsdOptOutParam=true&qid=1785347100&sr=8-18
B0GXBG6S3N,Intex,1599,4499,,15991599449944994499,RK World InfoCom Private Limited,https://www.amazon.in/Intex-Strong-Nova-QCPD-Poly/dp/B0GXBG6S3N/ref=sr_1_19?dib=eyJ2IjoiMSJ9.6nlJSYb4Ci4WLXAtPVXpNgqgjcUSKyb1yBbIgZdUcFGWC8Tzzl0NhSjJZ8SoLM_0xkwLXRmfdnaD3GOeCm6xqF4TY85ODDKEabjJUPEFeax7YTTiyLBUlq6-NsabBH8dr64Bdj_iHNLlnDEjuPQPXxSUUBEOVJ61a3Fi9KigLh27AU2RChjagl296anQnaiOUrWdNcaHAqBrK3Q2qDugwmCs9sb_wllZSqTyVcBGdYk.oFyM2rqerg-AN-1WR1CxK1gcW2MjBxKZmgUAQpbanto&dib_tag=se&keywords=RKWI+power+bank&nsdOptOutParam=true&qid=1785347100&sr=8-19
B0F8ZH5W2H,MPower Fusion Powerbank | India’s First 2-in-1 Powerbank | 10000mAh Battery Capacity | 22.5W PD-QC 3.0 Fast Charging | Built-in & Detachable Cables | Battery Display | Multi-Layered Protection (White),2419,6499,3.2,65,RK World InfoCom Private Limited,https://www.amazon.in/MPower-Fusion-Detachable-Multi-Layered-Protection/dp/B0F8ZH5W2H/ref=sr_1_20?dib=eyJ2IjoiMSJ9.6nlJSYb4Ci4WLXAtPVXpNgqgjcUSKyb1yBbIgZdUcFGWC8Tzzl0NhSjJZ8SoLM_0xkwLXRmfdnaD3GOeCm6xqF4TY85ODDKEabjJUPEFeax7YTTiyLBUlq6-NsabBH8dr64Bdj_iHNLlnDEjuPQPXxSUUBEOVJ61a3Fi9KigLh27AU2RChjagl296anQnaiOUrWdNcaHAqBrK3Q2qDugwmCs9sb_wllZSqTyVcBGdYk.oFyM2rqerg-AN-1WR1CxK1gcW2MjBxKZmgUAQpbanto&dib_tag=se&keywords=RKWI+power+bank&nsdOptOutParam=true&qid=1785347100&sr=8-20
B0DXD2RZ9K,Kratos,795,2999,3.7,135,RK World InfoCom Private Limited,https://www.amazon.in/Kratos-PowerBank-Compatible-Smartphones-Smartwatch/dp/B0DXD2RZ9K/ref=sr_1_21?dib=eyJ2IjoiMSJ9.6nlJSYb4Ci4WLXAtPVXpNgqgjcUSKyb1yBbIgZdUcFGWC8Tzzl0NhSjJZ8SoLM_0xkwLXRmfdnaD3GOeCm6xqF4TY85ODDKEabjJUPEFeax7YTTiyLBUlq6-NsabBH8dr64Bdj_iHNLlnDEjuPQPXxSUUBEOVJ61a3Fi9KigLh27AU2RChjagl296anQnaiOUrWdNcaHAqBrK3Q2qDugwmCs9sb_wllZSqTyVcBGdYk.oFyM2rqerg-AN-1WR1CxK1gcW2MjBxKZmgUAQpbanto&dib_tag=se&keywords=RKWI+power+bank&nsdOptOutParam=true&qid=1785347100&sr=8-21
B0FTWBB8SS,JUST CORSECA,599,3299,4.1,7,RK World InfoCom Private Limited,https://www.amazon.in/10000mAh-Indicator-Universal-Compatibility-Smartphone/dp/B0FTWBB8SS/ref=sr_1_22?dib=eyJ2IjoiMSJ9.6nlJSYb4Ci4WLXAtPVXpNgqgjcUSKyb1yBbIgZdUcFGWC8Tzzl0NhSjJZ8SoLM_0xkwLXRmfdnaD3GOeCm6xqF4TY85ODDKEabjJUPEFeax7YTTiyLBUlq6-NsabBH8dr64Bdj_iHNLlnDEjuPQPXxSUUBEOVJ61a3Fi9KigLh27AU2RChjagl296anQnaiOUrWdNcaHAqBrK3Q2qDugwmCs9sb_wllZSqTyVcBGdYk.oFyM2rqerg-AN-1WR1CxK1gcW2MjBxKZmgUAQpbanto&dib_tag=se&keywords=RKWI+power+bank&nsdOptOutParam=true&qid=1785347100&sr=8-22
B0FCXLWGY9,amazon basics,3999,6999,3.9,0,RK World InfoCom Private Limited,https://www.amazon.in/sspa/click?ie=UTF8&spc=MTo3MzE4MzU2MDczMzE2NjUxOjE3ODUzNDcxMDU6c3BfYXRmX25leHQ6MzAwNzMwODIxMjQyOTMyOjowOjo&url=%2FAmazon-Basics-Power-27000mAh-Type-C%2Fdp%2FB0FCXLWGY9%2Fref%3Dsr_1_18_sspa%3Fdib%3DeyJ2IjoiMSJ9.x-PqX6KPcGr4Ap-lNrJQI7s_hzYhLbEq-rGYlKxQUlmATVjlj_ZqiW5ass_FD0itZBbXRG2lxmFPL-_36ekU6NaaMzq9Sn737VvYkOeAFtfg7baP4m53cM5KkK5sWNedsJv6ytcrheQDC1YiC5VAYNHl6O_Vj4IBWR3O7N_DOvJtqtlnBIFmI-wk-rfWz1q7bqO00H2jToBqYOYELGo-_Zp2GpfGLIu0XkR28eL2kbE.4BA-sAU4VCTFIOHreGMoHUrhxDawDyyCCsMRifzg7Nk%26dib_tag%3Dse%26keywords%3DRKWI%2Bpower%2Bbank%26nsdOptOutParam%3Dtrue%26qid%3D1785347105%26sr%3D8-18-spons%26aref%3D0VSJA6SmgN%26sp_csd%3Dd2lkZ2V0TmFtZT1zcF9hdGZfbmV4dA%26psc%3D1&aref=0VSJA6SmgN&sp_cr=ZAZ
B09K3H4FQB,Spigen,2399,599.75,3.9,0,RK World InfoCom Private Limited,https://www.amazon.in/sspa/click?ie=UTF8&spc=MTo3MzE4MzU2MDczMzE2NjUxOjE3ODUzNDcxMDU6c3BfYXRmX25leHQ6MzAwNzQ2MDQxNTA0NzMyOjowOjo&url=%2FSpigen-Lithium-Polymer-Wireless-Charging%2Fdp%2FB09K3H4FQB%2Fref%3Dsr_1_19_sspa%3Fdib%3DeyJ2IjoiMSJ9.x-PqX6KPcGr4Ap-lNrJQI7s_hzYhLbEq-rGYlKxQUlmATVjlj_ZqiW5ass_FD0itZBbXRG2lxmFPL-_36ekU6NaaMzq9Sn737VvYkOeAFtfg7baP4m53cM5KkK5sWNedsJv6ytcrheQDC1YiC5VAYNHl6O_Vj4IBWR3O7N_DOvJtqtlnBIFmI-wk-rfWz1q7bqO00H2jToBqYOYELGo-_Zp2GpfGLIu0XkR28eL2kbE.4BA-sAU4VCTFIOHreGMoHUrhxDawDyyCCsMRifzg7Nk%26dib_tag%3Dse%26keywords%3DRKWI%2Bpower%2Bbank%26nsdOptOutParam%3Dtrue%26qid%3D1785347105%26sr%3D8-19-spons%26aref%3Don43TPkJTY%26sp_csd%3Dd2lkZ2V0TmFtZT1zcF9hdGZfbmV4dA%26psc%3D1&aref=on43TPkJTY&sp_cr=ZAZ
B0FBRV2SK6,Kratos,1499,3999,3.9,995,RK World InfoCom Private Limited,https://www.amazon.in/Kratos-Mag-Safe-Charging-Wireless-compatiable/dp/B0FBRV2SK6/ref=sr_1_20?dib=eyJ2IjoiMSJ9.x-PqX6KPcGr4Ap-lNrJQI7s_hzYhLbEq-rGYlKxQUlmATVjlj_ZqiW5ass_FD0itZBbXRG2lxmFPL-_36ekU6NaaMzq9Sn737VvYkOeAFtfg7baP4m53cM5KkK5sWNedsJv6ytcrheQDC1YiC5VAYNHl6O_Vj4IBWR3O7N_DOvJtqtlnBIFmI-wk-rfWz1q7bqO00H2jToBqYOYELGo-_Zp2GpfGLIu0XkR28eL2kbE.4BA-sAU4VCTFIOHreGMoHUrhxDawDyyCCsMRifzg7Nk&dib_tag=se&keywords=RKWI+power+bank&nsdOptOutParam=true&qid=1785347105&sr=8-20
B0F6CRYD5T,EVEREADY,1449,4999,3.8,295,RK World InfoCom Private Limited,https://www.amazon.in/Eveready-Charging-Overcharging-Protection-Compatible/dp/B0F6CRYD5T/ref=sr_1_21?dib=eyJ2IjoiMSJ9.x-PqX6KPcGr4Ap-lNrJQI7s_hzYhLbEq-rGYlKxQUlmATVjlj_ZqiW5ass_FD0itZBbXRG2lxmFPL-_36ekU6NaaMzq9Sn737VvYkOeAFtfg7baP4m53cM5KkK5sWNedsJv6ytcrheQDC1YiC5VAYNHl6O_Vj4IBWR3O7N_DOvJtqtlnBIFmI-wk-rfWz1q7bqO00H2jToBqYOYELGo-_Zp2GpfGLIu0XkR28eL2kbE.4BA-sAU4VCTFIOHreGMoHUrhxDawDyyCCsMRifzg7Nk&dib_tag=se&keywords=RKWI+power+bank&nsdOptOutParam=true&qid=1785347105&sr=8-21
B0GKXZVPD1,Kratos,1199,2999,4.0,24,RK World InfoCom Private Limited,https://www.amazon.in/Kratos-Legend-20000mAh-Charging-Certified/dp/B0GKXZVPD1/ref=sr_1_24?dib=eyJ2IjoiMSJ9.x-PqX6KPcGr4Ap-lNrJQI7s_hzYhLbEq-rGYlKxQUlmATVjlj_ZqiW5ass_FD0itZBbXRG2lxmFPL-_36ekU6NaaMzq9Sn737VvYkOeAFtfg7baP4m53cM5KkK5sWNedsJv6ytcrheQDC1YiC5VAYNHl6O_Vj4IBWR3O7N_DOvJtqtlnBIFmI-wk-rfWz1q7bqO00H2jToBqYOYELGo-_Zp2GpfGLIu0XkR28eL2kbE.4BA-sAU4VCTFIOHreGMoHUrhxDawDyyCCsMRifzg7Nk&dib_tag=se&keywords=RKWI+power+bank&nsdOptOutParam=true&qid=1785347105&sr=8-24
B0DY552C4D,ZEBRONICS,899,2299,3.9,88,RK World InfoCom Private Limited,https://www.amazon.in/ZEBRONICS-EnergiTank-Charging-Indicator-Midnight/dp/B0DY552C4D/ref=sr_1_25?dib=eyJ2IjoiMSJ9.x-PqX6KPcGr4Ap-lNrJQI7s_hzYhLbEq-rGYlKxQUlmATVjlj_ZqiW5ass_FD0itZBbXRG2lxmFPL-_36ekU6NaaMzq9Sn737VvYkOeAFtfg7baP4m53cM5KkK5sWNedsJv6ytcrheQDC1YiC5VAYNHl6O_Vj4IBWR3O7N_DOvJtqtlnBIFmI-wk-rfWz1q7bqO00H2jToBqYOYELGo-_Zp2GpfGLIu0XkR28eL2kbE.4BA-sAU4VCTFIOHreGMoHUrhxDawDyyCCsMRifzg7Nk&dib_tag=se&keywords=RKWI+power+bank&nsdOptOutParam=true&qid=1785347105&sr=8-25
B0BJV4L36G,Duracell,2999,3499,4.2,0,RK World InfoCom Private Limited,https://www.amazon.in/sspa/click?ie=UTF8&spc=MTo3MzE4MzU2MDczMzE2NjUxOjE3ODUzNDcxMDU6c3BfbXRmOjMwMDgwNjM0NjQ0MjEzMjo6MDo6&url=%2FDuracell-Slimmest-Charging-Portable-Simultaneously%2Fdp%2FB0BJV4L36G%2Fref%3Dsr_1_26_sspa%3Fdib%3DeyJ2IjoiMSJ9.x-PqX6KPcGr4Ap-lNrJQI7s_hzYhLbEq-rGYlKxQUlmATVjlj_ZqiW5ass_FD0itZBbXRG2lxmFPL-_36ekU6NaaMzq9Sn737VvYkOeAFtfg7baP4m53cM5KkK5sWNedsJv6ytcrheQDC1YiC5VAYNHl6O_Vj4IBWR3O7N_DOvJtqtlnBIFmI-wk-rfWz1q7bqO00H2jToBqYOYELGo-_Zp2GpfGLIu0XkR28eL2kbE.4BA-sAU4VCTFIOHreGMoHUrhxDawDyyCCsMRifzg7Nk%26dib_tag%3Dse%26keywords%3DRKWI%2Bpower%2Bbank%26nsdOptOutParam%3Dtrue%26qid%3D1785347105%26sr%3D8-26-spons%26aref%3D3sNB5L4Gex%26sp_csd%3Dd2lkZ2V0TmFtZT1zcF9tdGY%26psc%3D1&aref=3sNB5L4Gex&sp_cr=ZAZ
B0GXBH5WQV,Intex,1599,4499,,15991599449944994499,RK World InfoCom Private Limited,https://www.amazon.in/Intex-Strong-Nova-QCPD-Poly/dp/B0GXBH5WQV/ref=sr_1_28?dib=eyJ2IjoiMSJ9.x-PqX6KPcGr4Ap-lNrJQI7s_hzYhLbEq-rGYlKxQUlmATVjlj_ZqiW5ass_FD0itZBbXRG2lxmFPL-_36ekU6NaaMzq9Sn737VvYkOeAFtfg7baP4m53cM5KkK5sWNedsJv6ytcrheQDC1YiC5VAYNHl6O_Vj4IBWR3O7N_DOvJtqtlnBIFmI-wk-rfWz1q7bqO00H2jToBqYOYELGo-_Zp2GpfGLIu0XkR28eL2kbE.4BA-sAU4VCTFIOHreGMoHUrhxDawDyyCCsMRifzg7Nk&dib_tag=se&keywords=RKWI+power+bank&nsdOptOutParam=true&qid=1785347105&sr=8-28
B0F6CSKYDT,EVEREADY,1199,4499,3.9,69,RK World InfoCom Private Limited,https://www.amazon.in/Eveready-PB10-Compatibility-Overcharging-Protection/dp/B0F6CSKYDT/ref=sr_1_29?dib=eyJ2IjoiMSJ9.x-PqX6KPcGr4Ap-lNrJQI7s_hzYhLbEq-rGYlKxQUlmATVjlj_ZqiW5ass_FD0itZBbXRG2lxmFPL-_36ekU6NaaMzq9Sn737VvYkOeAFtfg7baP4m53cM5KkK5sWNedsJv6ytcrheQDC1YiC5VAYNHl6O_Vj4IBWR3O7N_DOvJtqtlnBIFmI-wk-rfWz1q7bqO00H2jToBqYOYELGo-_Zp2GpfGLIu0XkR28eL2kbE.4BA-sAU4VCTFIOHreGMoHUrhxDawDyyCCsMRifzg7Nk&dib_tag=se&keywords=RKWI+power+bank&nsdOptOutParam=true&qid=1785347105&sr=8-29
B0CSYNHHCW,Spigen,2599,3599,4.1,0,RK World InfoCom Private Limited,https://www.amazon.in/sspa/click?ie=UTF8&spc=MTo3MzE4MzU2MDczMzE2NjUxOjE3ODUzNDcxMDU6c3BfbXRmOjMwMDc0NTg4Mzg0NDkzMjo6MDo6&url=%2FSpigen-000mAh-Charging-Durable-Alloy%2Fdp%2FB0CSYNHHCW%2Fref%3Dsr_1_30_sspa%3Fdib%3DeyJ2IjoiMSJ9.x-PqX6KPcGr4Ap-lNrJQI7s_hzYhLbEq-rGYlKxQUlmATVjlj_ZqiW5ass_FD0itZBbXRG2lxmFPL-_36ekU6NaaMzq9Sn737VvYkOeAFtfg7baP4m53cM5KkK5sWNedsJv6ytcrheQDC1YiC5VAYNHl6O_Vj4IBWR3O7N_DOvJtqtlnBIFmI-wk-rfWz1q7bqO00H2jToBqYOYELGo-_Zp2GpfGLIu0XkR28eL2kbE.4BA-sAU4VCTFIOHreGMoHUrhxDawDyyCCsMRifzg7Nk%26dib_tag%3Dse%26keywords%3DRKWI%2Bpower%2Bbank%26nsdOptOutParam%3Dtrue%26qid%3D1785347105%26sr%3D8-30-spons%26aref%3DP3Sp7mc1Oq%26sp_csd%3Dd2lkZ2V0TmFtZT1zcF9tdGY%26psc%3D1&aref=P3Sp7mc1Oq&sp_cr=ZAZ
B0F8ZQFR12,AGARO,1122,1999,4.0,0,RK World InfoCom Private Limited,https://www.amazon.in/sspa/click?ie=UTF8&spc=MTo3MzE4MzU2MDczMzE2NjUxOjE3ODUzNDcxMDU6c3BfbXRmOjMwMDYyNzcyNDA2NDYzMjo6MDo6&url=%2FAGARO-Smartphones-Technology-Headphones-Hi-Powered%2Fdp%2FB0F8ZQFR12%2Fref%3Dsr_1_31_sspa%3Fdib%3DeyJ2IjoiMSJ9.x-PqX6KPcGr4Ap-lNrJQI7s_hzYhLbEq-rGYlKxQUlmATVjlj_ZqiW5ass_FD0itZBbXRG2lxmFPL-_36ekU6NaaMzq9Sn737VvYkOeAFtfg7baP4m53cM5KkK5sWNedsJv6ytcrheQDC1YiC5VAYNHl6O_Vj4IBWR3O7N_DOvJtqtlnBIFmI-wk-rfWz1q7bqO00H2jToBqYOYELGo-_Zp2GpfGLIu0XkR28eL2kbE.4BA-sAU4VCTFIOHreGMoHUrhxDawDyyCCsMRifzg7Nk%26dib_tag%3Dse%26keywords%3DRKWI%2Bpower%2Bbank%26nsdOptOutParam%3Dtrue%26qid%3D1785347105%26sr%3D8-31-spons%26aref%3D1PLuOBRX4Y%26sp_csd%3Dd2lkZ2V0TmFtZT1zcF9tdGY%26psc%3D1&aref=1PLuOBRX4Y&sp_cr=ZAZ
B0DBZJ5KS3,"Newly Launched Lava POWERMAX [10000mAh] 22.5W Premium Fast Charging Power Bank with Triple Charging Ports, Superior Graphic Design, Strong Polycarbonate Body & BIS Certified, Made in India (Black)",861,1999,4.1,9,RK World InfoCom Private Limited,https://www.amazon.in/Lava-PB22-10000mAh-Polycarbonate-Certified/dp/B0DBZJ5KS3/ref=sr_1_32?dib=eyJ2IjoiMSJ9.x-PqX6KPcGr4Ap-lNrJQI7s_hzYhLbEq-rGYlKxQUlmATVjlj_ZqiW5ass_FD0itZBbXRG2lxmFPL-_36ekU6NaaMzq9Sn737VvYkOeAFtfg7baP4m53cM5KkK5sWNedsJv6ytcrheQDC1YiC5VAYNHl6O_Vj4IBWR3O7N_DOvJtqtlnBIFmI-wk-rfWz1q7bqO00H2jToBqYOYELGo-_Zp2GpfGLIu0XkR28eL2kbE.4BA-sAU4VCTFIOHreGMoHUrhxDawDyyCCsMRifzg7Nk&dib_tag=se&keywords=RKWI+power+bank&nsdOptOutParam=true&qid=1785347105&sr=8-32
B0851WWXJC,Redmi,1959,3199,4.2,197,RK World InfoCom Private Limited,https://www.amazon.in/Redmi-20000mAh-Li-Polymer-Power-Charging/dp/B0851WWXJC/ref=sr_1_33?dib=eyJ2IjoiMSJ9.x-PqX6KPcGr4Ap-lNrJQI7s_hzYhLbEq-rGYlKxQUlmATVjlj_ZqiW5ass_FD0itZBbXRG2lxmFPL-_36ekU6NaaMzq9Sn737VvYkOeAFtfg7baP4m53cM5KkK5sWNedsJv6ytcrheQDC1YiC5VAYNHl6O_Vj4IBWR3O7N_DOvJtqtlnBIFmI-wk-rfWz1q7bqO00H2jToBqYOYELGo-_Zp2GpfGLIu0XkR28eL2kbE.4BA-sAU4VCTFIOHreGMoHUrhxDawDyyCCsMRifzg7Nk&dib_tag=se&keywords=RKWI+power+bank&nsdOptOutParam=true&qid=1785347105&sr=8-33
B0F6CPK5YZ,EVEREADY,1099,3499,3.8,157,RK World InfoCom Private Limited,https://www.amazon.in/Eveready-Charging-Overcharging-Protection-Compatible/dp/B0F6CPK5YZ/ref=sr_1_34?dib=eyJ2IjoiMSJ9.x-PqX6KPcGr4Ap-lNrJQI7s_hzYhLbEq-rGYlKxQUlmATVjlj_ZqiW5ass_FD0itZBbXRG2lxmFPL-_36ekU6NaaMzq9Sn737VvYkOeAFtfg7baP4m53cM5KkK5sWNedsJv6ytcrheQDC1YiC5VAYNHl6O_Vj4IBWR3O7N_DOvJtqtlnBIFmI-wk-rfWz1q7bqO00H2jToBqYOYELGo-_Zp2GpfGLIu0XkR28eL2kbE.4BA-sAU4VCTFIOHreGMoHUrhxDawDyyCCsMRifzg7Nk&dib_tag=se&keywords=RKWI+power+bank&nsdOptOutParam=true&qid=1785347105&sr=8-34
B0H4LV97B7,"EZ-790 10000mAh Fast Charging Power Bank with Wireless Charging, Built-in USB-C & Lightning Cables, Portable Charger with Foldable Stand",1599,,,15991599,RK World InfoCom Private Limited,https://www.amazon.in/Aurovolt-10000mAh-Charging-Wireless-Lightning/dp/B0H4LV97B7/ref=sr_1_35?dib=eyJ2IjoiMSJ9.x-PqX6KPcGr4Ap-lNrJQI7s_hzYhLbEq-rGYlKxQUlmATVjlj_ZqiW5ass_FD0itZBbXRG2lxmFPL-_36ekU6NaaMzq9Sn737VvYkOeAFtfg7baP4m53cM5KkK5sWNedsJv6ytcrheQDC1YiC5VAYNHl6O_Vj4IBWR3O7N_DOvJtqtlnBIFmI-wk-rfWz1q7bqO00H2jToBqYOYELGo-_Zp2GpfGLIu0XkR28eL2kbE.4BA-sAU4VCTFIOHreGMoHUrhxDawDyyCCsMRifzg7Nk&dib_tag=se&keywords=RKWI+power+bank&nsdOptOutParam=true&qid=1785347105&sr=8-35
B0DBYQ5MJ4,"Newly Launched Lava POWERMAX [10000mAh] 22.5W Premium Fast Charging Power Bank with Triple Charging Ports, Superior Graphic Design, Strong Polycarbonate Body & BIS Certified, Made in India (White)",831,1999,4.1,9,RK World InfoCom Private Limited,https://www.amazon.in/Lava-PB22-10000mAh-Polycarbonate-Certified/dp/B0DBYQ5MJ4/ref=sr_1_36?dib=eyJ2IjoiMSJ9.x-PqX6KPcGr4Ap-lNrJQI7s_hzYhLbEq-rGYlKxQUlmATVjlj_ZqiW5ass_FD0itZBbXRG2lxmFPL-_36ekU6NaaMzq9Sn737VvYkOeAFtfg7baP4m53cM5KkK5sWNedsJv6ytcrheQDC1YiC5VAYNHl6O_Vj4IBWR3O7N_DOvJtqtlnBIFmI-wk-rfWz1q7bqO00H2jToBqYOYELGo-_Zp2GpfGLIu0XkR28eL2kbE.4BA-sAU4VCTFIOHreGMoHUrhxDawDyyCCsMRifzg7Nk&dib_tag=se&keywords=RKWI+power+bank&nsdOptOutParam=true&qid=1785347105&sr=8-36
B0D7SBPF2B,IKALL,799,2499,1.0,1,RK World InfoCom Private Limited,https://www.amazon.in/IKALL-IKPB10-Charging-Digital-Display/dp/B0D7SBPF2B/ref=sr_1_37?dib=eyJ2IjoiMSJ9.x-PqX6KPcGr4Ap-lNrJQI7s_hzYhLbEq-rGYlKxQUlmATVjlj_ZqiW5ass_FD0itZBbXRG2lxmFPL-_36ekU6NaaMzq9Sn737VvYkOeAFtfg7baP4m53cM5KkK5sWNedsJv6ytcrheQDC1YiC5VAYNHl6O_Vj4IBWR3O7N_DOvJtqtlnBIFmI-wk-rfWz1q7bqO00H2jToBqYOYELGo-_Zp2GpfGLIu0XkR28eL2kbE.4BA-sAU4VCTFIOHreGMoHUrhxDawDyyCCsMRifzg7Nk&dib_tag=se&keywords=RKWI+power+bank&nsdOptOutParam=true&qid=1785347105&sr=8-37
B0DV92MBGK,Phonokart,2227,3999,4.1,20,RK World InfoCom Private Limited,https://www.amazon.in/Phonokart-TB-03-Powerbank-Detachable-Compatible/dp/B0DV92MBGK/ref=sr_1_38?dib=eyJ2IjoiMSJ9.x-PqX6KPcGr4Ap-lNrJQI7s_hzYhLbEq-rGYlKxQUlmATVjlj_ZqiW5ass_FD0itZBbXRG2lxmFPL-_36ekU6NaaMzq9Sn737VvYkOeAFtfg7baP4m53cM5KkK5sWNedsJv6ytcrheQDC1YiC5VAYNHl6O_Vj4IBWR3O7N_DOvJtqtlnBIFmI-wk-rfWz1q7bqO00H2jToBqYOYELGo-_Zp2GpfGLIu0XkR28eL2kbE.4BA-sAU4VCTFIOHreGMoHUrhxDawDyyCCsMRifzg7Nk&dib_tag=se&keywords=RKWI+power+bank&nsdOptOutParam=true&qid=1785347105&sr=8-38
B0D8Q8LN4N,IKALL,1299,2799,2.9,3,RK World InfoCom Private Limited,https://www.amazon.in/IKALL-IKPB20D-Charging-Digital-Display/dp/B0D8Q8LN4N/ref=sr_1_39?dib=eyJ2IjoiMSJ9.x-PqX6KPcGr4Ap-lNrJQI7s_hzYhLbEq-rGYlKxQUlmATVjlj_ZqiW5ass_FD0itZBbXRG2lxmFPL-_36ekU6NaaMzq9Sn737VvYkOeAFtfg7baP4m53cM5KkK5sWNedsJv6ytcrheQDC1YiC5VAYNHl6O_Vj4IBWR3O7N_DOvJtqtlnBIFmI-wk-rfWz1q7bqO00H2jToBqYOYELGo-_Zp2GpfGLIu0XkR28eL2kbE.4BA-sAU4VCTFIOHreGMoHUrhxDawDyyCCsMRifzg7Nk&dib_tag=se&keywords=RKWI+power+bank&nsdOptOutParam=true&qid=1785347105&sr=8-39
B0FKN8WWHD,Waterproof 10000mAh Solar Power Bank PD22.5W Fast Charging with Wireless & Outdoor Lighting,5060,12649,,50605060126491264912649,RK World InfoCom Private Limited,https://www.amazon.in/Yashidun%C2%AE-Waterproof-10000mAh-Charging-Wireless/dp/B0FKN8WWHD/ref=sr_1_40?dib=eyJ2IjoiMSJ9.x-PqX6KPcGr4Ap-lNrJQI7s_hzYhLbEq-rGYlKxQUlmATVjlj_ZqiW5ass_FD0itZBbXRG2lxmFPL-_36ekU6NaaMzq9Sn737VvYkOeAFtfg7baP4m53cM5KkK5sWNedsJv6ytcrheQDC1YiC5VAYNHl6O_Vj4IBWR3O7N_DOvJtqtlnBIFmI-wk-rfWz1q7bqO00H2jToBqYOYELGo-_Zp2GpfGLIu0XkR28eL2kbE.4BA-sAU4VCTFIOHreGMoHUrhxDawDyyCCsMRifzg7Nk&dib_tag=se&keywords=RKWI+power+bank&nsdOptOutParam=true&qid=1785347105&sr=8-40
B0D7ZSNQNL,IKALL,799,2499,2.8,5,RK World InfoCom Private Limited,https://www.amazon.in/IKALL-IKPB10M-Charging-Delivery-Digital/dp/B0D7ZSNQNL/ref=sr_1_41?dib=eyJ2IjoiMSJ9.x-PqX6KPcGr4Ap-lNrJQI7s_hzYhLbEq-rGYlKxQUlmATVjlj_ZqiW5ass_FD0itZBbXRG2lxmFPL-_36ekU6NaaMzq9Sn737VvYkOeAFtfg7baP4m53cM5KkK5sWNedsJv6ytcrheQDC1YiC5VAYNHl6O_Vj4IBWR3O7N_DOvJtqtlnBIFmI-wk-rfWz1q7bqO00H2jToBqYOYELGo-_Zp2GpfGLIu0XkR28eL2kbE.4BA-sAU4VCTFIOHreGMoHUrhxDawDyyCCsMRifzg7Nk&dib_tag=se&keywords=RKWI+power+bank&nsdOptOutParam=true&qid=1785347105&sr=8-41
B0DKC26WTY,E GATE,890,1800,3.6,0,RK World InfoCom Private Limited,https://www.amazon.in/sspa/click?ie=UTF8&spc=MTo2NjI0MTc2MTY3NTQ4MzQzOjE3ODUzNDcxMTA6c3BfYXRmX25leHQ6MzAxMTg3OTgxNDkzNDMyOjowOjo&url=%2FGATE-20000mah-charging-Lightening-Android%2Fdp%2FB0DKC26WTY%2Fref%3Dsr_1_35_sspa%3Fdib%3DeyJ2IjoiMSJ9.KF9uXJegoj0TrcQB-2xsasBJXWPy6-ZzUkAqaHEVR8SffWfeX-YT69ix_Xb1kH93DfWW-96npzN2_4fjbi_SoeFHvG1FTbWt-wKXK4KzHQgoMLTN4clQkdYGw44oam-CLKMQ2496KMov1dgw0Hu7mHf1NJtLA525FkHAu0XqU9sRTlYFSfp5z7XzQpG5oOw-lS5XSe1nBrQkQl0YJtrclB7X7gTItnMXxPhi53YdAZk.jLHPT6BH7DJarHf7IOsEzp3bNs46NtFbNyHSKDziW2Y%26dib_tag%3Dse%26keywords%3DRKWI%2Bpower%2Bbank%26nsdOptOutParam%3Dtrue%26qid%3D1785347110%26sr%3D8-35-spons%26aref%3D3cRCYL2tZs%26sp_csd%3Dd2lkZ2V0TmFtZT1zcF9hdGZfbmV4dA%26psc%3D1&aref=3cRCYL2tZs&sp_cr=ZAZ
B0GW3P9DYY,"XOM voltX-1 Portable Power Bank, 10000mAh, Lithium-Polymer Battery, Dual Input and Output",649,1499,,649649149914991499,RK World InfoCom Private Limited,https://www.amazon.in/voltX-1-Portable-10000mAh-Lithium-Polymer-Battery/dp/B0GW3P9DYY/ref=sr_1_36?dib=eyJ2IjoiMSJ9.KF9uXJegoj0TrcQB-2xsasBJXWPy6-ZzUkAqaHEVR8SffWfeX-YT69ix_Xb1kH93DfWW-96npzN2_4fjbi_SoeFHvG1FTbWt-wKXK4KzHQgoMLTN4clQkdYGw44oam-CLKMQ2496KMov1dgw0Hu7mHf1NJtLA525FkHAu0XqU9sRTlYFSfp5z7XzQpG5oOw-lS5XSe1nBrQkQl0YJtrclB7X7gTItnMXxPhi53YdAZk.jLHPT6BH7DJarHf7IOsEzp3bNs46NtFbNyHSKDziW2Y&dib_tag=se&keywords=RKWI+power+bank&nsdOptOutParam=true&qid=1785347110&sr=8-36
B0D49VC5M3,pTron,1349,3999,3.9,31,RK World InfoCom Private Limited,https://www.amazon.in/pTron-Dynamo-10000mAh-Charging-Certified/dp/B0D49VC5M3/ref=sr_1_37?dib=eyJ2IjoiMSJ9.KF9uXJegoj0TrcQB-2xsasBJXWPy6-ZzUkAqaHEVR8SffWfeX-YT69ix_Xb1kH93DfWW-96npzN2_4fjbi_SoeFHvG1FTbWt-wKXK4KzHQgoMLTN4clQkdYGw44oam-CLKMQ2496KMov1dgw0Hu7mHf1NJtLA525FkHAu0XqU9sRTlYFSfp5z7XzQpG5oOw-lS5XSe1nBrQkQl0YJtrclB7X7gTItnMXxPhi53YdAZk.jLHPT6BH7DJarHf7IOsEzp3bNs46NtFbNyHSKDziW2Y&dib_tag=se&keywords=RKWI+power+bank&nsdOptOutParam=true&qid=1785347110&sr=8-37
B0GQDNQK1T,JUST CORSECA,1999,7499,,19991999749974997499,RK World InfoCom Private Limited,https://www.amazon.in/JUST-CORSECA-SparkVolt-10000mAh-Lightning/dp/B0GQDNQK1T/ref=sr_1_40?dib=eyJ2IjoiMSJ9.KF9uXJegoj0TrcQB-2xsasBJXWPy6-ZzUkAqaHEVR8SffWfeX-YT69ix_Xb1kH93DfWW-96npzN2_4fjbi_SoeFHvG1FTbWt-wKXK4KzHQgoMLTN4clQkdYGw44oam-CLKMQ2496KMov1dgw0Hu7mHf1NJtLA525FkHAu0XqU9sRTlYFSfp5z7XzQpG5oOw-lS5XSe1nBrQkQl0YJtrclB7X7gTItnMXxPhi53YdAZk.jLHPT6BH7DJarHf7IOsEzp3bNs46NtFbNyHSKDziW2Y&dib_tag=se&keywords=RKWI+power+bank&nsdOptOutParam=true&qid=1785347110&sr=8-40
B0FKN8SP4V,Outdoor Solar Power Bank with 4-Wire Output Wireless Charging Waterproof Shockproof Dustproof,6979,17449,,69796979174491744917449,RK World InfoCom Private Limited,https://www.amazon.in/Yashidun%C2%AE-Wireless-Waterproof-Shockproof-Dustproof/dp/B0FKN8SP4V/ref=sr_1_41?dib=eyJ2IjoiMSJ9.KF9uXJegoj0TrcQB-2xsasBJXWPy6-ZzUkAqaHEVR8SffWfeX-YT69ix_Xb1kH93DfWW-96npzN2_4fjbi_SoeFHvG1FTbWt-wKXK4KzHQgoMLTN4clQkdYGw44oam-CLKMQ2496KMov1dgw0Hu7mHf1NJtLA525FkHAu0XqU9sRTlYFSfp5z7XzQpG5oOw-lS5XSe1nBrQkQl0YJtrclB7X7gTItnMXxPhi53YdAZk.jLHPT6BH7DJarHf7IOsEzp3bNs46NtFbNyHSKDziW2Y&dib_tag=se&keywords=RKWI+power+bank&nsdOptOutParam=true&qid=1785347110&sr=8-41
B0C7C7Z2VX,boAt,999,2999,3.7,0,RK World InfoCom Private Limited,https://www.amazon.in/sspa/click?ie=UTF8&spc=MTo2NjI0MTc2MTY3NTQ4MzQzOjE3ODUzNDcxMTA6c3BfbXRmOjMwMDY1ODE3MTY1MDczMjo6MDo6&url=%2FboAt-Energyshroom-PB300-Protection-Indicators%2Fdp%2FB0C7C7Z2VX%2Fref%3Dsr_1_42_sspa%3Fdib%3DeyJ2IjoiMSJ9.KF9uXJegoj0TrcQB-2xsasBJXWPy6-ZzUkAqaHEVR8SffWfeX-YT69ix_Xb1kH93DfWW-96npzN2_4fjbi_SoeFHvG1FTbWt-wKXK4KzHQgoMLTN4clQkdYGw44oam-CLKMQ2496KMov1dgw0Hu7mHf1NJtLA525FkHAu0XqU9sRTlYFSfp5z7XzQpG5oOw-lS5XSe1nBrQkQl0YJtrclB7X7gTItnMXxPhi53YdAZk.jLHPT6BH7DJarHf7IOsEzp3bNs46NtFbNyHSKDziW2Y%26dib_tag%3Dse%26keywords%3DRKWI%2Bpower%2Bbank%26nsdOptOutParam%3Dtrue%26qid%3D1785347110%26sr%3D8-42-spons%26aref%3DhiJq4kVEzM%26sp_csd%3Dd2lkZ2V0TmFtZT1zcF9tdGY%26psc%3D1&aref=hiJq4kVEzM&sp_cr=ZAZ
B0CZHWY9TG,ZEBRONICS,895,1999,3.7,19,RK World InfoCom Private Limited,https://www.amazon.in/ZEBRONICS-MB10000S13-Protections-Percentage-Indicator/dp/B0CZHWY9TG/ref=sr_1_44?dib=eyJ2IjoiMSJ9.KF9uXJegoj0TrcQB-2xsasBJXWPy6-ZzUkAqaHEVR8SffWfeX-YT69ix_Xb1kH93DfWW-96npzN2_4fjbi_SoeFHvG1FTbWt-wKXK4KzHQgoMLTN4clQkdYGw44oam-CLKMQ2496KMov1dgw0Hu7mHf1NJtLA525FkHAu0XqU9sRTlYFSfp5z7XzQpG5oOw-lS5XSe1nBrQkQl0YJtrclB7X7gTItnMXxPhi53YdAZk.jLHPT6BH7DJarHf7IOsEzp3bNs46NtFbNyHSKDziW2Y&dib_tag=se&keywords=RKWI+power+bank&nsdOptOutParam=true&qid=1785347110&sr=8-44
B0FKN2JSLW,Solar Power Bank PD22.5W Fast Charging Mobile Battery with Cable Large Capacity Backup Charger,9843,24609,1.0,1,RK World InfoCom Private Limited,https://www.amazon.in/Yashidun%C2%AE-PD22-5W-Charging-Battery-Capacity/dp/B0FKN2JSLW/ref=sr_1_45?dib=eyJ2IjoiMSJ9.KF9uXJegoj0TrcQB-2xsasBJXWPy6-ZzUkAqaHEVR8SffWfeX-YT69ix_Xb1kH93DfWW-96npzN2_4fjbi_SoeFHvG1FTbWt-wKXK4KzHQgoMLTN4clQkdYGw44oam-CLKMQ2496KMov1dgw0Hu7mHf1NJtLA525FkHAu0XqU9sRTlYFSfp5z7XzQpG5oOw-lS5XSe1nBrQkQl0YJtrclB7X7gTItnMXxPhi53YdAZk.jLHPT6BH7DJarHf7IOsEzp3bNs46NtFbNyHSKDziW2Y&dib_tag=se&keywords=RKWI+power+bank&nsdOptOutParam=true&qid=1785347110&sr=8-45
B0D674WD3J,Ambrane,4998,9999,3.0,0,RK World InfoCom Private Limited,https://www.amazon.in/sspa/click?ie=UTF8&spc=MTo2NjI0MTc2MTY3NTQ4MzQzOjE3ODUzNDcxMTA6c3BfbXRmOjMwMDMyNTQzNjk4NjQzMjo6MDo6&url=%2FAmbrane-Powerbank-Universal-Aerosync-65%2Fdp%2FB0D674WD3J%2Fref%3Dsr_1_46_sspa%3Fdib%3DeyJ2IjoiMSJ9.KF9uXJegoj0TrcQB-2xsasBJXWPy6-ZzUkAqaHEVR8SffWfeX-YT69ix_Xb1kH93DfWW-96npzN2_4fjbi_SoeFHvG1FTbWt-wKXK4KzHQgoMLTN4clQkdYGw44oam-CLKMQ2496KMov1dgw0Hu7mHf1NJtLA525FkHAu0XqU9sRTlYFSfp5z7XzQpG5oOw-lS5XSe1nBrQkQl0YJtrclB7X7gTItnMXxPhi53YdAZk.jLHPT6BH7DJarHf7IOsEzp3bNs46NtFbNyHSKDziW2Y%26dib_tag%3Dse%26keywords%3DRKWI%2Bpower%2Bbank%26nsdOptOutParam%3Dtrue%26qid%3D1785347110%26sr%3D8-46-spons%26aref%3Dh5RL0A2muL%26sp_csd%3Dd2lkZ2V0TmFtZT1zcF9tdGY%26psc%3D1&aref=h5RL0A2muL&sp_cr=ZAZ
B0FKN7DFX9,Outdoor Solar Power Bank with 4-Wire Output Wireless Charging Waterproof Shockproof Dustproof,7400,18499,,74007400184991849918499,RK World InfoCom Private Limited,https://www.amazon.in/Yashidun%C2%AE-Wireless-Waterproof-Shockproof-Dustproof/dp/B0FKN7DFX9/ref=sr_1_48?dib=eyJ2IjoiMSJ9.KF9uXJegoj0TrcQB-2xsasBJXWPy6-ZzUkAqaHEVR8SffWfeX-YT69ix_Xb1kH93DfWW-96npzN2_4fjbi_SoeFHvG1FTbWt-wKXK4KzHQgoMLTN4clQkdYGw44oam-CLKMQ2496KMov1dgw0Hu7mHf1NJtLA525FkHAu0XqU9sRTlYFSfp5z7XzQpG5oOw-lS5XSe1nBrQkQl0YJtrclB7X7gTItnMXxPhi53YdAZk.jLHPT6BH7DJarHf7IOsEzp3bNs46NtFbNyHSKDziW2Y&dib_tag=se&keywords=RKWI+power+bank&nsdOptOutParam=true&qid=1785347110&sr=8-48
B077S81Y9S,Generic,282,655,3.5,406,RK World InfoCom Private Limited,https://www.amazon.in/Mobile-Power-Battery-Charger-Module/dp/B077S81Y9S/ref=sr_1_49?dib=eyJ2IjoiMSJ9.KF9uXJegoj0TrcQB-2xsasBJXWPy6-ZzUkAqaHEVR8SffWfeX-YT69ix_Xb1kH93DfWW-96npzN2_4fjbi_SoeFHvG1FTbWt-wKXK4KzHQgoMLTN4clQkdYGw44oam-CLKMQ2496KMov1dgw0Hu7mHf1NJtLA525FkHAu0XqU9sRTlYFSfp5z7XzQpG5oOw-lS5XSe1nBrQkQl0YJtrclB7X7gTItnMXxPhi53YdAZk.jLHPT6BH7DJarHf7IOsEzp3bNs46NtFbNyHSKDziW2Y&dib_tag=se&keywords=RKWI+power+bank&nsdOptOutParam=true&qid=1785347110&sr=8-49
B0CVL4XB4P,"Shargeek ICEMAG Magnetic Power Bank,World's First 10000Mah Battery Pack with Active Cooling for Magsafe,Transparent Portable Charger with 20W USB-C Input/Output for iPhone15/15 Pro/15 Pro Max/14/13",,,3.9,57,RK World InfoCom Private Limited,https://www.amazon.in/ICEMAG-Magnetic-10000mAh-Transparent-Portable/dp/B0CVL4XB4P/ref=sr_1_50?dib=eyJ2IjoiMSJ9.KF9uXJegoj0TrcQB-2xsasBJXWPy6-ZzUkAqaHEVR8SffWfeX-YT69ix_Xb1kH93DfWW-96npzN2_4fjbi_SoeFHvG1FTbWt-wKXK4KzHQgoMLTN4clQkdYGw44oam-CLKMQ2496KMov1dgw0Hu7mHf1NJtLA525FkHAu0XqU9sRTlYFSfp5z7XzQpG5oOw-lS5XSe1nBrQkQl0YJtrclB7X7gTItnMXxPhi53YdAZk.jLHPT6BH7DJarHf7IOsEzp3bNs46NtFbNyHSKDziW2Y&dib_tag=se&keywords=RKWI+power+bank&nsdOptOutParam=true&qid=1785347110&sr=8-50
B0D8PQ3X8N,IKALL,1299,2999,3.6,2,RK World InfoCom Private Limited,https://www.amazon.in/IKALL-IKPB20-Charging-Digital-Display/dp/B0D8PQ3X8N/ref=sr_1_51?dib=eyJ2IjoiMSJ9.KF9uXJegoj0TrcQB-2xsasBJXWPy6-ZzUkAqaHEVR8SffWfeX-YT69ix_Xb1kH93DfWW-96npzN2_4fjbi_SoeFHvG1FTbWt-wKXK4KzHQgoMLTN4clQkdYGw44oam-CLKMQ2496KMov1dgw0Hu7mHf1NJtLA525FkHAu0XqU9sRTlYFSfp5z7XzQpG5oOw-lS5XSe1nBrQkQl0YJtrclB7X7gTItnMXxPhi53YdAZk.jLHPT6BH7DJarHf7IOsEzp3bNs46NtFbNyHSKDziW2Y&dib_tag=se&keywords=RKWI+power+bank&nsdOptOutParam=true&qid=1785347110&sr=8-51
B0H62P2YZ4,"Luxe 10000mAh Power Bank with 22.5W Fast Charging, LED Display, Dual Built-in Cable, Quick Charge 3.0 & Multi-Protection (LP-251)",1299,2499,,12991299249924992499,RK World InfoCom Private Limited,https://www.amazon.in/C-KOZA-10000mAh-Charging-Display-Multi-Protection/dp/B0H62P2YZ4/ref=sr_1_52?dib=eyJ2IjoiMSJ9.KF9uXJegoj0TrcQB-2xsasBJXWPy6-ZzUkAqaHEVR8SffWfeX-YT69ix_Xb1kH93DfWW-96npzN2_4fjbi_SoeFHvG1FTbWt-wKXK4KzHQgoMLTN4clQkdYGw44oam-CLKMQ2496KMov1dgw0Hu7mHf1NJtLA525FkHAu0XqU9sRTlYFSfp5z7XzQpG5oOw-lS5XSe1nBrQkQl0YJtrclB7X7gTItnMXxPhi53YdAZk.jLHPT6BH7DJarHf7IOsEzp3bNs46NtFbNyHSKDziW2Y&dib_tag=se&keywords=RKWI+power+bank&nsdOptOutParam=true&qid=1785347110&sr=8-52
B0CKHXJDQF,Portronics,999,1999,3.8,654,RK World InfoCom Private Limited,https://www.amazon.in/Portronics-Luxcell-Designer-Output-Indicator/dp/B0CKHXJDQF/ref=sr_1_53?dib=eyJ2IjoiMSJ9.KF9uXJegoj0TrcQB-2xsasBJXWPy6-ZzUkAqaHEVR8SffWfeX-YT69ix_Xb1kH93DfWW-96npzN2_4fjbi_SoeFHvG1FTbWt-wKXK4KzHQgoMLTN4clQkdYGw44oam-CLKMQ2496KMov1dgw0Hu7mHf1NJtLA525FkHAu0XqU9sRTlYFSfp5z7XzQpG5oOw-lS5XSe1nBrQkQl0YJtrclB7X7gTItnMXxPhi53YdAZk.jLHPT6BH7DJarHf7IOsEzp3bNs46NtFbNyHSKDziW2Y&dib_tag=se&keywords=RKWI+power+bank&nsdOptOutParam=true&qid=1785347110&sr=8-53
B0B5V679K2,Unix,1250,2999,2.5,2,RK World InfoCom Private Limited,https://www.amazon.in/Unix-10000-Power-Lithium-Polymer/dp/B0B5V679K2/ref=sr_1_54?dib=eyJ2IjoiMSJ9.KF9uXJegoj0TrcQB-2xsasBJXWPy6-ZzUkAqaHEVR8SffWfeX-YT69ix_Xb1kH93DfWW-96npzN2_4fjbi_SoeFHvG1FTbWt-wKXK4KzHQgoMLTN4clQkdYGw44oam-CLKMQ2496KMov1dgw0Hu7mHf1NJtLA525FkHAu0XqU9sRTlYFSfp5z7XzQpG5oOw-lS5XSe1nBrQkQl0YJtrclB7X7gTItnMXxPhi53YdAZk.jLHPT6BH7DJarHf7IOsEzp3bNs46NtFbNyHSKDziW2Y&dib_tag=se&keywords=RKWI+power+bank&nsdOptOutParam=true&qid=1785347110&sr=8-54
B0FKN5CK92,Solar Power Bank PD22.5W Fast Charging Mobile Battery with Cable Large Capacity Backup Charger,12535,31339,1.0,1,RK World InfoCom Private Limited,https://www.amazon.in/Yashidun%C2%AE-PD22-5W-Charging-Battery-Capacity/dp/B0FKN5CK92/ref=sr_1_55?dib=eyJ2IjoiMSJ9.KF9uXJegoj0TrcQB-2xsasBJXWPy6-ZzUkAqaHEVR8SffWfeX-YT69ix_Xb1kH93DfWW-96npzN2_4fjbi_SoeFHvG1FTbWt-wKXK4KzHQgoMLTN4clQkdYGw44oam-CLKMQ2496KMov1dgw0Hu7mHf1NJtLA525FkHAu0XqU9sRTlYFSfp5z7XzQpG5oOw-lS5XSe1nBrQkQl0YJtrclB7X7gTItnMXxPhi53YdAZk.jLHPT6BH7DJarHf7IOsEzp3bNs46NtFbNyHSKDziW2Y&dib_tag=se&keywords=RKWI+power+bank&nsdOptOutParam=true&qid=1785347110&sr=8-55
B0FCM91CY7,Lenyes,,,,1,RK World InfoCom Private Limited,https://www.amazon.in/Lenyes-PX269D-20000mAh-Charging-Pass-Through/dp/B0FCM91CY7/ref=sr_1_56?dib=eyJ2IjoiMSJ9.KF9uXJegoj0TrcQB-2xsasBJXWPy6-ZzUkAqaHEVR8SffWfeX-YT69ix_Xb1kH93DfWW-96npzN2_4fjbi_SoeFHvG1FTbWt-wKXK4KzHQgoMLTN4clQkdYGw44oam-CLKMQ2496KMov1dgw0Hu7mHf1NJtLA525FkHAu0XqU9sRTlYFSfp5z7XzQpG5oOw-lS5XSe1nBrQkQl0YJtrclB7X7gTItnMXxPhi53YdAZk.jLHPT6BH7DJarHf7IOsEzp3bNs46NtFbNyHSKDziW2Y&dib_tag=se&keywords=RKWI+power+bank&nsdOptOutParam=true&qid=1785347110&sr=8-56
B0FKN588H4,Solar Power Bank 10000mAh with Four Built-in Cables and Larg Capacity Battery Backup,3669,8319,,36693669831983198319,RK World InfoCom Private Limited,https://www.amazon.in/Yashidun%C2%AE-10000mAh-Built-Capacity-Battery/dp/B0FKN588H4/ref=sr_1_57?dib=eyJ2IjoiMSJ9.KF9uXJegoj0TrcQB-2xsasBJXWPy6-ZzUkAqaHEVR8SffWfeX-YT69ix_Xb1kH93DfWW-96npzN2_4fjbi_SoeFHvG1FTbWt-wKXK4KzHQgoMLTN4clQkdYGw44oam-CLKMQ2496KMov1dgw0Hu7mHf1NJtLA525FkHAu0XqU9sRTlYFSfp5z7XzQpG5oOw-lS5XSe1nBrQkQl0YJtrclB7X7gTItnMXxPhi53YdAZk.jLHPT6BH7DJarHf7IOsEzp3bNs46NtFbNyHSKDziW2Y&dib_tag=se&keywords=RKWI+power+bank&nsdOptOutParam=true&qid=1785347110&sr=8-57
B0DVC6R7GZ,ZEBRONICS,808,1999,4.0,62,RK World InfoCom Private Limited,https://www.amazon.in/ZEBRONICS-EnergiPod-Charging-Indicator-Android/dp/B0DVC6R7GZ/ref=sr_1_52?dib=eyJ2IjoiMSJ9.hdjYO4XpsNuDg_U8x31CdeXfPaM8pZUPc_TDjQm1BpxeuHaf6oMNgl0WtES7hgQvKjd6z00nEcE8DJMPxZ0ARFKXdbWhPAcT3oFiX_1kdIPW-CdPxNZqeSeTO5fI-PEfc60bZnos9dYJ7Nasu1m3fIu6KgCTmLdQ0oOBX9S0GGEisTepezpWZxLQS6mXq26f.tTnJIytW2-gWXZALvd_tnbMbz0Gv4USjsbB_ofzZEwk&dib_tag=se&keywords=RKWI+power+bank&nsdOptOutParam=true&qid=1785347114&sr=8-52
B077TDG134,Robocraze,369,36900,3.5,65,RK World InfoCom Private Limited,https://www.amazon.in/Robocraze-Overcharge-Over-Discharge-Overcurrent-Protection/dp/B077TDG134/ref=sr_1_53?dib=eyJ2IjoiMSJ9.hdjYO4XpsNuDg_U8x31CdeXfPaM8pZUPc_TDjQm1BpxeuHaf6oMNgl0WtES7hgQvKjd6z00nEcE8DJMPxZ0ARFKXdbWhPAcT3oFiX_1kdIPW-CdPxNZqeSeTO5fI-PEfc60bZnos9dYJ7Nasu1m3fIu6KgCTmLdQ0oOBX9S0GGEisTepezpWZxLQS6mXq26f.tTnJIytW2-gWXZALvd_tnbMbz0Gv4USjsbB_ofzZEwk&dib_tag=se&keywords=RKWI+power+bank&nsdOptOutParam=true&qid=1785347114&sr=8-53
B0CB69ZXCG,Unix,1100,2999,3.3,2,RK World InfoCom Private Limited,https://www.amazon.in/Unix-10000mAh-Li-Polymer-Multi-Layer-Protection/dp/B0CB69ZXCG/ref=sr_1_56?dib=eyJ2IjoiMSJ9.hdjYO4XpsNuDg_U8x31CdeXfPaM8pZUPc_TDjQm1BpxeuHaf6oMNgl0WtES7hgQvKjd6z00nEcE8DJMPxZ0ARFKXdbWhPAcT3oFiX_1kdIPW-CdPxNZqeSeTO5fI-PEfc60bZnos9dYJ7Nasu1m3fIu6KgCTmLdQ0oOBX9S0GGEisTepezpWZxLQS6mXq26f.tTnJIytW2-gWXZALvd_tnbMbz0Gv4USjsbB_ofzZEwk&dib_tag=se&keywords=RKWI+power+bank&nsdOptOutParam=true&qid=1785347114&sr=8-56
B0CB6BKXRX,Unix,1100,2999,2.8,7,RK World InfoCom Private Limited,https://www.amazon.in/UX-1518-10000mAh-Charging-Lightning-Digital/dp/B0CB6BKXRX/ref=sr_1_57?dib=eyJ2IjoiMSJ9.hdjYO4XpsNuDg_U8x31CdeXfPaM8pZUPc_TDjQm1BpxeuHaf6oMNgl0WtES7hgQvKjd6z00nEcE8DJMPxZ0ARFKXdbWhPAcT3oFiX_1kdIPW-CdPxNZqeSeTO5fI-PEfc60bZnos9dYJ7Nasu1m3fIu6KgCTmLdQ0oOBX9S0GGEisTepezpWZxLQS6mXq26f.tTnJIytW2-gWXZALvd_tnbMbz0Gv4USjsbB_ofzZEwk&dib_tag=se&keywords=RKWI+power+bank&nsdOptOutParam=true&qid=1785347114&sr=8-57
B0DDTVW3RS,IKALL,1529,2999,5.0,2,RK World InfoCom Private Limited,https://www.amazon.in/IKALL-Connector-Compatible-Smartphone-Smartwatch/dp/B0DDTVW3RS/ref=sr_1_60?dib=eyJ2IjoiMSJ9.hdjYO4XpsNuDg_U8x31CdeXfPaM8pZUPc_TDjQm1BpxeuHaf6oMNgl0WtES7hgQvKjd6z00nEcE8DJMPxZ0ARFKXdbWhPAcT3oFiX_1kdIPW-CdPxNZqeSeTO5fI-PEfc60bZnos9dYJ7Nasu1m3fIu6KgCTmLdQ0oOBX9S0GGEisTepezpWZxLQS6mXq26f.tTnJIytW2-gWXZALvd_tnbMbz0Gv4USjsbB_ofzZEwk&dib_tag=se&keywords=RKWI+power+bank&nsdOptOutParam=true&qid=1785347114&sr=8-60
B0CB6B818G,Unix,1100,2999,3.3,2,RK World InfoCom Private Limited,https://www.amazon.in/Unix-10000mAh-Li-Polymer-Multi-Layer-Protection/dp/B0CB6B818G/ref=sr_1_61?dib=eyJ2IjoiMSJ9.hdjYO4XpsNuDg_U8x31CdeXfPaM8pZUPc_TDjQm1BpxeuHaf6oMNgl0WtES7hgQvKjd6z00nEcE8DJMPxZ0ARFKXdbWhPAcT3oFiX_1kdIPW-CdPxNZqeSeTO5fI-PEfc60bZnos9dYJ7Nasu1m3fIu6KgCTmLdQ0oOBX9S0GGEisTepezpWZxLQS6mXq26f.tTnJIytW2-gWXZALvd_tnbMbz0Gv4USjsbB_ofzZEwk&dib_tag=se&keywords=RKWI+power+bank&nsdOptOutParam=true&qid=1785347114&sr=8-61
B0GLY6DPLP,5V 1A DIY USB Power Bank Shell Portable 2X 18650 Battery Power Bank Case with LED Display White|1 Set Powerbank PCBA Case Kit.|Collectibles|Collectibles|Collectibles|Collectibles,910,1229,,910910122912291229,RK World InfoCom Private Limited,https://www.amazon.in/HEAVENGLOW-Portable-Battery-Powerbank-Collectibles/dp/B0GLY6DPLP/ref=sr_1_64?dib=eyJ2IjoiMSJ9.hdjYO4XpsNuDg_U8x31CdeXfPaM8pZUPc_TDjQm1BpxeuHaf6oMNgl0WtES7hgQvKjd6z00nEcE8DJMPxZ0ARFKXdbWhPAcT3oFiX_1kdIPW-CdPxNZqeSeTO5fI-PEfc60bZnos9dYJ7Nasu1m3fIu6KgCTmLdQ0oOBX9S0GGEisTepezpWZxLQS6mXq26f.tTnJIytW2-gWXZALvd_tnbMbz0Gv4USjsbB_ofzZEwk&dib_tag=se&keywords=RKWI+power+bank&nsdOptOutParam=true&qid=1785347114&sr=8-64
B0G5Q5N3KM,"Power Bank PBK250, 20000mAh True Capacity, 22.5W PD Fast Charge, USB Type-C",,,,1,RK World InfoCom Private Limited,https://www.amazon.in/VOYX-PBK250-20000mAh-Capacity-Charge/dp/B0G5Q5N3KM/ref=sr_1_65?dib=eyJ2IjoiMSJ9.hdjYO4XpsNuDg_U8x31CdeXfPaM8pZUPc_TDjQm1BpxeuHaf6oMNgl0WtES7hgQvKjd6z00nEcE8DJMPxZ0ARFKXdbWhPAcT3oFiX_1kdIPW-CdPxNZqeSeTO5fI-PEfc60bZnos9dYJ7Nasu1m3fIu6KgCTmLdQ0oOBX9S0GGEisTepezpWZxLQS6mXq26f.tTnJIytW2-gWXZALvd_tnbMbz0Gv4USjsbB_ofzZEwk&dib_tag=se&keywords=RKWI+power+bank&nsdOptOutParam=true&qid=1785347114&sr=8-65
B0BRNGCHXT,Unix,1499,2999,,14991499299929992999,RK World InfoCom Private Limited,https://www.amazon.in/Unix-10000mAh-Multi-Layer-Protection-Li-Polymer/dp/B0BRNGCHXT/ref=sr_1_66?dib=eyJ2IjoiMSJ9.hdjYO4XpsNuDg_U8x31CdeXfPaM8pZUPc_TDjQm1BpxeuHaf6oMNgl0WtES7hgQvKjd6z00nEcE8DJMPxZ0ARFKXdbWhPAcT3oFiX_1kdIPW-CdPxNZqeSeTO5fI-PEfc60bZnos9dYJ7Nasu1m3fIu6KgCTmLdQ0oOBX9S0GGEisTepezpWZxLQS6mXq26f.tTnJIytW2-gWXZALvd_tnbMbz0Gv4USjsbB_ofzZEwk&dib_tag=se&keywords=RKWI+power+bank&nsdOptOutParam=true&qid=1785347114&sr=8-66
B09SQ5QHPC,Unix,1449,2999,3.1,65,RK World InfoCom Private Limited,https://www.amazon.in/Unix-20000-Charging-Lithium-Polymer/dp/B09SQ5QHPC/ref=sr_1_67?dib=eyJ2IjoiMSJ9.hdjYO4XpsNuDg_U8x31CdeXfPaM8pZUPc_TDjQm1BpxeuHaf6oMNgl0WtES7hgQvKjd6z00nEcE8DJMPxZ0ARFKXdbWhPAcT3oFiX_1kdIPW-CdPxNZqeSeTO5fI-PEfc60bZnos9dYJ7Nasu1m3fIu6KgCTmLdQ0oOBX9S0GGEisTepezpWZxLQS6mXq26f.tTnJIytW2-gWXZALvd_tnbMbz0Gv4USjsbB_ofzZEwk&dib_tag=se&keywords=RKWI+power+bank&nsdOptOutParam=true&qid=1785347114&sr=8-67
B0DCGB25PN,Unix,1250,2999,,12501250299929992999,RK World InfoCom Private Limited,https://www.amazon.in/Unix-10000mAh-Li-Polymer-Multi-Layer-Protection/dp/B0DCGB25PN/ref=sr_1_68?dib=eyJ2IjoiMSJ9.hdjYO4XpsNuDg_U8x31CdeXfPaM8pZUPc_TDjQm1BpxeuHaf6oMNgl0WtES7hgQvKjd6z00nEcE8DJMPxZ0ARFKXdbWhPAcT3oFiX_1kdIPW-CdPxNZqeSeTO5fI-PEfc60bZnos9dYJ7Nasu1m3fIu6KgCTmLdQ0oOBX9S0GGEisTepezpWZxLQS6mXq26f.tTnJIytW2-gWXZALvd_tnbMbz0Gv4USjsbB_ofzZEwk&dib_tag=se&keywords=RKWI+power+bank&nsdOptOutParam=true&qid=1785347114&sr=8-68
B0DPCJH236,Kratos,,,3.8,291,RK World InfoCom Private Limited,https://www.amazon.in/Kratos-PowerBank-10000-Charging-Output/dp/B0DPCJH236/ref=sr_1_69?dib=eyJ2IjoiMSJ9.hdjYO4XpsNuDg_U8x31CdeXfPaM8pZUPc_TDjQm1BpxeuHaf6oMNgl0WtES7hgQvKjd6z00nEcE8DJMPxZ0ARFKXdbWhPAcT3oFiX_1kdIPW-CdPxNZqeSeTO5fI-PEfc60bZnos9dYJ7Nasu1m3fIu6KgCTmLdQ0oOBX9S0GGEisTepezpWZxLQS6mXq26f.tTnJIytW2-gWXZALvd_tnbMbz0Gv4USjsbB_ofzZEwk&dib_tag=se&keywords=RKWI+power+bank&nsdOptOutParam=true&qid=1785347114&sr=8-69
B0FH5Z8QDF,"2X 21700 DIY Power Bank, Reliable Convenient 21700 DIY USB Power Bank Kit Professional for Cellphone(White)",3989,7978,,39893989797879787978,RK World InfoCom Private Limited,https://www.amazon.in/21700-Reliable-Convenient-Professional-Cellphone/dp/B0FH5Z8QDF/ref=sr_1_70?dib=eyJ2IjoiMSJ9.hdjYO4XpsNuDg_U8x31CdeXfPaM8pZUPc_TDjQm1BpxeuHaf6oMNgl0WtES7hgQvKjd6z00nEcE8DJMPxZ0ARFKXdbWhPAcT3oFiX_1kdIPW-CdPxNZqeSeTO5fI-PEfc60bZnos9dYJ7Nasu1m3fIu6KgCTmLdQ0oOBX9S0GGEisTepezpWZxLQS6mXq26f.tTnJIytW2-gWXZALvd_tnbMbz0Gv4USjsbB_ofzZEwk&dib_tag=se&keywords=RKWI+power+bank&nsdOptOutParam=true&qid=1785347114&sr=8-70
B0GVMS5LW1,Noise,1599,2999,4.1,0,RK World InfoCom Private Limited,https://www.amazon.in/sspa/click?ie=UTF8&spc=MTo1NTk5NjA0ODA4NTAwODU2OjE3ODUzNDcxMTk6c3BfbXRmOjMwMTE1NDQ3MTkwNTEzMjo6MDo6&url=%2FNoise-Launched-10000mAh-MagSafe-Wireless%2Fdp%2FB0GVMS5LW1%2Fref%3Dsr_1_71_sspa%3Fkeywords%3DRKWI%2Bpower%2Bbank%26nsdOptOutParam%3Dtrue%26qid%3D1785347119%26sr%3D8-71-spons%26aref%3D1Bjs9ljAxn%26sp_csd%3Dd2lkZ2V0TmFtZT1zcF9tdGY%26psc%3D1&aref=1Bjs9ljAxn&sp_cr=ZAZ
B0GL77KFYS,AGARO,3299,5999,4.0,0,RK World InfoCom Private Limited,https://www.amazon.in/sspa/click?ie=UTF8&spc=MTo2MjY0MTAwNDg2MTkwNjU2OjE3ODUzNDcxMjQ6c3BfbXRmOjMwMTE3NTcxMjI3OTYzMjo6MDo6&url=%2FAGARO-Lightning-Charging-smartwatch-earpods%2Fdp%2FB0GL77KFYS%2Fref%3Dsr_1_88_sspa%3Fkeywords%3DRKWI%2Bpower%2Bbank%26nsdOptOutParam%3Dtrue%26qid%3D1785347124%26sr%3D8-88-spons%26aref%3DGYqZCXQNMt%26sp_csd%3Dd2lkZ2V0TmFtZT1zcF9tdGY%26psc%3D1&aref=GYqZCXQNMt&sp_cr=ZAZ
B0FQV82HKL,GEONIX,999,2499,4.0,0,RK World InfoCom Private Limited,https://www.amazon.in/sspa/click?ie=UTF8&spc=MTo3NjU0NjQxMzczNTMyOTAzOjE3ODUzNDcxNDU6c3BfbXRmOjMwMDk3ODgyODIzMjMzMjo6MDo6&url=%2F20000mAh-Charging-Capacity-Portable-Warranty%2Fdp%2FB0FQV82HKL%2Fref%3Dsr_1_152_sspa%3Fkeywords%3DRKWI%2Bpower%2Bbank%26nsdOptOutParam%3Dtrue%26qid%3D1785347145%26sr%3D8-152-spons%26aref%3D5s8qN4qYm8%26sp_csd%3Dd2lkZ2V0TmFtZT1zcF9tdGY%26psc%3D1&aref=5s8qN4qYm8&sp_cr=ZAZ
B0DXFPM4N2,Audio Array,8999,12999,4.1,0,RK World InfoCom Private Limited,https://www.amazon.in/sspa/click?ie=UTF8&spc=MTo4Nzc3NDQ2NTgwNTM4OTUzOjE3ODUzNDcxOTY6c3BfYXRmOjMwMTE2OTI2NTA2ODIzMjo6MDo6&url=%2FAudio-Array-AM-S1-Professional-Amplification%2Fdp%2FB0DXFPM4N2%2Fref%3Dsr_1_1_sspa%3Fkeywords%3DRKWI%2Baudio%26nsdOptOutParam%3Dtrue%26qid%3D1785347196%26sr%3D8-1-spons%26aref%3DWbld2l5p5d%26sp_csd%3Dd2lkZ2V0TmFtZT1zcF9hdGY%26psc%3D1&aref=Wbld2l5p5d&sp_cr=ZAZ
B0B38RKJJT,Audient,65990,69800,2.7,0,RK World InfoCom Private Limited,https://www.amazon.in/sspa/click?ie=UTF8&spc=MTo4Nzc3NDQ2NTgwNTM4OTUzOjE3ODUzNDcxOTY6c3BfYXRmOjIwMTM1MDYzOTg3OTk4OjowOjo&url=%2FAudient-iD44-Resolution-Instrument-16-channel%2Fdp%2FB0B38RKJJT%2Fref%3Dsr_1_2_sspa%3Fkeywords%3DRKWI%2Baudio%26nsdOptOutParam%3Dtrue%26qid%3D1785347196%26sr%3D8-2-spons%26aref%3D2nsqR4D6FF%26sp_csd%3Dd2lkZ2V0TmFtZT1zcF9hdGY%26psc%3D1&aref=2nsqR4D6FF&sp_cr=ZAZ
B0GXP97CZG,Audio Array,3799,6999,3.9,0,RK World InfoCom Private Limited,https://www.amazon.in/sspa/click?ie=UTF8&spc=MToxNjI5MDU5Mzc4MDA5MTIzOjE3ODUzNDcyMDA6c3BfYXRmX25leHQ6MzAxMTc1ODEwNDMwMTMyOjowOjo&url=%2FAudio-Array-4-Channel-Channels-BE-4%2Fdp%2FB0GXP97CZG%2Fref%3Dsr_1_19_sspa%3Fkeywords%3DRKWI%2Baudio%26nsdOptOutParam%3Dtrue%26qid%3D1785347200%26sr%3D8-19-spons%26aref%3Dterb5yMA08%26sp_csd%3Dd2lkZ2V0TmFtZT1zcF9hdGZfbmV4dA%26psc%3D1&aref=terb5yMA08&sp_cr=ZAZ
B0DNB47F1D,Lenyes,9998,13999,3.9,0,RK World InfoCom Private Limited,https://www.amazon.in/sspa/click?ie=UTF8&spc=MTo0NzUyNzgzODE0MDM5MjY5OjE3ODUzNDcyNDk6c3BfYXRmX25leHQ6MzAwNzMzNTc1NTc2NTMyOjowOjo&url=%2FLenyes-S861-Portable-Rechargeable-Multi-connectivity%2Fdp%2FB0DNB47F1D%2Fref%3Dsr_1_179_sspa%3Fkeywords%3DRKWI%2Baudio%26nsdOptOutParam%3Dtrue%26qid%3D1785347249%26sr%3D8-179-spons%26aref%3D4LWbwAGufu%26sp_csd%3Dd2lkZ2V0TmFtZT1zcF9hdGZfbmV4dA%26psc%3D1&aref=4LWbwAGufu&sp_cr=ZAZ
B07BGVDQKH,VAULT,27499,13749.50,4.2,0,RK World InfoCom Private Limited,https://www.amazon.in/sspa/click?ie=UTF8&spc=MTo2MTkyMTAxODk5OTAzMjk2OjE3ODUzNDcyNTc6c3BfYXRmX25leHQ6MjAwMzYyNzM5MzY5OTg6OjA6Og&url=%2F8-Inch-Powered-Studio-Reference-Monitors%2Fdp%2FB07BGVDQKH%2Fref%3Dsr_1_211_sspa%3Fkeywords%3DRKWI%2Baudio%26nsdOptOutParam%3Dtrue%26qid%3D1785347257%26sr%3D8-211-spons%26aref%3De5TQ0rytba%26sp_csd%3Dd2lkZ2V0TmFtZT1zcF9hdGZfbmV4dA%26psc%3D1&aref=e5TQ0rytba&sp_cr=ZAZ
B0FVM34BQM,"DALUCI Top Load Fully Automatic Washing Machine Cover for 6 kg, 6.5 kg, 7kg & 7.5 kg | Waterproof & Dustproof Polyester Fabric with Zipper | Protective Cover for Washing Machine (Grey, 59X59X86 CM)",349,499,4.1,0,RK World InfoCom Private Limited,https://www.amazon.in/sspa/click?ie=UTF8&spc=MTo1MDI5MTM2OTc3MjQ0NjE0OjE3ODUzNDcyODc6c3BfYXRmOjMwMDgwNzg1MDkxNjczMjo6MDo6&url=%2FDALUCI-Automatic-Waterproof-Dustproof-Protective%2Fdp%2FB0FVM34BQM%2Fref%3Dsr_1_1_sspa%3Fkeywords%3DRKWI%2Bcover%26qid%3D1785347287%26sr%3D8-1-spons%26aref%3DhAQn3Bm5pM%26sp_csd%3Dd2lkZ2V0TmFtZT1zcF9hdGY%26psc%3D1&aref=hAQn3Bm5pM&sp_cr=ZAZ
B0DJZ9TPMG,"House of Quirk Dining Table Cover Waterproof for Kitchen Dining, Polyester Table Cloth Dust and Oil Repellent, Kitchen Décor (140x180cm, Bronze Chakra, 1 Table Cover + 4 Chair Cover), rectangular",1499,3999,4.0,0,RK World InfoCom Private Limited,https://www.amazon.in/sspa/click?ie=UTF8&spc=MTo1MDI5MTM2OTc3MjQ0NjE0OjE3ODUzNDcyODc6c3BfYXRmOjMwMDU5NjQyMDAwMjMzMjo6MDo6&url=%2FHouse-Quirk-Waterproof-Polyester-rectangular%2Fdp%2FB0DJZ9TPMG%2Fref%3Dsr_1_2_sspa%3Fkeywords%3DRKWI%2Bcover%26qid%3D1785347287%26sr%3D8-2-spons%26aref%3DuJC2Cia7U6%26sp_csd%3Dd2lkZ2V0TmFtZT1zcF9hdGY%26psc%3D1&aref=uJC2Cia7U6&sp_cr=ZAZ
B08NV7YXJ9,"Khooti Washable Jute Rectangular Table Cover Pack Of 1 Heat Resistant Table Cover For Kitchen Table/Dining Table Wedding Party, 50 X 100 Inches (Bondi Blue)",949,1920,4.1,0,RK World InfoCom Private Limited,https://www.amazon.in/sspa/click?ie=UTF8&spc=MTo1MDI5MTM2OTc3MjQ0NjE0OjE3ODUzNDcyODc6c3BfYXRmOjIwMDQ3NjY4MDMxMzA1OjowOjo&url=%2FKhooti-Washable-Resistant-Kitchen-Wedding%2Fdp%2FB08NV7YXJ9%2Fref%3Dsr_1_3_sspa%3Fkeywords%3DRKWI%2Bcover%26qid%3D1785347287%26sr%3D8-3-spons%26aref%3DcxTyPuhp2Z%26sp_csd%3Dd2lkZ2V0TmFtZT1zcF9hdGY%26psc%3D1&aref=cxTyPuhp2Z&sp_cr=ZAZ
B0D7711D15,UKARA All Weather Water Resistant Universal Auto Rickshaw Cover for All Auto Rickshaw Black (AA894),749,1499,4.4,0,RK World InfoCom Private Limited,https://www.amazon.in/sspa/click?ie=UTF8&spc=MTo1MDI5MTM2OTc3MjQ0NjE0OjE3ODUzNDcyODc6c3BfYXRmOjMwMDg3ODM1NDQwMjMzMjo6MDo6&url=%2FUKARA-Weather-Resistant-Universal-Rickshaw%2Fdp%2FB0D7711D15%2Fref%3Dsr_1_4_sspa%3Fkeywords%3DRKWI%2Bcover%26qid%3D1785347287%26sr%3D8-4-spons%26aref%3DQh7gXfLztO%26sp_csd%3Dd2lkZ2V0TmFtZT1zcF9hdGY%26psc%3D1&aref=Qh7gXfLztO&sp_cr=ZAZ
B0CK5MFZB6,"House of Quirk Dining Table Cover Waterproof with for Kitchen Dining Table Cloth Dust and Oil Repellent (Dark Sunrise, 1 Piece Table Cover Only 140x220cm)",749,1299,3.8,0,RK World InfoCom Private Limited,https://www.amazon.in/sspa/click?ie=UTF8&spc=MTo1MDI5MTM2OTc3MjQ0NjE0OjE3ODUzNDcyODc6c3BfYXRmOjMwMDU5NjEwNDk4ODQzMjo6MDo6&url=%2FHouse-Quirk-Waterproof-Repellent-140x220cm%2Fdp%2FB0CK5MFZB6%2Fref%3Dsr_1_5_sspa%3Fkeywords%3DRKWI%2Bcover%26qid%3D1785347287%26sr%3D8-5-spons%26aref%3Dp8BGkP3YAp%26sp_csd%3Dd2lkZ2V0TmFtZT1zcF9hdGY%26psc%3D1&aref=p8BGkP3YAp&sp_cr=ZAZ
B0FXSYHWPQ,100% Cotton Embroidered Table Cover 54x78 Inch | Premium Rectangular Dining Table Cloth for 6 Seater | Handcrafted Chikankari Embroidery,1409,2999,4.0,0,RK World InfoCom Private Limited,https://www.amazon.in/sspa/click?ie=UTF8&spc=MTo1NTgwMTMzNzgzOTQ0ODM1OjE3ODUzNDcyOTM6c3BfYXRmX25leHQ6MzAxMTE4NzgxMDUwNzMyOjowOjo&url=%2FArsha-Chikankari-Embroidered-Rectangular-Seater%2Fdp%2FB0FXSYHWPQ%2Fref%3Dsr_1_49_sspa%3Fkeywords%3DRKWI%2Bcover%26qid%3D1785347292%26sr%3D8-49-spons%26aref%3DvIxWJWXkzd%26sp_csd%3Dd2lkZ2V0TmFtZT1zcF9hdGZfbmV4dA%26psc%3D1&aref=vIxWJWXkzd&sp_cr=ZAZ
B07VDD9SC6,"HOME COLORS.IN Polycotton Plain Solid Water Resistant 4 Seater Square Table Cover, Red, 60 x 60 Inch, Pack of 1",465,800,4.1,0,RK World InfoCom Private Limited,https://www.amazon.in/sspa/click?ie=UTF8&spc=MTo1NTgwMTMzNzgzOTQ0ODM1OjE3ODUzNDcyOTM6c3BfYXRmX25leHQ6MjAxNjQ2NzEzNjQ1OTg6OjA6Og&url=%2FHome-Colors-Birthday-Celebration-Resistant%2Fdp%2FB07VDD9SC6%2Fref%3Dsr_1_50_sspa%3Fkeywords%3DRKWI%2Bcover%26qid%3D1785347292%26sr%3D8-50-spons%26aref%3D0E7Oh66gP0%26sp_csd%3Dd2lkZ2V0TmFtZT1zcF9hdGZfbmV4dA%26psc%3D1&aref=0E7Oh66gP0&sp_cr=ZAZ
B0F5HV8ZQ7,"The Furnishing Tree Premium Waterproof PVC Table Cover – Decorative Center Table Cover with Elegant Lace Border - Dimension WxL in Inches (36x60), Floral and Geometric Design",379,799,3.9,0,RK World InfoCom Private Limited,https://www.amazon.in/sspa/click?ie=UTF8&spc=MTo1NTgwMTMzNzgzOTQ0ODM1OjE3ODUzNDcyOTM6c3BfYXRmX25leHQ6MzAxMTgzNDg0NzE1MzMyOjowOjo&url=%2FFurnishing-Tree-Premium-Waterproof-Table%2Fdp%2FB0F5HV8ZQ7%2Fref%3Dsr_1_51_sspa%3Fkeywords%3DRKWI%2Bcover%26qid%3D1785347292%26sr%3D8-51-spons%26aref%3DsxrzDavkM6%26sp_csd%3Dd2lkZ2V0TmFtZT1zcF9hdGZfbmV4dA%26psc%3D1&aref=sxrzDavkM6&sp_cr=ZAZ
B09B9SYV3W,"Wings Star Dining Table Cover for 6 to 8 Seater, 60 x 90 inch Size, Waterproof and Dustproof (Flower Brown, 60x90 inch- 6-8 Seater)",349,999,3.3,0,RK World InfoCom Private Limited,https://www.amazon.in/sspa/click?ie=UTF8&spc=MTo1NTgwMTMzNzgzOTQ0ODM1OjE3ODUzNDcyOTM6c3BfYXRmX25leHQ6MzAwOTk3ODUxMjIyNzMyOjowOjo&url=%2FWings-Star-Dining-Seater-Waterproof%2Fdp%2FB09B9SYV3W%2Fref%3Dsr_1_52_sspa%3Fkeywords%3DRKWI%2Bcover%26qid%3D1785347292%26sr%3D8-52-spons%26aref%3DCe9nFvt9wk%26sp_csd%3Dd2lkZ2V0TmFtZT1zcF9hdGZfbmV4dA%26psc%3D1&aref=Ce9nFvt9wk&sp_cr=ZAZ
B0F5HX1KNK,"The Furnishing Tree Premium Waterproof PVC Table Cover – Decorative Center Table Cover with Elegant Lace Border - Dimension WxL in Inches (32x45), Beige and White Floral Pattern",379,799,3.7,0,RK World InfoCom Private Limited,https://www.amazon.in/sspa/click?ie=UTF8&spc=MTo1NTgwMTMzNzgzOTQ0ODM1OjE3ODUzNDcyOTM6c3BfYXRmX25leHQ6MzAxMTgzNDg0NzE0MDMyOjowOjo&url=%2FFurnishing-Tree-Premium-Waterproof-Table%2Fdp%2FB0F5HX1KNK%2Fref%3Dsr_1_53_sspa%3Fkeywords%3DRKWI%2Bcover%26qid%3D1785347292%26sr%3D8-53-spons%26aref%3D5suK2p6GKn%26sp_csd%3Dd2lkZ2V0TmFtZT1zcF9hdGZfbmV4dA%26psc%3D1&aref=5suK2p6GKn&sp_cr=ZAZ
B0GRTYRY14,"Wings Star Premium Center Table Cover, PVC Fabric, 40x60 inch Size | Table Cloth | PVC 4 Seater Rectangular Center Table Cover | Table Sheet for Dining, Party, Events | Waterproof Green & Beige",249,999,4.2,0,RK World InfoCom Private Limited,https://www.amazon.in/sspa/click?ie=UTF8&spc=MTo0MTIxODQ4NzAyMzIyMjU4OjE3ODUzNDcyOTg6c3BfYXRmX25leHQ6MzAxMDAwNjU3NjU0NjMyOjowOjo&url=%2FWings-Star-Premium-Rectangular-Waterproof%2Fdp%2FB0GRTYRY14%2Fref%3Dsr_1_98_sspa%3Fkeywords%3DRKWI%2Bcover%26qid%3D1785347298%26sr%3D8-98-spons%26aref%3DuV3EZ9kFPP%26sp_csd%3Dd2lkZ2V0TmFtZT1zcF9hdGZfbmV4dA%26psc%3D1&aref=uV3EZ9kFPP&sp_cr=ZAZ
B098MFY146,PVC Square Center Table Cover Size- 48x48 inches Transparent Cover for Square Center Table (Transparent Golden Border),349,1199,4.0,0,RK World InfoCom Private Limited,https://www.amazon.in/sspa/click?ie=UTF8&spc=MTozMDI4NjU4MDM2OTMyODI4OjE3ODUzNDczMDg6c3BfYXRmX25leHQ6MzAwMTg2MDk3ODMwODMyOjowOjo&url=%2FDasvilla-Transparent-Square-Center-Golden%2Fdp%2FB098MFY146%2Fref%3Dsr_1_196_sspa%3Fkeywords%3DRKWI%2Bcover%26qid%3D1785347307%26sr%3D8-196-spons%26aref%3DHCYPvl4K6O%26sp_csd%3Dd2lkZ2V0TmFtZT1zcF9hdGZfbmV4dA%26psc%3D1&aref=HCYPvl4K6O&sp_cr=ZAZ
B0C61ZSTVG,The Furnishing Tree Rectangular Shaped WxL 40x60 Inch Center Table Cover Waterproof PVC Mosaic Pattern Cream,369,799,3.9,0,RK World InfoCom Private Limited,https://www.amazon.in/sspa/click?ie=UTF8&spc=MTozMDI4NjU4MDM2OTMyODI4OjE3ODUzNDczMDg6c3BfYXRmX25leHQ6MzAwNjE3ODMxNDYxNTMyOjowOjo&url=%2FFurnishing-Tree-Rectangular-40x60-Waterproof%2Fdp%2FB0C61ZSTVG%2Fref%3Dsr_1_197_sspa%3Fkeywords%3DRKWI%2Bcover%26qid%3D1785347307%26sr%3D8-197-spons%26aref%3DEuNtj3lkzD%26sp_csd%3Dd2lkZ2V0TmFtZT1zcF9hdGZfbmV4dA%26psc%3D1&aref=EuNtj3lkzD&sp_cr=ZAZ
B09G6XCWMD,PVC Plastic Waterproof 6 Seater Central Table Cover with Good Touch and White Lace (for Size 54x78 inches),319,1099,4.0,0,RK World InfoCom Private Limited,https://www.amazon.in/sspa/click?ie=UTF8&spc=MTo1ODcxMDc3NDMxNDAyNDcxOjE3ODUzNDczNDQ6c3BfYXRmX25leHQ6MzAxMjEyMTAwNzY0NDMyOjowOjo&url=%2FSTYLZI-Plastic-Waterproof-Seater-Central%2Fdp%2FB09G6XCWMD%2Fref%3Dsr_1_581_sspa%3Fkeywords%3DRKWI%2Bcover%26qid%3D1785347344%26sr%3D8-581-spons%26aref%3DP6mnakl3gO%26sp_csd%3Dd2lkZ2V0TmFtZT1zcF9hdGZfbmV4dA%26psc%3D1&aref=P6mnakl3gO&sp_cr=ZAZ
